scenario,design,n,mae_model,mae_naive,bias_model,mase
baseline,one_step,35,0.33812339046932804,0.4503146011209663,0.06748403373476647,0.7508603754522702
dsir_channel,one_step,35,0.32774811667379294,0.4503146011209663,-0.05523322954374336,0.727820319078997
dsir_group,one_step,35,0.3212115725727431,0.4503146011209663,-0.08730816917040495,0.7133048135084948
per_species,one_step,35,0.32660089610666043,0.4503146011209663,-0.058441744007321605,0.7252727211013238
post_1987,one_step,35,0.3322130446507174,0.4503146011209663,-0.06595011348691866,0.7377354494474326
recent_2016,one_step,21,0.34551910934708074,0.4474676759335844,-0.21036105708534042,0.7721655170425419
thai_dof,one_step,35,0.3016227154713425,0.4503146011209663,0.09944887423847114,0.6698044316584768
baseline,5_year_ahead,35,0.35406287003229403,0.3916620689628441,0.10516947779083441,0.9040009183679285
dsir_channel,5_year_ahead,35,0.3817944316063692,0.3916620689628441,-0.1243606239723512,0.9748057365304604
dsir_group,5_year_ahead,35,0.34653862944327096,0.3916620689628441,-0.1056815480620345,0.8847898658170703
per_species,5_year_ahead,35,0.3659381110927532,0.3916620689628441,-0.07630558988099038,0.93432103869999406
post_1987,5_year_ahead,35,0.3305514030531407,0.3916620689628441,-0.09405764949503254,0.8439709362932951
thai_dof,5_year_ahead,35,0.3295269546698414,0.3916620689628441,0.08197711985628321,0.8413552926952002
