scenario,species,n,mae_model,mae_naive,bias_model,mase
baseline,ANC,5,0.24243379854745087,0.37252595527385945,-0.19939273860386403,0.650783643704041
baseline,DMF,5,0.69816507700961,1.1911529485873469,0.4115354484506568,0.5861254659509527
baseline,LPF,5,0.26953925979581905,0.28942809518099794,0.26953925979581905,0.9312822918150323
baseline,MPF,5,0.3509485381109775,0.4134866165541669,0.07181926968825696,0.8487542862587503
baseline,NTU,5,0.29310983325445356,0.2600483859450975,0.15230876360925472,1.1271357527915444
baseline,SAR,5,0.30748124585702075,0.28350996624907404,-0.18895424720016682,1.0845518057974972
baseline,SCP,5,0.2051859807099645,0.3420502400562212,-0.044467519596591384,0.5998708864412404
dsir_channel,ANC,5,0.30695718837330876,0.37252595527385945,-0.30695718837330876,0.823988728913269
dsir_channel,DMF,5,0.707887545152807,1.1911529485873469,0.4652406421233325,0.5942876991509188
dsir_channel,LPF,5,0.2307006508350534,0.28942809518099794,-0.04723329499522699,0.7970914181319595
dsir_channel,MPF,5,0.37756491887386306,0.4134866165541669,-0.13784145208729132,0.9131248842352844
dsir_channel,NTU,5,0.1383119416420062,0.2600483859450975,0.04678756904014485,0.53187002541599
dsir_channel,SAR,5,0.28271283120226876,0.28350996624907404,-0.2235786358210349,0.9971883350086361
dsir_channel,SCP,5,0.2501017406372432,0.3420502400562212,-0.18305024669281886,0.731184227779332
dsir_group,ANC,5,0.22138213447630273,0.37252595527385945,-0.14409737473044304,0.5942730468634204
dsir_group,DMF,5,0.7066666081821361,1.1911529485873469,0.4138225436716543,0.5932626947867699
dsir_group,LPF,5,0.2403886908614783,0.28942809518099794,-0.06701569602760578,0.83056446441783
dsir_group,MPF,5,0.3962954801825879,0.4134866165541669,-0.35051981859002046,0.9584239593657393
dsir_group,NTU,5,0.2049591224579887,0.2600483859450975,-0.1678422680353543,0.7881576411755177
dsir_group,SAR,5,0.2699517992008446,0.28350996624907404,-0.15357777522346033,0.9521774587764648
dsir_group,SCP,5,0.20883717264786328,0.3420502400562212,-0.14192679525760496,0.6105453181776387
per_species,ANC,5,0.25855885030164555,0.37252595527385945,-0.25678575100457895,0.694069357158129
per_species,DMF,5,0.644507207352579,1.1911529485873469,0.17081290006510674,0.5410784636153865
per_species,LPF,5,0.2277167692963391,0.28942809518099794,-0.0377564273311866,0.7867818400764902
per_species,MPF,5,0.38169686806653524,0.4134866165541669,-0.08011141306568348,0.9231178296590231
per_species,NTU,5,0.25067587109841444,0.2600483859450975,0.11087177807191131,0.9639585732761986
per_species,SAR,5,0.2791196017029985,0.28350996624907404,-0.17346487775777708,0.9845142496958345
per_species,SCP,5,0.24393110492811096,0.3420502400562212,-0.1426584170290431,0.713144083418907
post_1987,ANC,5,0.21854915052651752,0.37252595527385945,-0.1466785273204157,0.5866682507151827
post_1987,DMF,5,0.6507711131048097,1.1911529485873469,0.24221417513096993,0.5463371550031376
post_1987,LPF,5,0.22860469056671015,0.28942809518099794,-0.03813562299695472,0.7898496876184359
post_1987,MPF,5,0.43688367776779413,0.4134866165541669,-0.12079195999457752,1.0565848089802978
post_1987,NTU,5,0.20702098967584054,0.2600483859450975,-0.050602658950663536,0.7960864241608778
post_1987,SAR,5,0.3412302688843506,0.28350996624907404,-0.20469032963479242,1.2035917939638394
post_1987,SCP,5,0.2424314220289991,0.3420502400562212,-0.14296587064199667,0.7087596897729169
recent_2016,ANC,3,0.13991963535898075,0.26769323333962314,-0.06619923183785333,0.5226864856216381
recent_2016,DMF,3,0.6785454523548635,1.2688112817746293,-0.5549644652304135,0.5347883188789214
recent_2016,LPF,3,0.2773104105895439,0.29898607013462253,-0.09254682842496435,0.9275027778541025
recent_2016,MPF,3,0.3822145683631642,0.4427657319393649,-0.18809143519306173,0.8632433379363402
recent_2016,NTU,3,0.21140612090248298,0.2961336685388012,-0.19526546116803942,0.713887488530482
recent_2016,SAR,3,0.45244711953450684,0.3787094237658792,-0.22927920603149488,1.1947078449629835
recent_2016,SCP,3,0.2767904583260229,0.1791743220421705,-0.1461807717115557,1.5448109705188529
thai_dof,ANC,5,0.2616307139502737,0.37252595527385945,0.18023028175255346,0.7023153964075819
thai_dof,DMF,5,0.673375152612551,1.1911529485873469,0.371600278255006,0.5653137604294589
thai_dof,LPF,5,0.22231024004502542,0.28942809518099794,0.06361603661434731,0.768101797118212
thai_dof,MPF,5,0.35597045311358777,0.4134866165541669,0.12284032897555361,0.860899576581472
thai_dof,NTU,5,0.1225983257278189,0.2600483859450975,0.09140013555531643,0.47144428634793517
thai_dof,SAR,5,0.2666966998155756,0.28350996624907404,-0.022863817016288007,0.9406960303514432
thai_dof,SCP,5,0.208777423034565,0.3420502400562212,-0.11068112446719086,0.6103706373667483
