species,year,cutoff,horizon,B_proj,cpue_pred,cpue_obs,cpue_naive,scenario,peel
ANC,2023,2022,1,820.1697981332084,12.627978486602165,11.620189588654467,9.670712896110878,baseline,1
CMA,2023,2022,1,60.067666843817356,0.004406286319055232,NA,0.00293172690763052,baseline,1
DMF,2023,2022,1,183.8346837953796,0.6205376288255195,0.49158609242439266,1.0582687169226213,baseline,1
LPF,2023,2022,1,231.67445699384768,2.749669336057857,2.971088139469183,3.0040670153152296,baseline,1
MPF,2023,2022,1,113.02518411635293,0.07837476062030974,0.06544736842105262,0.11967652359302516,baseline,1
NTU,2023,2022,1,28.59252059897134,0.3310637832644764,0.31066452314777493,0.262905487759869,baseline,1
SAR,2023,2022,1,165.92535152487002,1.4959850976255136,0.7877984966191535,0.9396314451618436,baseline,1
SCP,2023,2022,1,90.41578189393056,1.387110599039405,1.2720672101834425,1.3023615838579825,baseline,1
ANC,2022,2021,1,839.9031521776182,12.279000468898227,9.670712896110878,10.34666461209007,baseline,2
ANC,2023,2021,2,909.5909774052132,13.297804644626785,11.620189588654467,10.34666461209007,baseline,2
CMA,2022,2021,1,62.97584578641865,0.004594780671989464,NA,0.00293172690763052,baseline,2
CMA,2023,2021,2,57.28561087710762,0.004179615443894654,NA,0.00293172690763052,baseline,2
DMF,2022,2021,1,164.06322161941378,0.5320952415039505,1.0582687169226213,0.3833456358538275,baseline,2
DMF,2023,2021,2,163.58724323734234,0.5305515327454666,0.49158609242439266,0.3833456358538275,baseline,2
LPF,2022,2021,1,246.55742275527516,2.926837911284603,3.0040670153152296,4.970937032567688,baseline,2
LPF,2023,2021,2,231.3226261392213,2.74598843691759,2.971088139469183,4.970937032567688,baseline,2
MPF,2022,2021,1,109.83816180071716,0.07020327465678186,0.11967652359302516,0.05882532751091702,baseline,2
MPF,2023,2021,2,109.88865965573001,0.07023555045898872,0.06544736842105262,0.05882532751091702,baseline,2
NTU,2022,2021,1,30.075984689470484,0.3507942433611397,0.262905487759869,0.4298561958845015,baseline,2
NTU,2023,2021,2,30.561464299368186,0.3564566831508816,0.31066452314777493,0.4298561958845015,baseline,2
SAR,2022,2021,1,185.96749117403252,1.7117621168533226,0.9396314451618436,1.7757065090593287,baseline,2
SAR,2023,2021,2,211.6949648772529,1.948574016446568,0.7877984966191535,1.7757065090593287,baseline,2
SCP,2022,2021,1,23.965232383831296,1.320089403061251,1.3023615838579825,1.439682798305725,baseline,2
SCP,2023,2021,2,24.58005902278342,1.3539562196980073,1.2720672101834425,1.439682798305725,baseline,2
ANC,2021,2020,1,753.6866412493325,10.615484954608803,10.34666461209007,5.958320968763964,baseline,3
ANC,2022,2020,2,830.721454669075,11.700500739793513,9.670712896110878,5.958320968763964,baseline,3
ANC,2023,2020,3,884.544666373419,12.45858700905402,11.620189588654467,5.958320968763964,baseline,3
CMA,2021,2020,1,57.13194029986132,0.004492686509633777,NA,0.00293172690763052,baseline,3
CMA,2022,2020,2,52.63999965096905,0.004139453606122484,NA,0.00293172690763052,baseline,3
CMA,2023,2020,3,47.55472560729279,0.003739562722425845,NA,0.00293172690763052,baseline,3
DMF,2021,2020,1,173.5498291898409,0.6217648324748444,0.3833456358538275,2.9020302341101365,baseline,3
DMF,2022,2020,2,180.3674608587554,0.6461898845321469,1.0582687169226213,2.9020302341101365,baseline,3
DMF,2023,2020,3,184.8508456010495,0.6622521934161475,0.49158609242439266,2.9020302341101365,baseline,3
LPF,2021,2020,1,199.70903603051534,2.7749547931512595,4.970937032567688,3.391696528557638,baseline,3
LPF,2022,2020,2,187.59490970508057,2.6066291450996184,3.0040670153152296,3.391696528557638,baseline,3
LPF,2023,2020,3,173.38611169929354,2.4091980577799035,2.971088139469183,3.391696528557638,baseline,3
MPF,2021,2020,1,115.19034111659077,0.07222335996950859,0.05882532751091702,0.05797671431916668,baseline,3
MPF,2022,2020,2,119.79068856222125,0.07510773852356016,0.11967652359302516,0.05797671431916668,baseline,3
MPF,2023,2020,3,120.99458736633134,0.07586257279050705,0.06544736842105262,0.05797671431916668,baseline,3
NTU,2021,2020,1,135.11292511330345,0.26758319510466905,0.4298561958845015,0.3415946700420802,baseline,3
NTU,2022,2020,2,136.43909613537596,0.2702095987521647,0.262905487759869,0.3415946700420802,baseline,3
NTU,2023,2020,3,136.75254607792604,0.2708303679129433,0.31066452314777493,0.3415946700420802,baseline,3
SAR,2021,2020,1,165.4462451023252,1.3785576988023893,1.7757065090593287,1.285029171299113,baseline,3
SAR,2022,2020,2,183.32000238273355,1.527488281604029,0.9396314451618436,1.285029171299113,baseline,3
SAR,2023,2020,3,192.79604293723224,1.6064460642511265,0.7877984966191535,1.285029171299113,baseline,3
SCP,2021,2020,1,93.11067814408217,1.3690481769921523,1.439682798305725,0.951875864518764,baseline,3
SCP,2022,2020,2,95.78926426751924,1.4084326334508777,1.3023615838579825,0.951875864518764,baseline,3
SCP,2023,2020,3,97.15391410779331,1.428497693799475,1.2720672101834425,0.951875864518764,baseline,3
ANC,2020,2019,1,725.0426734188674,12.701831562278894,5.958320968763964,11.169724519839384,baseline,4
ANC,2021,2019,2,845.5549044727746,14.81305358569881,10.34666461209007,11.169724519839384,baseline,4
ANC,2022,2019,3,955.4340841678638,16.737997983946805,9.670712896110878,11.169724519839384,baseline,4
ANC,2023,2019,4,1034.0555706498556,18.115347090532865,11.620189588654467,11.169724519839384,baseline,4
CMA,2020,2019,1,56.58784174400957,0.004480712708250752,NA,0.00293172690763052,baseline,4
CMA,2021,2019,2,52.33035617405701,0.004143598425207786,NA,0.00293172690763052,baseline,4
CMA,2022,2019,3,48.34258137419429,0.0038278402575042344,NA,0.00293172690763052,baseline,4
CMA,2023,2019,4,43.82788113255489,0.003470359319493414,NA,0.00293172690763052,baseline,4
DMF,2020,2019,1,115.29482363412924,0.46548343398226716,2.9020302341101365,0.5974387098186917,baseline,4
DMF,2021,2019,2,116.1946573751398,0.46911636117341227,0.3833456358538275,0.5974387098186917,baseline,4
DMF,2022,2019,3,119.10929069798716,0.4808837023701295,1.0582687169226213,0.5974387098186917,baseline,4
DMF,2023,2019,4,119.86531278889531,0.48393601424285615,0.49158609242439266,0.5974387098186917,baseline,4
LPF,2020,2019,1,200.2085137245439,2.927690357463601,3.391696528557638,4.604601765476088,baseline,4
LPF,2021,2019,2,193.15984320501516,2.8246161957855684,4.970937032567688,4.604601765476088,baseline,4
LPF,2022,2019,3,186.52366383487345,2.7275739771959353,3.0040670153152296,4.604601765476088,baseline,4
LPF,2023,2019,4,177.99123621648675,2.6028025296716013,2.971088139469183,4.604601765476088,baseline,4
MPF,2020,2019,1,131.88776381950836,0.07923498463197966,0.05797671431916668,0.11601638667606916,baseline,4
MPF,2021,2019,2,138.26434111827777,0.08306587833766163,0.05882532751091702,0.11601638667606916,baseline,4
MPF,2022,2019,3,144.24664722529457,0.08665990342934463,0.11967652359302516,0.11601638667606916,baseline,4
MPF,2023,2019,4,146.23040784287812,0.08785169891890095,0.06544736842105262,0.11601638667606916,baseline,4
NTU,2020,2019,1,125.69014572069739,0.2606512953628743,0.3415946700420802,0.347744517636968,baseline,4
NTU,2021,2019,2,126.88159377920952,0.2631220736249893,0.4298561958845015,0.347744517636968,baseline,4
NTU,2022,2019,3,128.0546091519877,0.2655546269062514,0.262905487759869,0.347744517636968,baseline,4
NTU,2023,2019,4,128.21397696545984,0.265885117628356,0.31066452314777493,0.347744517636968,baseline,4
SAR,2020,2019,1,162.2447687211318,1.2829361662187206,1.285029171299113,1.2096015716470407,baseline,4
SAR,2021,2019,2,179.2222689648013,1.41718424858388,1.7757065090593287,1.2096015716470407,baseline,4
SAR,2022,2019,3,186.61343391309666,1.4756292320332673,0.9396314451618436,1.2096015716470407,baseline,4
SAR,2023,2019,4,188.90737836702183,1.4937683950179053,0.7877984966191535,1.2096015716470407,baseline,4
SCP,2020,2019,1,30.700292226306242,1.6075532185352632,0.951875864518764,1.9560199988394813,baseline,4
SCP,2021,2019,2,31.654600339009853,1.6575234620346548,1.439682798305725,1.9560199988394813,baseline,4
SCP,2022,2019,3,32.11357897821165,1.6815568680768147,1.3023615838579825,1.9560199988394813,baseline,4
SCP,2023,2019,4,32.22949417629165,1.6876265122475302,1.2720672101834425,1.9560199988394813,baseline,4
ANC,2019,2018,1,592.5888578238402,10.030237698179608,11.169724519839384,17.190188776339156,baseline,5
ANC,2020,2018,2,693.3897192616822,11.7364064643554,5.958320968763964,17.190188776339156,baseline,5
ANC,2021,2018,3,796.8600328455392,13.487758732034697,10.34666461209007,17.190188776339156,baseline,5
ANC,2022,2018,4,888.4324707538337,15.037725976094878,9.670712896110878,17.190188776339156,baseline,5
ANC,2023,2018,5,950.0919446632101,16.081382419327564,11.620189588654467,17.190188776339156,baseline,5
CMA,2019,2018,1,48.694228662644406,0.00430185737680536,NA,0.00293172690763052,baseline,5
CMA,2020,2018,2,44.774749892999424,0.003955593782093896,NA,0.00293172690763052,baseline,5
CMA,2021,2018,3,41.47838302571838,0.0036643785700630656,NA,0.00293172690763052,baseline,5
CMA,2022,2018,4,38.376529938857836,0.0033903475411310043,NA,0.00293172690763052,baseline,5
CMA,2023,2018,5,34.80724842383317,0.0030750218765295432,NA,0.00293172690763052,baseline,5
DMF,2019,2018,1,103.68509349875175,0.4622273167417303,0.5974387098186917,1.055181899380611,baseline,5
DMF,2020,2018,2,104.5175291393461,0.4659383081632381,2.9020302341101365,1.055181899380611,baseline,5
DMF,2021,2018,3,107.26760691265513,0.4781981328602473,0.3833456358538275,1.055181899380611,baseline,5
DMF,2022,2018,4,111.80490785630452,0.49842538414259324,1.0582687169226213,1.055181899380611,baseline,5
DMF,2023,2018,5,114.08462817815347,0.508588359086552,0.49158609242439266,1.055181899380611,baseline,5
LPF,2019,2018,1,154.47409489237793,2.75369105553965,4.604601765476088,3.606002657964865,baseline,5
LPF,2020,2018,2,147.8089990877493,2.6348775113379013,3.391696528557638,3.606002657964865,baseline,5
LPF,2021,2018,3,142.967197607323,2.54856643478725,4.970937032567688,3.606002657964865,baseline,5
LPF,2022,2018,4,138.438415904809,2.467835321422301,3.0040670153152296,3.606002657964865,baseline,5
LPF,2023,2018,5,132.26502159681658,2.357786962180697,2.971088139469183,3.606002657964865,baseline,5
MPF,2019,2018,1,118.67411763527194,0.06873162546698883,0.11601638667606916,0.1108619298161498,baseline,5
MPF,2020,2018,2,122.80670185932227,0.07112506421132538,0.05797671431916668,0.1108619298161498,baseline,5
MPF,2021,2018,3,128.53501518937514,0.0744426897745403,0.05882532751091702,0.1108619298161498,baseline,5
MPF,2022,2018,4,133.988710504312,0.07760126681953114,0.11967652359302516,0.1108619298161498,baseline,5
MPF,2023,2018,5,135.86477581921972,0.07868781392133593,0.06544736842105262,0.1108619298161498,baseline,5
NTU,2019,2018,1,112.50177474462825,0.2404189792243866,0.347744517636968,0.515669359008297,baseline,5
NTU,2020,2018,2,112.70965212207884,0.2408632181442077,0.3415946700420802,0.515669359008297,baseline,5
NTU,2021,2018,3,113.36377218137416,0.24226108833161544,0.4298561958845015,0.515669359008297,baseline,5
NTU,2022,2018,4,114.003310384615,0.2436277967444132,0.262905487759869,0.515669359008297,baseline,5
NTU,2023,2018,5,113.68609700480737,0.24294990417656007,0.31066452314777493,0.515669359008297,baseline,5
SAR,2019,2018,1,151.64078055128084,1.160399320760093,1.2096015716470407,0.9698245108921388,baseline,5
SAR,2020,2018,2,169.98867837691284,1.3008027669626065,1.285029171299113,0.9698245108921388,baseline,5
SAR,2021,2018,3,178.18404058044584,1.3635160601795762,1.7757065090593287,0.9698245108921388,baseline,5
SAR,2022,2018,4,180.18649422014718,1.3788394173590601,0.9396314451618436,0.9698245108921388,baseline,5
SAR,2023,2018,5,179.94804676630275,1.3770147481475714,0.7877984966191535,0.9698245108921388,baseline,5
SCP,2019,2018,1,87.40436168717606,1.3763330005404826,1.9560199988394813,1.2441045134099813,baseline,5
SCP,2020,2018,2,89.71094751761727,1.4126541879015602,0.951875864518764,1.2441045134099813,baseline,5
SCP,2021,2018,3,93.7157230111546,1.475716311634453,1.439682798305725,1.2441045134099813,baseline,5
SCP,2022,2018,4,97.98762454178002,1.542984797304566,1.3023615838579825,1.2441045134099813,baseline,5
SCP,2023,2018,5,101.05018674383109,1.5912101414810598,1.2720672101834425,1.2441045134099813,baseline,5
ANC,2023,2022,1,772.852158653004,12.113735479009977,11.620189588654467,9.670712896110878,post_1987,1
CMA,2023,2022,1,309.56150987897865,0.011514615982632072,NA,0.00293172690763052,post_1987,1
DMF,2023,2022,1,353.344144535317,0.7262139628512947,0.49158609242439266,1.0582687169226213,post_1987,1
LPF,2023,2022,1,336.6718175954072,3.7462859430468964,2.971088139469183,3.0040670153152296,post_1987,1
MPF,2023,2022,1,133.3799680571725,0.08343320416444774,0.06544736842105262,0.11967652359302516,post_1987,1
NTU,2023,2022,1,261.8241173494017,0.38792114661467164,0.31066452314777493,0.262905487759869,post_1987,1
SAR,2023,2022,1,1313.3237941986624,1.3667303428858064,0.7877984966191535,0.9396314451618436,post_1987,1
SCP,2023,2022,1,176.67918955358982,1.52266042151624,1.2720672101834425,1.3023615838579825,post_1987,1
ANC,2022,2021,1,792.523067894659,11.622609377791264,9.670712896110878,10.34666461209007,post_1987,2
ANC,2023,2021,2,840.6109042656173,12.327833188433807,11.620189588654467,10.34666461209007,post_1987,2
CMA,2022,2021,1,304.5235450214017,0.011459298349235867,NA,0.00293172690763052,post_1987,2
CMA,2023,2021,2,304.0185984784571,0.011440297082566617,NA,0.00293172690763052,post_1987,2
DMF,2022,2021,1,311.2776295856451,0.6669207163065876,1.0582687169226213,0.3833456358538275,post_1987,2
DMF,2023,2021,2,316.93882806122423,0.6790499867187042,0.49158609242439266,0.3833456358538275,post_1987,2
LPF,2022,2021,1,342.38502108601523,3.9453202724677285,3.0040670153152296,4.970937032567688,post_1987,2
LPF,2023,2021,2,340.70381740108235,3.9259476756196707,2.971088139469183,4.970937032567688,post_1987,2
MPF,2022,2021,1,125.56834489121024,0.07302939375801115,0.11967652359302516,0.05882532751091702,post_1987,2
MPF,2023,2021,2,125.98176233360256,0.0732698335377427,0.06544736842105262,0.05882532751091702,post_1987,2
NTU,2022,2021,1,270.2318804827759,0.40092134650477873,0.262905487759869,0.4298561958845015,post_1987,2
NTU,2023,2021,2,283.3454430786188,0.42037688655433675,0.31066452314777493,0.4298561958845015,post_1987,2
SAR,2022,2021,1,1321.6792275174123,1.4437828607874754,0.9396314451618436,1.7757065090593287,post_1987,2
SAR,2023,2021,2,1406.7685793020555,1.5367332115113357,0.7877984966191535,1.7757065090593287,post_1987,2
SCP,2022,2021,1,125.2811507602371,1.5279105026008093,1.3023615838579825,1.439682798305725,post_1987,2
SCP,2023,2021,2,127.95135609497146,1.5604759344338015,1.2720672101834425,1.439682798305725,post_1987,2
ANC,2021,2020,1,758.8952516994813,10.3012238654068,10.34666461209007,5.958320968763964,post_1987,3
ANC,2022,2020,2,825.1107547120558,11.200031333717535,9.670712896110878,5.958320968763964,post_1987,3
ANC,2023,2020,3,867.5153644682136,11.77563037330195,11.620189588654467,5.958320968763964,post_1987,3
CMA,2021,2020,1,304.9140375468875,0.011425202868007807,NA,0.00293172690763052,post_1987,3
CMA,2022,2020,2,307.7651359690679,0.011532034216712304,NA,0.00293172690763052,post_1987,3
CMA,2023,2020,3,307.4712812174217,0.011521023407966676,NA,0.00293172690763052,post_1987,3
DMF,2021,2020,1,355.03957768937767,0.7206270756928886,0.3833456358538275,2.9020302341101365,post_1987,3
DMF,2022,2020,2,366.8099743581896,0.7445175573862063,1.0582687169226213,2.9020302341101365,post_1987,3
DMF,2023,2020,3,374.66067563968863,0.760452197528142,0.49158609242439266,2.9020302341101365,post_1987,3
LPF,2021,2020,1,321.6930005834614,3.796708991266986,4.970937032567688,3.391696528557638,post_1987,3
LPF,2022,2020,2,324.3080679292011,3.827572733052884,3.0040670153152296,3.391696528557638,post_1987,3
LPF,2023,2020,3,322.23097916202414,3.8030583619484544,2.971088139469183,3.391696528557638,post_1987,3
MPF,2021,2020,1,150.71877344077797,0.08110913254921345,0.05882532751091702,0.05797671431916668,post_1987,3
MPF,2022,2020,2,157.27351757855863,0.08463656047979128,0.11967652359302516,0.05797671431916668,post_1987,3
MPF,2023,2020,3,159.69961163057351,0.08594216017085467,0.06544736842105262,0.05797671431916668,post_1987,3
NTU,2021,2020,1,221.8848342669696,0.3294650012761456,0.4298561958845015,0.3415946700420802,post_1987,3
NTU,2022,2020,2,221.53493424093767,0.3289454533182873,0.262905487759869,0.3415946700420802,post_1987,3
NTU,2023,2020,3,220.10994188686774,0.32682955788404927,0.31066452314777493,0.3415946700420802,post_1987,3
SAR,2021,2020,1,1169.2345817834173,1.2621902794743847,1.7757065090593287,1.285029171299113,post_1987,3
SAR,2022,2020,2,1247.615691304865,1.346802791004354,0.9396314451618436,1.285029171299113,post_1987,3
SAR,2023,2020,3,1318.3410264544434,1.4231508839612057,0.7877984966191535,1.285029171299113,post_1987,3
SCP,2021,2020,1,122.6651233254125,1.5237882251774515,1.439682798305725,0.951875864518764,post_1987,3
SCP,2022,2020,2,128.0173602949122,1.5902755481539042,1.3023615838579825,0.951875864518764,post_1987,3
SCP,2023,2020,3,131.44404363636116,1.632842983669048,1.2720672101834425,0.951875864518764,post_1987,3
ANC,2020,2019,1,718.9253338344658,11.850994140951654,5.958320968763964,11.169724519839384,post_1987,4
ANC,2021,2019,2,816.9062193790834,13.46614225977129,10.34666461209007,11.169724519839384,post_1987,4
ANC,2022,2019,3,900.1416161537812,14.83822104608355,9.670712896110878,11.169724519839384,post_1987,4
ANC,2023,2019,4,953.2434800073001,15.713569079856644,11.620189588654467,11.169724519839384,post_1987,4
CMA,2020,2019,1,307.14917591534135,0.01149159218898532,NA,0.00293172690763052,post_1987,4
CMA,2021,2019,2,310.67950093014764,0.011623674768220075,NA,0.00293172690763052,post_1987,4
CMA,2022,2019,3,312.4488177712877,0.011689871486902105,NA,0.00293172690763052,post_1987,4
CMA,2023,2019,4,311.71661891624103,0.011662477206522342,NA,0.00293172690763052,post_1987,4
DMF,2020,2019,1,228.18361349184943,0.5488992463867661,2.9020302341101365,0.5974387098186917,post_1987,4
DMF,2021,2019,2,232.14992576401227,0.5584402725095843,0.3833456358538275,0.5974387098186917,post_1987,4
DMF,2022,2019,3,238.30446614993664,0.573245115539259,1.0582687169226213,0.5974387098186917,post_1987,4
DMF,2023,2019,4,241.22262818082314,0.5802647998850207,0.49158609242439266,0.5974387098186917,post_1987,4
LPF,2020,2019,1,333.9875897171263,3.9899602426028844,3.391696528557638,4.604601765476088,post_1987,4
LPF,2021,2019,2,339.4362790772386,4.055052643010799,4.970937032567688,4.604601765476088,post_1987,4
LPF,2022,2019,3,341.98053001526245,4.085447365456978,3.0040670153152296,4.604601765476088,post_1987,4
LPF,2023,2019,4,339.67209505349234,4.057869802686162,2.971088139469183,4.604601765476088,post_1987,4
MPF,2020,2019,1,544.7247702899368,0.13298115260258253,0.05797671431916668,0.11601638667606916,post_1987,4
MPF,2021,2019,2,552.5192189534154,0.1348839755027039,0.05882532751091702,0.11601638667606916,post_1987,4
MPF,2022,2019,3,555.336051771484,0.13557163594200458,0.11967652359302516,0.11601638667606916,post_1987,4
MPF,2023,2019,4,552.7862069770824,0.134949154060858,0.06544736842105262,0.11601638667606916,post_1987,4
NTU,2020,2019,1,231.99558098318855,0.32698698641163587,0.3415946700420802,0.347744517636968,post_1987,4
NTU,2021,2019,2,232.9323995065645,0.3283073885696214,0.4298561958845015,0.347744517636968,post_1987,4
NTU,2022,2019,3,232.81549075613341,0.32814261112072945,0.262905487759869,0.347744517636968,post_1987,4
NTU,2023,2019,4,231.50809142230185,0.3262998925379253,0.31066452314777493,0.347744517636968,post_1987,4
SAR,2020,2019,1,240.20238393897222,1.5892017139414907,1.285029171299113,1.2096015716470407,post_1987,4
SAR,2021,2019,2,261.62107525755624,1.7309098035769606,1.7757065090593287,1.2096015716470407,post_1987,4
SAR,2022,2019,3,266.8220663776486,1.7653200532451954,0.9396314451618436,1.2096015716470407,post_1987,4
SAR,2023,2019,4,258.68783542816055,1.711503211153376,0.7877984966191535,1.2096015716470407,post_1987,4
SCP,2020,2019,1,135.60667900569013,1.6784289862171575,0.951875864518764,1.9560199988394813,post_1987,4
SCP,2021,2019,2,143.5182361933509,1.776351795088005,1.439682798305725,1.9560199988394813,post_1987,4
SCP,2022,2019,3,151.22823459990906,1.871779873587828,1.3023615838579825,1.9560199988394813,post_1987,4
SCP,2023,2019,4,156.6889913262183,1.9393686711553366,1.2720672101834425,1.9560199988394813,post_1987,4
ANC,2019,2018,1,617.4782755731558,9.373924921780159,11.169724519839384,17.190188776339156,post_1987,5
ANC,2020,2018,2,705.5397190068422,10.71078387197519,5.958320968763964,17.190188776339156,post_1987,5
ANC,2021,2018,3,792.2691680450248,12.027421842819821,10.34666461209007,17.190188776339156,post_1987,5
ANC,2022,2018,4,865.7947426647328,13.143612069392791,9.670712896110878,17.190188776339156,post_1987,5
ANC,2023,2018,5,912.2422431722808,13.848730613292913,11.620189588654467,17.190188776339156,post_1987,5
CMA,2019,2018,1,302.0331752007236,0.01135216373904786,NA,0.00293172690763052,post_1987,5
CMA,2020,2018,2,307.6750744530873,0.011564219133523913,NA,0.00293172690763052,post_1987,5
CMA,2021,2018,3,311.5348697630806,0.01170929269482768,NA,0.00293172690763052,post_1987,5
CMA,2022,2018,4,313.51034426712727,0.011783542518600676,NA,0.00293172690763052,post_1987,5
CMA,2023,2018,5,313.03938554147527,0.01176584114998651,NA,0.00293172690763052,post_1987,5
DMF,2019,2018,1,219.14638819751622,0.5376231352366815,0.5974387098186917,1.055181899380611,post_1987,5
DMF,2020,2018,2,221.537146409559,0.5434882874580944,2.9020302341101365,1.055181899380611,post_1987,5
DMF,2021,2018,3,226.23854710649894,0.5550220471676757,0.3833456358538275,1.055181899380611,post_1987,5
DMF,2022,2018,4,232.81596595539315,0.5711581677416556,1.0582687169226213,1.055181899380611,post_1987,5
DMF,2023,2018,5,235.91038054587273,0.578749572224929,0.49158609242439266,1.055181899380611,post_1987,5
LPF,2019,2018,1,321.5072507540962,3.744758922888073,4.604601765476088,3.606002657964865,post_1987,5
LPF,2020,2018,2,328.4099229236996,3.8251578661102394,3.391696528557638,3.606002657964865,post_1987,5
LPF,2021,2018,3,335.93678831122844,3.912827106089167,4.970937032567688,3.606002657964865,post_1987,5
LPF,2022,2018,4,341.09421293356814,3.9728982610268235,3.0040670153152296,3.606002657964865,post_1987,5
LPF,2023,2018,5,341.1355873296475,3.973380169719501,2.971088139469183,3.606002657964865,post_1987,5
MPF,2019,2018,1,181.24340080278125,0.08626574613279028,0.11601638667606916,0.1108619298161498,post_1987,5
MPF,2020,2018,2,190.7194107615445,0.09077600728345128,0.05797671431916668,0.1108619298161498,post_1987,5
MPF,2021,2018,3,201.96557458842486,0.09612880197479069,0.05882532751091702,0.1108619298161498,post_1987,5
MPF,2022,2018,4,211.98644892016463,0.10089840019078926,0.11967652359302516,0.1108619298161498,post_1987,5
MPF,2023,2018,5,216.3466278716297,0.10297369831946379,0.06544736842105262,0.1108619298161498,post_1987,5
NTU,2019,2018,1,234.73426128727766,0.32057213404133167,0.347744517636968,0.515669359008297,post_1987,5
NTU,2020,2018,2,238.3610915430466,0.3255252274181634,0.3415946700420802,0.515669359008297,post_1987,5
NTU,2021,2018,3,239.13798405921855,0.32658621481073324,0.4298561958845015,0.515669359008297,post_1987,5
NTU,2022,2018,4,239.0506508691377,0.3264669455274027,0.262905487759869,0.515669359008297,post_1987,5
NTU,2023,2018,5,237.8331425230597,0.32480421744256766,0.31066452314777493,0.515669359008297,post_1987,5
SAR,2019,2018,1,220.78292539640344,1.436448415638742,1.2096015716470407,0.9698245108921388,post_1987,5
SAR,2020,2018,2,254.83656194782287,1.6580067276467814,1.285029171299113,0.9698245108921388,post_1987,5
SAR,2021,2018,3,279.8874187498337,1.8209915395339948,1.7757065090593287,0.9698245108921388,post_1987,5
SAR,2022,2018,4,287.8053255289617,1.8725066855881238,0.9396314451618436,0.9698245108921388,post_1987,5
SAR,2023,2018,5,279.11766010021,1.8159833687676596,0.7877984966191535,0.9698245108921388,post_1987,5
SCP,2019,2018,1,117.92959770301896,1.5253866477752482,1.9560199988394813,1.2441045134099813,post_1987,5
SCP,2020,2018,2,123.25483257810303,1.5942670843487412,0.951875864518764,1.2441045134099813,post_1987,5
SCP,2021,2018,3,130.45431887070853,1.687390443331422,1.439682798305725,1.2441045134099813,post_1987,5
SCP,2022,2018,4,137.52335610373387,1.7788264798982363,1.3023615838579825,1.2441045134099813,post_1987,5
SCP,2023,2018,5,142.52025428757295,1.8434599724088732,1.2720672101834425,1.2441045134099813,post_1987,5
ANC,2023,2022,1,247.46588107311632,10.92482689082466,11.620189588654467,9.670712896110878,thai_dof,1
CMA,2023,2022,1,74.08670066495758,0.005677683775159648,NA,0.00293172690763052,thai_dof,1
DMF,2023,2022,1,188.37677274120165,0.6152414289776282,0.49158609242439266,1.0582687169226213,thai_dof,1
LPF,2023,2022,1,254.7599956980456,3.4132102102419246,2.971088139469183,3.0040670153152296,thai_dof,1
MPF,2023,2022,1,226.06702246682255,0.07363071928674643,0.06544736842105262,0.11967652359302516,thai_dof,1
NTU,2023,2022,1,236.48354860914986,0.3358649355725685,0.31066452314777493,0.262905487759869,thai_dof,1
SAR,2023,2022,1,130.17187287711735,1.271377606383612,0.7877984966191535,0.9396314451618436,thai_dof,1
SCP,2023,2022,1,128.25031608403268,1.4394408648018255,1.2720672101834425,1.3023615838579825,thai_dof,1
ANC,2022,2021,1,238.38833808050248,10.301580527539462,9.670712896110878,10.34666461209007,thai_dof,2
ANC,2023,2021,2,252.7771239120929,10.923369483875037,11.620189588654467,10.34666461209007,thai_dof,2
CMA,2022,2021,1,74.51410069282974,0.005458018226884803,NA,0.00293172690763052,thai_dof,2
CMA,2023,2021,2,69.1269482119635,0.005063419403867604,NA,0.00293172690763052,thai_dof,2
DMF,2022,2021,1,163.87929244039267,0.5134037166706593,1.0582687169226213,0.3833456358538275,thai_dof,2
DMF,2023,2021,2,164.65944333231215,0.5158477860921884,0.49158609242439266,0.3833456358538275,thai_dof,2
LPF,2022,2021,1,229.27452277043096,3.835957366432996,3.0040670153152296,4.970937032567688,thai_dof,2
LPF,2023,2021,2,229.78998361175343,3.844581463814101,2.971088139469183,4.970937032567688,thai_dof,2
MPF,2022,2021,1,158.36797963019896,0.05905254932542021,0.11967652359302516,0.05882532751091702,thai_dof,2
MPF,2023,2021,2,152.12827697445147,0.05672587729414917,0.06544736842105262,0.05882532751091702,thai_dof,2
NTU,2022,2021,1,105.26388426576048,0.25542634028588307,0.262905487759869,0.4298561958845015,thai_dof,2
NTU,2023,2021,2,149.16561954913396,0.361955371148173,0.31066452314777493,0.4298561958845015,thai_dof,2
SAR,2022,2021,1,125.89435926497974,1.2008381280927056,0.9396314451618436,1.7757065090593287,thai_dof,2
SAR,2023,2021,2,148.49160131475375,1.4163809848301858,0.7877984966191535,1.7757065090593287,thai_dof,2
SCP,2022,2021,1,43.45312049055763,1.2877535081258937,1.3023615838579825,1.439682798305725,thai_dof,2
SCP,2023,2021,2,56.216532975360096,1.6660031946250204,1.2720672101834425,1.439682798305725,thai_dof,2
ANC,2021,2020,1,212.05160041662214,6.797176504651308,10.34666461209007,5.958320968763964,thai_dof,3
ANC,2022,2020,2,206.08951452560316,6.6060657087057635,9.670712896110878,5.958320968763964,thai_dof,3
ANC,2023,2020,3,202.9960685206079,6.5069073035711185,11.620189588654467,5.958320968763964,thai_dof,3
CMA,2021,2020,1,69.08025718100244,0.005516464640873439,NA,0.00293172690763052,thai_dof,3
CMA,2022,2020,2,65.26076752849903,0.005211455938328952,NA,0.00293172690763052,thai_dof,3
CMA,2023,2020,3,60.643509481230375,0.004842740739588341,NA,0.00293172690763052,thai_dof,3
DMF,2021,2020,1,172.11761118046962,0.6061806808120968,0.3833456358538275,2.9020302341101365,thai_dof,3
DMF,2022,2020,2,179.33108339970772,0.6315857946228621,1.0582687169226213,2.9020302341101365,thai_dof,3
DMF,2023,2020,3,184.17288120673962,0.6486381129236529,0.49158609242439266,2.9020302341101365,thai_dof,3
LPF,2021,2020,1,225.9244795530668,3.46558658030274,4.970937032567688,3.391696528557638,thai_dof,3
LPF,2022,2020,2,228.00952960038813,3.497570371866855,3.0040670153152296,3.391696528557638,thai_dof,3
LPF,2023,2020,3,225.007230890426,3.4515163712561727,2.971088139469183,3.391696528557638,thai_dof,3
MPF,2021,2020,1,204.23985384813432,0.06722009452132922,0.05882532751091702,0.05797671431916668,thai_dof,3
MPF,2022,2020,2,202.31670296092437,0.06658714075652113,0.11967652359302516,0.05797671431916668,thai_dof,3
MPF,2023,2020,3,198.24265746169834,0.06524627746083056,0.06544736842105262,0.05797671431916668,thai_dof,3
NTU,2021,2020,1,202.0609427456164,0.3295652281108312,0.4298561958845015,0.3415946700420802,thai_dof,3
NTU,2022,2020,2,207.68136786805556,0.3387322480325805,0.262905487759869,0.3415946700420802,thai_dof,3
NTU,2023,2020,3,211.45187396903353,0.34488201496119714,0.31066452314777493,0.3415946700420802,thai_dof,3
SAR,2021,2020,1,136.69258863013033,1.2256848850224837,1.7757065090593287,1.285029171299113,thai_dof,3
SAR,2022,2020,2,139.65453595430355,1.252243852863054,0.9396314451618436,1.285029171299113,thai_dof,3
SAR,2023,2020,3,138.89910247814709,1.2454700884428747,0.7877984966191535,1.285029171299113,thai_dof,3
SCP,2021,2020,1,116.02084634963056,1.5017619406714147,1.439682798305725,0.951875864518764,thai_dof,3
SCP,2022,2020,2,122.67147917803598,1.587847050178211,1.3023615838579825,0.951875864518764,thai_dof,3
SCP,2023,2020,3,127.06568127985037,1.6447251516897001,1.2720672101834425,0.951875864518764,thai_dof,3
ANC,2020,2019,1,244.13174967273218,6.85579651966049,5.958320968763964,11.169724519839384,thai_dof,4
ANC,2021,2019,2,245.06866585789322,6.88210734047774,10.34666461209007,11.169724519839384,thai_dof,4
ANC,2022,2019,3,244.89148293944453,6.877131625367877,9.670712896110878,11.169724519839384,thai_dof,4
ANC,2023,2019,4,240.0627251449598,6.741528694056852,11.620189588654467,11.169724519839384,thai_dof,4
CMA,2020,2019,1,71.45210956906972,0.005810817181929546,NA,0.00293172690763052,thai_dof,4
CMA,2021,2019,2,67.93082197454645,0.005524449731336757,NA,0.00293172690763052,thai_dof,4
CMA,2022,2019,3,64.58905108793239,0.005252681412624796,NA,0.00293172690763052,thai_dof,4
CMA,2023,2019,4,60.51524944239914,0.004921380955011929,NA,0.00293172690763052,thai_dof,4
DMF,2020,2019,1,120.80379680482584,0.43880465322237894,2.9020302341101365,0.5974387098186917,thai_dof,4
DMF,2021,2019,2,120.80875708784046,0.4388226708288258,0.3833456358538275,0.5974387098186917,thai_dof,4
DMF,2022,2019,3,123.49423813104806,0.44857734418403367,1.0582687169226213,0.5974387098186917,thai_dof,4
DMF,2023,2019,4,124.88924784107645,0.4536445421384146,0.49158609242439266,0.5974387098186917,thai_dof,4
LPF,2020,2019,1,311.7969315525952,3.437996052313178,3.391696528557638,4.604601765476088,thai_dof,4
LPF,2021,2019,2,315.1954975045652,3.475469982118122,4.970937032567688,4.604601765476088,thai_dof,4
LPF,2022,2019,3,318.447600662744,3.5113289553410443,3.0040670153152296,4.604601765476088,thai_dof,4
LPF,2023,2019,4,317.96300172580067,3.505985576161941,2.971088139469183,4.604601765476088,thai_dof,4
MPF,2020,2019,1,243.2023915500925,0.08077366632039268,0.05797671431916668,0.11601638667606916,thai_dof,4
MPF,2021,2019,2,245.25941894545562,0.08145685715328686,0.05882532751091702,0.11601638667606916,thai_dof,4
MPF,2022,2019,3,247.26113875275405,0.08212167893711518,0.11967652359302516,0.11601638667606916,thai_dof,4
MPF,2023,2019,4,246.55554631689148,0.08188733384038607,0.06544736842105262,0.11601638667606916,thai_dof,4
NTU,2020,2019,1,146.1101387005074,0.30324520696369706,0.3415946700420802,0.347744517636968,thai_dof,4
NTU,2021,2019,2,147.53384499442097,0.30620004715201754,0.4298561958845015,0.347744517636968,thai_dof,4
NTU,2022,2019,3,146.8078583429746,0.30469329358701,0.262905487759869,0.347744517636968,thai_dof,4
NTU,2023,2019,4,144.53396339391256,0.29997392400338757,0.31066452314777493,0.347744517636968,thai_dof,4
SAR,2020,2019,1,127.04512925089807,1.125472639345617,1.285029171299113,1.2096015716470407,thai_dof,4
SAR,2021,2019,2,130.0703974942084,1.1522730106357495,1.7757065090593287,1.2096015716470407,thai_dof,4
SAR,2022,2019,3,129.0801214206436,1.1435003120461424,0.9396314451618436,1.2096015716470407,thai_dof,4
SAR,2023,2019,4,127.53962770734604,1.129853322699732,0.7877984966191535,1.2096015716470407,thai_dof,4
SCP,2020,2019,1,121.11525675420138,1.7922970010150714,0.951875864518764,1.9560199988394813,thai_dof,4
SCP,2021,2019,2,133.22900060187337,1.9715595262418457,1.439682798305725,1.9560199988394813,thai_dof,4
SCP,2022,2019,3,145.90297284301687,2.15911246587562,1.3023615838579825,1.9560199988394813,thai_dof,4
SCP,2023,2019,4,156.40013129304666,2.314452314160388,1.2720672101834425,1.9560199988394813,thai_dof,4
ANC,2019,2018,1,220.811238017901,5.99195379114271,11.169724519839384,17.190188776339156,thai_dof,5
ANC,2020,2018,2,234.69340812830958,6.3686616189191545,5.958320968763964,17.190188776339156,thai_dof,5
ANC,2021,2018,3,233.20601726742845,6.3282996455532645,10.34666461209007,17.190188776339156,thai_dof,5
ANC,2022,2018,4,234.2418440995978,6.356407936461363,9.670712896110878,17.190188776339156,thai_dof,5
ANC,2023,2018,5,228.75173089376236,6.2074277263379924,11.620189588654467,17.190188776339156,thai_dof,5
CMA,2019,2018,1,56.40190838761794,0.005058519021863859,NA,0.00293172690763052,thai_dof,5
CMA,2020,2018,2,52.94402450029996,0.00474839172441173,NA,0.00293172690763052,thai_dof,5
CMA,2021,2018,3,50.089504730346604,0.0044923783559391575,NA,0.00293172690763052,thai_dof,5
CMA,2022,2018,4,47.368223919465116,0.004248314792503082,NA,0.00293172690763052,thai_dof,5
CMA,2023,2018,5,44.031383888198604,0.003949043557652737,NA,0.00293172690763052,thai_dof,5
DMF,2019,2018,1,78.50475064666536,0.6419241474336659,0.5974387098186917,1.055181899380611,thai_dof,5
DMF,2020,2018,2,84.57646605788304,0.6915718529126376,2.9020302341101365,1.055181899380611,thai_dof,5
DMF,2021,2018,3,85.60765522612303,0.7000037659142414,0.3833456358538275,1.055181899380611,thai_dof,5
DMF,2022,2018,4,85.2472797650165,0.6970570179948956,1.0582687169226213,1.055181899380611,thai_dof,5
DMF,2023,2018,5,84.29539953102677,0.6892736048558238,0.49158609242439266,1.055181899380611,thai_dof,5
LPF,2019,2018,1,264.9425319470506,3.231566325256624,4.604601765476088,3.606002657964865,thai_dof,5
LPF,2020,2018,2,265.5621336258985,3.239123752543676,3.391696528557638,3.606002657964865,thai_dof,5
LPF,2021,2018,3,268.950157140791,3.2804482715608505,4.970937032567688,3.606002657964865,thai_dof,5
LPF,2022,2018,4,272.3391161678612,3.321784201239907,3.0040670153152296,3.606002657964865,thai_dof,5
LPF,2023,2018,5,272.6464937541016,3.325533357894874,2.971088139469183,3.606002657964865,thai_dof,5
MPF,2019,2018,1,197.79958757479443,0.07102765033817282,0.11601638667606916,0.1108619298161498,thai_dof,5
MPF,2020,2018,2,197.33324315087415,0.07086019119892238,0.05797671431916668,0.1108619298161498,thai_dof,5
MPF,2021,2018,3,198.6738873641259,0.07134160174974435,0.05882532751091702,0.1108619298161498,thai_dof,5
MPF,2022,2018,4,199.9957411457018,0.07181626486379387,0.11967652359302516,0.1108619298161498,thai_dof,5
MPF,2023,2018,5,198.44926044931634,0.0712609407020786,0.06544736842105262,0.1108619298161498,thai_dof,5
NTU,2019,2018,1,174.36548294769736,0.30799760039795965,0.347744517636968,0.515669359008297,thai_dof,5
NTU,2020,2018,2,178.84167825406152,0.31590431100355765,0.3415946700420802,0.515669359008297,thai_dof,5
NTU,2021,2018,3,184.94225911373888,0.32668032145040715,0.4298561958845015,0.515669359008297,thai_dof,5
NTU,2022,2018,4,191.0662646580087,0.3374977090466935,0.262905487759869,0.515669359008297,thai_dof,5
NTU,2023,2018,5,195.59119487898104,0.3454905045614213,0.31066452314777493,0.515669359008297,thai_dof,5
SAR,2019,2018,1,130.66321026082434,1.0876134130234276,1.2096015716470407,0.9698245108921388,thai_dof,5
SAR,2020,2018,2,137.05012438107875,1.140776759088101,1.285029171299113,0.9698245108921388,thai_dof,5
SAR,2021,2018,3,137.65499766761036,1.1458115986446844,1.7757065090593287,0.9698245108921388,thai_dof,5
SAR,2022,2018,4,136.23159469885678,1.1339634880872942,0.9396314451618436,0.9698245108921388,thai_dof,5
SAR,2023,2018,5,134.45436301289377,1.1191701808063452,0.7877984966191535,0.9698245108921388,thai_dof,5
SCP,2019,2018,1,108.64499588691173,1.5479802786809735,1.9560199988394813,1.2441045134099813,thai_dof,5
SCP,2020,2018,2,116.26241240230752,1.656513676322272,0.951875864518764,1.2441045134099813,thai_dof,5
SCP,2021,2018,3,126.50692002103828,1.8024780222098549,1.439682798305725,1.2441045134099813,thai_dof,5
SCP,2022,2018,4,136.89343121643432,1.9504656433931433,1.3023615838579825,1.2441045134099813,thai_dof,5
SCP,2023,2018,5,144.84304310426316,2.0637321802001947,1.2720672101834425,1.2441045134099813,thai_dof,5
ANC,2023,2022,1,135.96749684202078,10.403720283288832,11.620189588654467,9.670712896110878,recent_2016,1
CMA,2023,2022,1,613.9259755423868,1.5957254374644472,NA,0.00293172690763052,recent_2016,1
DMF,2023,2022,1,372.92847140366246,0.9363849105783413,0.49158609242439266,1.0582687169226213,recent_2016,1
LPF,2023,2022,1,383.2840712380029,3.7195846651923676,2.971088139469183,3.0040670153152296,recent_2016,1
MPF,2023,2022,1,369.854860312207,0.09307634715646722,0.06544736842105262,0.11967652359302516,recent_2016,1
NTU,2023,2022,1,136.58703659330493,0.37589305399408857,0.31066452314777493,0.262905487759869,recent_2016,1
SAR,2023,2022,1,331.69815242535356,1.447837312278054,0.7877984966191535,0.9396314451618436,recent_2016,1
SCP,2023,2022,1,264.28471580286504,1.7742441044290052,1.2720672101834425,1.3023615838579825,recent_2016,1
ANC,2022,2021,1,168.05080763886747,11.147748847166312,9.670712896110878,10.34666461209007,recent_2016,2
ANC,2023,2021,2,165.9245918548852,11.00670507660824,11.620189588654467,10.34666461209007,recent_2016,2
CMA,2022,2021,1,409.42392471440166,1.0642306554031087,NA,0.00293172690763052,recent_2016,2
CMA,2023,2021,2,409.01816584944913,1.0631759514722496,NA,0.00293172690763052,recent_2016,2
DMF,2022,2021,1,353.0242739197653,0.879204995753798,1.0582687169226213,0.3833456358538275,recent_2016,2
DMF,2023,2021,2,354.9791899737278,0.8840737033410665,0.49158609242439266,0.3833456358538275,recent_2016,2
LPF,2022,2021,1,406.51852383936057,4.178988161466224,3.0040670153152296,4.970937032567688,recent_2016,2
LPF,2023,2021,2,407.8845931958281,4.1930312796358535,2.971088139469183,4.970937032567688,recent_2016,2
MPF,2022,2021,1,452.65269434022355,0.08944355594787197,0.11967652359302516,0.05882532751091702,recent_2016,2
MPF,2023,2021,2,452.68930579055973,0.08945079032059838,0.06544736842105262,0.05882532751091702,recent_2016,2
NTU,2022,2021,1,191.88494136860027,0.3998985671227703,0.262905487759869,0.4298561958845015,recent_2016,2
NTU,2023,2021,2,209.90529075156076,0.4374539471640559,0.31066452314777493,0.4298561958845015,recent_2016,2
SAR,2022,2021,1,451.9474588628615,1.4215361136607454,0.9396314451618436,1.7757065090593287,recent_2016,2
SAR,2023,2021,2,452.4816556566722,1.4232163532977031,0.7877984966191535,1.7757065090593287,recent_2016,2
SCP,2022,2021,1,133.64334924626755,1.070648660420455,1.3023615838579825,1.439682798305725,recent_2016,2
SCP,2023,2021,2,219.29794773517352,1.7568480234879764,1.2720672101834425,1.439682798305725,recent_2016,2
ANC,2021,2020,1,255.34824602423643,12.227737756631413,10.34666461209007,5.958320968763964,recent_2016,3
ANC,2022,2020,2,244.34002665657334,11.700592488586459,9.670712896110878,5.958320968763964,recent_2016,3
ANC,2023,2020,3,244.45503708787055,11.706099937394413,11.620189588654467,5.958320968763964,recent_2016,3
CMA,2021,2020,1,386.61803101663253,1.0049765952987044,NA,0.00293172690763052,recent_2016,3
CMA,2022,2020,2,391.4707138145845,1.0175906801191317,NA,0.00293172690763052,recent_2016,3
CMA,2023,2020,3,390.8347981329531,1.0159376781240037,NA,0.00293172690763052,recent_2016,3
DMF,2021,2020,1,470.0324935193264,1.2802521987109825,0.3833456358538275,2.9020302341101365,recent_2016,3
DMF,2022,2020,2,506.54079646901283,1.379691781648286,1.0582687169226213,2.9020302341101365,recent_2016,3
DMF,2023,2020,3,511.61730193882255,1.3935189263225405,0.49158609242439266,2.9020302341101365,recent_2016,3
LPF,2021,2020,1,322.4756415109678,3.767693410752793,4.970937032567688,3.391696528557638,recent_2016,3
LPF,2022,2020,2,323.7121839341117,3.7821407430162965,3.0040670153152296,3.391696528557638,recent_2016,3
LPF,2023,2020,3,321.38923298589623,3.7550001908180444,2.971088139469183,3.391696528557638,recent_2016,3
MPF,2021,2020,1,486.5907880622954,0.09730571253672535,0.05882532751091702,0.05797671431916668,recent_2016,3
MPF,2022,2020,2,487.5907679731721,0.09750568294335336,0.11967652359302516,0.05797671431916668,recent_2016,3
MPF,2023,2020,3,486.6988476618057,0.09732732169288848,0.06544736842105262,0.05797671431916668,recent_2016,3
NTU,2021,2020,1,227.3153086342382,0.41957392621771195,0.4298561958845015,0.3415946700420802,recent_2016,3
NTU,2022,2020,2,228.53758685335694,0.42182998224142315,0.262905487759869,0.3415946700420802,recent_2016,3
NTU,2023,2020,3,224.55082101323478,0.4144712917665012,0.31066452314777493,0.3415946700420802,recent_2016,3
SAR,2021,2020,1,377.81118326434324,1.2705457171902346,1.7757065090593287,1.285029171299113,recent_2016,3
SAR,2022,2020,2,382.81986142155745,1.2873894604760976,0.9396314451618436,1.285029171299113,recent_2016,3
SAR,2023,2020,3,379.38841528151363,1.2758498094807718,0.7877984966191535,1.285029171299113,recent_2016,3
SCP,2021,2020,1,191.1356825428257,1.946725015768606,1.439682798305725,0.951875864518764,recent_2016,3
SCP,2022,2020,2,93.32939041879219,0.9505637912166874,1.3023615838579825,0.951875864518764,recent_2016,3
SCP,2023,2020,3,187.74748902936787,1.9122161214420044,1.2720672101834425,0.951875864518764,recent_2016,3
ANC,2023,2022,1,261.2319197908165,11.568794209221561,11.620189588654467,9.670712896110878,per_species,1
CMA,2023,2022,1,115.82409502563775,0.008099012363428635,NA,0.00293172690763052,per_species,1
DMF,2023,2022,1,307.6278915310873,0.8688198521591082,0.49158609242439266,1.0582687169226213,per_species,1
LPF,2023,2022,1,332.22989064020845,3.7420766806120676,2.971088139469183,3.0040670153152296,per_species,1
MPF,2023,2022,1,121.19415811745105,0.08593725142596857,0.06544736842105262,0.11967652359302516,per_species,1
NTU,2023,2022,1,28.405314614318705,0.33256766854271785,0.31066452314777493,0.262905487759869,per_species,1
SAR,2023,2022,1,558.7590244869739,1.4094160886621032,0.7877984966191535,0.9396314451618436,per_species,1
SCP,2023,2022,1,196.2923373063476,1.4949929282238332,1.2720672101834425,1.3023615838579825,per_species,1
ANC,2022,2021,1,278.18432926899914,12.104814314423548,9.670712896110878,10.34666461209007,per_species,2
ANC,2023,2021,2,273.1683433818939,11.886550482212982,11.620189588654467,10.34666461209007,per_species,2
CMA,2022,2021,1,110.68060191421988,0.007965394230236258,NA,0.00293172690763052,per_species,2
CMA,2023,2021,2,107.42779173669615,0.007731297966103343,NA,0.00293172690763052,per_species,2
DMF,2022,2021,1,266.4081798958659,0.757126082400628,1.0582687169226213,0.3833456358538275,per_species,2
DMF,2023,2021,2,278.42153565437013,0.7912677704879707,0.49158609242439266,0.3833456358538275,per_species,2
LPF,2022,2021,1,338.0061609210666,3.9454601139257153,3.0040670153152296,4.970937032567688,per_species,2
LPF,2023,2021,2,336.7465474010454,3.9307569650580656,2.971088139469183,4.970937032567688,per_species,2
MPF,2022,2021,1,109.9454077337021,0.07571037439047588,0.11967652359302516,0.05882532751091702,per_species,2
MPF,2023,2021,2,111.66015356542293,0.07689117904234946,0.06544736842105262,0.05882532751091702,per_species,2
NTU,2022,2021,1,29.146277602908253,0.34833864014441795,0.262905487759869,0.4298561958845015,per_species,2
NTU,2023,2021,2,29.688335606690206,0.35481698878602846,0.31066452314777493,0.4298561958845015,per_species,2
SAR,2022,2021,1,559.6494680759711,1.6060258791959505,0.9396314451618436,1.7757065090593287,per_species,2
SAR,2023,2021,2,577.9330356875073,1.6584942266583482,0.7877984966191535,1.7757065090593287,per_species,2
SCP,2022,2021,1,175.2339656996036,1.566075143823379,1.3023615838579825,1.439682798305725,per_species,2
SCP,2023,2021,2,172.17319829949645,1.538720905007887,1.2720672101834425,1.439682798305725,per_species,2
ANC,2021,2020,1,249.9773722578328,11.042182174940098,10.34666461209007,5.958320968763964,per_species,3
ANC,2022,2020,2,259.46625608050255,11.461332047828156,9.670712896110878,5.958320968763964,per_species,3
ANC,2023,2020,3,252.5399919770578,11.155380075730855,11.620189588654467,5.958320968763964,per_species,3
CMA,2021,2020,1,253.9820112041542,0.012665159726592124,NA,0.00293172690763052,per_species,3
CMA,2022,2020,2,256.4274698475111,0.012787105860399193,NA,0.00293172690763052,per_species,3
CMA,2023,2020,3,255.32834768751778,0.012732296633362391,NA,0.00293172690763052,per_species,3
DMF,2021,2020,1,292.750403391442,0.7088713673382543,0.3833456358538275,2.9020302341101365,per_species,3
DMF,2022,2020,2,299.7555882185776,0.7258338544581404,1.0582687169226213,2.9020302341101365,per_species,3
DMF,2023,2020,3,300.17715229365814,0.7268546376880219,0.49158609242439266,2.9020302341101365,per_species,3
LPF,2021,2020,1,321.14869368211697,3.8198311591834435,4.970937032567688,3.391696528557638,per_species,3
LPF,2022,2020,2,323.8252198989797,3.8516665003904156,3.0040670153152296,3.391696528557638,per_species,3
LPF,2023,2020,3,321.77686673626033,3.827302822785947,2.971088139469183,3.391696528557638,per_species,3
MPF,2021,2020,1,138.9202890009917,0.08447051671000667,0.05882532751091702,0.05797671431916668,per_species,3
MPF,2022,2020,2,145.18845882601278,0.08828187895056337,0.11967652359302516,0.05797671431916668,per_species,3
MPF,2023,2020,3,147.5265375268861,0.08970354829340516,0.06544736842105262,0.05797671431916668,per_species,3
NTU,2021,2020,1,117.2398462380292,0.29367064595398595,0.4298561958845015,0.3415946700420802,per_species,3
NTU,2022,2020,2,120.88281054287543,0.3027958001990662,0.262905487759869,0.3415946700420802,per_species,3
NTU,2023,2020,3,123.81339907769944,0.3101365453097328,0.31066452314777493,0.3415946700420802,per_species,3
SAR,2021,2020,1,541.8620865617077,1.3716862702131156,1.7757065090593287,1.285029171299113,per_species,3
SAR,2022,2020,2,561.9741773725557,1.4225986324445667,0.9396314451618436,1.285029171299113,per_species,3
SAR,2023,2020,3,570.2832691144615,1.4436325215890058,0.7877984966191535,1.285029171299113,per_species,3
SCP,2021,2020,1,120.03187892569939,1.5198175614283296,1.439682798305725,0.951875864518764,per_species,3
SCP,2022,2020,2,125.38491850504909,1.5875965850721452,1.3023615838579825,0.951875864518764,per_species,3
SCP,2023,2020,3,128.81363729530653,1.631010277145217,1.2720672101834425,0.951875864518764,per_species,3
ANC,2020,2019,1,317.8780501118397,14.146823797623187,5.958320968763964,11.169724519839384,per_species,4
ANC,2021,2019,2,350.3954040300825,15.593973973876263,10.34666461209007,11.169724519839384,per_species,4
ANC,2022,2019,3,361.98708828613485,16.109849526247245,9.670712896110878,11.169724519839384,per_species,4
ANC,2023,2019,4,353.6701505098103,15.73971307544146,11.620189588654467,11.169724519839384,per_species,4
CMA,2020,2019,1,238.00922430317922,0.012425920931129911,NA,0.00293172690763052,per_species,4
CMA,2021,2019,2,241.71408466882596,0.012619343274735224,NA,0.00293172690763052,per_species,4
CMA,2022,2019,3,243.7013088452953,0.012723091734743577,NA,0.00293172690763052,per_species,4
CMA,2023,2019,4,242.65057198355092,0.01266823515008101,NA,0.00293172690763052,per_species,4
DMF,2020,2019,1,201.9308885829444,0.5775354811297094,2.9020302341101365,0.5974387098186917,per_species,4
DMF,2021,2019,2,203.22637742407898,0.5812406635137086,0.3833456358538275,0.5974387098186917,per_species,4
DMF,2022,2019,3,206.11730520609302,0.5895089050849377,1.0582687169226213,0.5974387098186917,per_species,4
DMF,2023,2019,4,203.8309570562728,0.5829698006021975,0.49158609242439266,0.5974387098186917,per_species,4
LPF,2020,2019,1,329.247372237231,3.9816736440061566,3.391696528557638,4.604601765476088,per_species,4
LPF,2021,2019,2,334.67141788508565,4.047268031147956,4.970937032567688,4.604601765476088,per_species,4
LPF,2022,2019,3,337.24600592606276,4.078403190336245,3.0040670153152296,4.604601765476088,per_species,4
LPF,2023,2019,4,334.9584423324012,4.050739092038423,2.971088139469183,4.604601765476088,per_species,4
MPF,2020,2019,1,179.23743121528219,0.09754960204531606,0.05797671431916668,0.11601638667606916,per_species,4
MPF,2021,2019,2,188.90142004962814,0.10280920802476422,0.05882532751091702,0.11601638667606916,per_species,4
MPF,2022,2019,3,197.3140631947558,0.10738777169526659,0.11967652359302516,0.11601638667606916,per_species,4
MPF,2023,2019,4,200.7006962721369,0.10923093975861173,0.06544736842105262,0.11601638667606916,per_species,4
NTU,2020,2019,1,113.75385530167596,0.27804821690363873,0.3415946700420802,0.347744517636968,per_species,4
NTU,2021,2019,2,116.53469993498564,0.28484542733424134,0.4298561958845015,0.347744517636968,per_species,4
NTU,2022,2019,3,119.63721002970507,0.29242888371446274,0.262905487759869,0.347744517636968,per_species,4
NTU,2023,2019,4,121.95189682561643,0.2980866659020355,0.31066452314777493,0.347744517636968,per_species,4
SAR,2020,2019,1,563.0477623518044,1.3028105529359255,1.285029171299113,1.2096015716470407,per_species,4
SAR,2021,2019,2,589.6490756011569,1.3643621191448976,1.7757065090593287,1.2096015716470407,per_species,4
SAR,2022,2019,3,606.6289837589021,1.4036511546672006,0.9396314451618436,1.2096015716470407,per_species,4
SAR,2023,2019,4,613.1726554918852,1.4187922584220045,0.7877984966191535,1.2096015716470407,per_species,4
SCP,2020,2019,1,139.19436020340012,1.6771805331232983,0.951875864518764,1.9560199988394813,per_species,4
SCP,2021,2019,2,147.35360019868534,1.7754928387740205,1.439682798305725,1.9560199988394813,per_species,4
SCP,2022,2019,3,155.3100226706607,1.87136135574412,1.3023615838579825,1.9560199988394813,per_species,4
SCP,2023,2019,4,160.93996877090933,1.9391976961538357,1.2720672101834425,1.9560199988394813,per_species,4
ANC,2019,2018,1,290.3591854250251,12.772665127105117,11.169724519839384,17.190188776339156,per_species,5
ANC,2020,2018,2,357.51216023066706,15.726670037354006,5.958320968763964,17.190188776339156,per_species,5
ANC,2021,2018,3,410.33292160887106,18.05021250030369,10.34666461209007,17.190188776339156,per_species,5
ANC,2022,2018,4,436.37215681581665,19.19565734296434,9.670712896110878,17.190188776339156,per_species,5
ANC,2023,2018,5,431.6954872981079,18.98993444298996,11.620189588654467,17.190188776339156,per_species,5
CMA,2019,2018,1,225.75358521761007,0.0120825531428142,NA,0.00293172690763052,per_species,5
CMA,2020,2018,2,231.25900691977944,0.012377208708199548,NA,0.00293172690763052,per_species,5
CMA,2021,2018,3,235.9624403438991,0.012628941074911842,NA,0.00293172690763052,per_species,5
CMA,2022,2018,4,238.71155033171672,0.012776076135873242,NA,0.00293172690763052,per_species,5
CMA,2023,2018,5,238.39164043114118,0.0127589542444495,NA,0.00293172690763052,per_species,5
DMF,2019,2018,1,187.68730440989904,0.546539823670151,0.5974387098186917,1.055181899380611,per_species,5
DMF,2020,2018,2,195.9077673818246,0.5704775662750058,2.9020302341101365,1.055181899380611,per_species,5
DMF,2021,2018,3,198.70998566006963,0.5786375421907585,0.3833456358538275,1.055181899380611,per_species,5
DMF,2022,2018,4,201.72769812918156,0.5874250307528706,1.0582687169226213,1.055181899380611,per_species,5
DMF,2023,2018,5,199.89379502006489,0.5820847596831993,0.49158609242439266,1.055181899380611,per_species,5
LPF,2019,2018,1,313.33864321806305,3.726828000817921,4.604601765476088,3.606002657964865,per_species,5
LPF,2020,2018,2,320.08693253413355,3.807091683977005,3.391696528557638,3.606002657964865,per_species,5
LPF,2021,2018,3,327.3795121061185,3.893829117534321,4.970937032567688,3.606002657964865,per_species,5
LPF,2022,2018,4,332.34662196970413,3.95290757633095,3.0040670153152296,3.606002657964865,per_species,5
LPF,2023,2018,5,332.2597933995499,3.951874843364475,2.971088139469183,3.606002657964865,per_species,5
MPF,2019,2018,1,157.27463271266464,0.08628407731628782,0.11601638667606916,0.1108619298161498,per_species,5
MPF,2020,2018,2,165.55956208178264,0.09082935886560786,0.05797671431916668,0.1108619298161498,per_species,5
MPF,2021,2018,3,174.96457746337344,0.09598914248963733,0.05882532751091702,0.1108619298161498,per_species,5
MPF,2022,2018,4,183.25995738901128,0.10054015742781483,0.11967652359302516,0.1108619298161498,per_species,5
MPF,2023,2018,5,186.65307092021058,0.10240168884721307,0.06544736842105262,0.1108619298161498,per_species,5
NTU,2019,2018,1,103.94307567852765,0.2532611317347014,0.347744517636968,0.515669359008297,per_species,5
NTU,2020,2018,2,104.7930624232141,0.2553321557400383,0.3415946700420802,0.515669359008297,per_species,5
NTU,2021,2018,3,106.36279875034685,0.25915687610875493,0.4298561958845015,0.515669359008297,per_species,5
NTU,2022,2018,4,108.16530080156173,0.26354873873610934,0.262905487759869,0.515669359008297,per_species,5
NTU,2023,2018,5,109.20551689958663,0.26608326356630796,0.31066452314777493,0.515669359008297,per_species,5
SAR,2019,2018,1,577.2237079568156,1.2023906168795004,1.2096015716470407,0.9698245108921388,per_species,5
SAR,2020,2018,2,608.8257659247506,1.268219544989934,1.285029171299113,0.9698245108921388,per_species,5
SAR,2021,2018,3,633.5361158089361,1.3196926436014291,1.7757065090593287,0.9698245108921388,per_species,5
SAR,2022,2018,4,649.626782533469,1.353210439946622,0.9396314451618436,0.9698245108921388,per_species,5
SAR,2023,2018,5,655.9144758962377,1.3663080715875147,0.7877984966191535,0.9698245108921388,per_species,5
SCP,2019,2018,1,119.12814335139831,1.5185107368421296,1.9560199988394813,1.2441045134099813,per_species,5
SCP,2020,2018,2,124.44180845626478,1.5862433253533261,0.951875864518764,1.2441045134099813,per_species,5
SCP,2021,2018,3,131.77929946800842,1.679773355868022,1.439682798305725,1.2441045134099813,per_species,5
SCP,2022,2018,4,139.04395977078633,1.7723750229379014,1.3023615838579825,1.2441045134099813,per_species,5
SCP,2023,2018,5,144.21778439282545,1.8383250832517757,1.2720672101834425,1.2441045134099813,per_species,5
ANC,2023,2022,1,754.6475179883209,12.081852799629159,11.620189588654467,9.670712896110878,dsir_group,1
CMA,2023,2022,1,320.27836086114206,0.0076972587541078346,NA,0.00293172690763052,dsir_group,1
DMF,2023,2022,1,215.54583697329383,0.645180965929217,0.49158609242439266,1.0582687169226213,dsir_group,1
LPF,2023,2022,1,496.8168522537418,3.862940497480955,2.971088139469183,3.0040670153152296,dsir_group,1
MPF,2023,2022,1,866.7413004322926,0.1076977760538748,0.06544736842105262,0.11967652359302516,dsir_group,1
NTU,2023,2022,1,343.09073107025915,0.37630841028381007,0.31066452314777493,0.262905487759869,dsir_group,1
SAR,2023,2022,1,644.229592086419,1.3674656713594981,0.7877984966191535,0.9396314451618436,dsir_group,1
SCP,2023,2022,1,96.77636205316257,1.314123106390483,1.2720672101834425,1.3023615838579825,dsir_group,1
ANC,2022,2021,1,790.3523838451351,11.644034582533966,9.670712896110878,10.34666461209007,dsir_group,2
ANC,2023,2021,2,837.2778004106764,12.33537326190972,11.620189588654467,10.34666461209007,dsir_group,2
CMA,2022,2021,1,289.5919964419669,0.007450207721989747,NA,0.00293172690763052,dsir_group,2
CMA,2023,2021,2,288.1387150053987,0.007412819780630965,NA,0.00293172690763052,dsir_group,2
DMF,2022,2021,1,191.39207989855902,0.5620496734593482,1.0582687169226213,0.3833456358538275,dsir_group,2
DMF,2023,2021,2,195.81619724526632,0.5750417142552924,0.49158609242439266,0.3833456358538275,dsir_group,2
LPF,2022,2021,1,563.196091313643,4.1080379656974415,3.0040670153152296,4.970937032567688,dsir_group,2
LPF,2023,2021,2,565.6160365872182,4.125689414654712,2.971088139469183,4.970937032567688,dsir_group,2
MPF,2022,2021,1,1027.5584541444032,0.10673544671803656,0.11967652359302516,0.05882532751091702,dsir_group,2
MPF,2023,2021,2,1026.4654121327997,0.10662190930620413,0.06544736842105262,0.05882532751091702,dsir_group,2
NTU,2022,2021,1,356.85836039742117,0.41902374932543723,0.262905487759869,0.4298561958845015,dsir_group,2
NTU,2023,2021,2,367.3116813081398,0.4312980581465427,0.31066452314777493,0.4298561958845015,dsir_group,2
SAR,2022,2021,1,618.7638832465807,1.5606217308512573,0.9396314451618436,1.7757065090593287,dsir_group,2
SAR,2023,2021,2,637.7517870413999,1.6085122688865858,0.7877984966191535,1.7757065090593287,dsir_group,2
SCP,2022,2021,1,110.95205154237809,1.4782884033531798,1.3023615838579825,1.439682798305725,dsir_group,2
SCP,2023,2021,2,108.93475543159845,1.4514106178121347,1.2720672101834425,1.439682798305725,dsir_group,2
ANC,2021,2020,1,754.8002488170711,10.321635556665852,10.34666461209007,5.958320968763964,dsir_group,3
ANC,2022,2020,2,819.4479322812921,11.205670543864297,9.670712896110878,5.958320968763964,dsir_group,3
ANC,2023,2020,3,860.1201706358271,11.761849509394949,11.620189588654467,5.958320968763964,dsir_group,3
CMA,2021,2020,1,294.7388407568585,0.0074790487642542695,NA,0.00293172690763052,dsir_group,3
CMA,2022,2020,2,297.65687423360646,0.007553094365479687,NA,0.00293172690763052,dsir_group,3
CMA,2023,2020,3,296.6972273176352,0.007528743159976589,NA,0.00293172690763052,dsir_group,3
DMF,2021,2020,1,209.9531831521635,0.6073792737126958,0.3833456358538275,2.9020302341101365,dsir_group,3
DMF,2022,2020,2,219.5118525985018,0.6350318085245591,1.0582687169226213,2.9020302341101365,dsir_group,3
DMF,2023,2020,3,227.33837403229222,0.6576733652410736,0.49158609242439266,2.9020302341101365,dsir_group,3
LPF,2021,2020,1,499.03381297872556,3.8769873458564237,4.970937032567688,3.391696528557638,dsir_group,3
LPF,2022,2020,2,503.93724192506266,3.9150820229741554,3.0040670153152296,3.391696528557638,dsir_group,3
LPF,2023,2020,3,503.9920420996143,3.9155077648332477,2.971088139469183,3.391696528557638,dsir_group,3
MPF,2021,2020,1,1066.8683022604919,0.11206037299488936,0.05882532751091702,0.05797671431916668,dsir_group,3
MPF,2022,2020,2,1067.6442168620501,0.11214187253843994,0.11967652359302516,0.05797671431916668,dsir_group,3
MPF,2023,2020,3,1066.4642399722763,0.11201793160766785,0.06544736842105262,0.05797671431916668,dsir_group,3
NTU,2021,2020,1,352.80814053527524,0.39176359681514195,0.4298561958845015,0.3415946700420802,dsir_group,3
NTU,2022,2020,2,365.6860871563924,0.4060634672212723,0.262905487759869,0.3415946700420802,dsir_group,3
NTU,2023,2020,3,373.60984498279794,0.4148621300345936,0.31066452314777493,0.3415946700420802,dsir_group,3
SAR,2021,2020,1,633.3374733945144,1.3508408614956995,1.7757065090593287,1.285029171299113,dsir_group,3
SAR,2022,2020,2,657.5128324964568,1.4024043079805613,0.9396314451618436,1.285029171299113,dsir_group,3
SAR,2023,2020,3,669.1357618704714,1.4271947689721491,0.7877984966191535,1.285029171299113,dsir_group,3
SCP,2021,2020,1,117.2875150751904,1.5585464538142377,1.439682798305725,0.951875864518764,dsir_group,3
SCP,2022,2020,2,120.21544221148802,1.5974534973506083,1.3023615838579825,0.951875864518764,dsir_group,3
SCP,2023,2020,3,118.84570118047043,1.5792520287188638,1.2720672101834425,0.951875864518764,dsir_group,3
ANC,2020,2019,1,721.8694059646267,11.867873457773037,5.958320968763964,11.169724519839384,dsir_group,4
ANC,2021,2019,2,820.5156639922582,13.489664459970081,10.34666461209007,11.169724519839384,dsir_group,4
ANC,2022,2019,3,904.53651895122,14.871006938578635,9.670712896110878,11.169724519839384,dsir_group,4
ANC,2023,2019,4,958.3908181841731,15.756397014917525,11.620189588654467,11.169724519839384,dsir_group,4
CMA,2020,2019,1,279.5105784580111,0.007361533131261578,NA,0.00293172690763052,dsir_group,4
CMA,2021,2019,2,283.7278843125472,0.007472605266506344,NA,0.00293172690763052,dsir_group,4
CMA,2022,2019,3,285.90663327613123,0.007529987469243029,NA,0.00293172690763052,dsir_group,4
CMA,2023,2019,4,284.7771461200733,0.007500239911327601,NA,0.00293172690763052,dsir_group,4
DMF,2020,2019,1,137.650997039586,0.45898821084578517,2.9020302341101365,0.5974387098186917,dsir_group,4
DMF,2021,2019,2,140.2192075192056,0.46755174004984174,0.3833456358538275,0.5974387098186917,dsir_group,4
DMF,2022,2019,3,146.47621642950676,0.48841532539793303,1.0582687169226213,0.5974387098186917,dsir_group,4
DMF,2023,2019,4,151.19990167909506,0.5041661436842957,0.49158609242439266,0.5974387098186917,dsir_group,4
LPF,2020,2019,1,505.44297778076,4.113862240064333,3.391696528557638,4.604601765476088,dsir_group,4
LPF,2021,2019,2,517.900991608139,4.21525953891628,4.970937032567688,4.604601765476088,dsir_group,4
LPF,2022,2019,3,528.9043916143263,4.304817557897033,3.0040670153152296,4.604601765476088,dsir_group,4
LPF,2023,2019,4,534.2777500270914,4.348551979480382,2.971088139469183,4.604601765476088,dsir_group,4
MPF,2020,2019,1,1060.1618577917197,0.11870795502858698,0.05797671431916668,0.11601638667606916,dsir_group,4
MPF,2021,2019,2,1062.2206739687047,0.11893848384487427,0.05882532751091702,0.11601638667606916,dsir_group,4
MPF,2022,2019,3,1062.6111629295842,0.11898220749486843,0.11967652359302516,0.11601638667606916,dsir_group,4
MPF,2023,2019,4,1061.141284754098,0.11881762297310818,0.06544736842105262,0.11601638667606916,dsir_group,4
NTU,2020,2019,1,320.5829734749479,0.39878316234894956,0.3415946700420802,0.347744517636968,dsir_group,4
NTU,2021,2019,2,340.21376089178807,0.4232025112639326,0.4298561958845015,0.347744517636968,dsir_group,4
NTU,2022,2019,3,358.0296846996041,0.44536429471499295,0.262905487759869,0.347744517636968,dsir_group,4
NTU,2023,2019,4,371.2773544279183,0.4618434843948042,0.31066452314777493,0.347744517636968,dsir_group,4
SAR,2020,2019,1,643.0943334166928,1.2812728350135707,1.285029171299113,1.2096015716470407,dsir_group,4
SAR,2021,2019,2,670.6715487978181,1.3362164647380448,1.7757065090593287,1.2096015716470407,dsir_group,4
SAR,2022,2019,3,688.8240537275649,1.372382716321021,0.9396314451618436,1.2096015716470407,dsir_group,4
SAR,2023,2019,4,695.9080317641009,1.386496522259605,0.7877984966191535,1.2096015716470407,dsir_group,4
SCP,2020,2019,1,146.45863085847606,1.8022329779416588,0.951875864518764,1.9560199988394813,dsir_group,4
SCP,2021,2019,2,151.3914943137157,1.862933867623652,1.439682798305725,1.9560199988394813,dsir_group,4
SCP,2022,2019,3,152.8990552418417,1.881485017562712,1.3023615838579825,1.9560199988394813,dsir_group,4
SCP,2023,2019,4,150.41963587611428,1.8509747545562316,1.2720672101834425,1.9560199988394813,dsir_group,4
ANC,2019,2018,1,629.1214224369775,9.229612152457564,11.169724519839384,17.190188776339156,dsir_group,5
ANC,2020,2018,2,715.4851502213521,10.496623071275945,5.958320968763964,17.190188776339156,dsir_group,5
ANC,2021,2018,3,800.3710517516816,11.741953337255133,10.34666461209007,17.190188776339156,dsir_group,5
ANC,2022,2018,4,872.3460858054041,12.797872950360233,9.670712896110878,17.190188776339156,dsir_group,5
ANC,2023,2018,5,918.0219375262399,13.46796680042096,11.620189588654467,17.190188776339156,dsir_group,5
CMA,2019,2018,1,286.7414815299417,0.007317322537360904,NA,0.00293172690763052,dsir_group,5
CMA,2020,2018,2,293.1785138236527,0.007481588416246561,NA,0.00293172690763052,dsir_group,5
CMA,2021,2018,3,298.2888744826403,0.007611999115893267,NA,0.00293172690763052,dsir_group,5
CMA,2022,2018,4,301.0722075028826,0.007683026667712179,NA,0.00293172690763052,dsir_group,5
CMA,2023,2018,5,300.55922340276743,0.007669935886088773,NA,0.00293172690763052,dsir_group,5
DMF,2019,2018,1,125.17902735206465,0.43197576220101325,0.5974387098186917,1.055181899380611,dsir_group,5
DMF,2020,2018,2,124.70579551677535,0.43034270363624316,2.9020302341101365,1.055181899380611,dsir_group,5
DMF,2021,2018,3,127.93545166549694,0.44148780682167854,0.3833456358538275,1.055181899380611,dsir_group,5
DMF,2022,2018,4,134.41972367737097,0.4638641457651827,1.0582687169226213,1.055181899380611,dsir_group,5
DMF,2023,2018,5,139.38106084263094,0.48098504412039783,0.49158609242439266,1.055181899380611,dsir_group,5
LPF,2019,2018,1,442.6733660216251,3.827353856991316,4.604601765476088,3.606002657964865,dsir_group,5
LPF,2020,2018,2,451.6847481822886,3.9052662658163673,3.391696528557638,3.606002657964865,dsir_group,5
LPF,2021,2018,3,462.47055006377593,3.9985203072845814,4.970937032567688,3.606002657964865,dsir_group,5
LPF,2022,2018,4,471.41791462708096,4.075879219972363,3.0040670153152296,3.606002657964865,dsir_group,5
LPF,2023,2018,5,474.9063922895119,4.106040597324532,2.971088139469183,3.606002657964865,dsir_group,5
MPF,2019,2018,1,947.7280986413774,0.11693250745016308,0.11601638667606916,0.1108619298161498,dsir_group,5
MPF,2020,2018,2,959.3116491453999,0.11836170809067663,0.05797671431916668,0.1108619298161498,dsir_group,5
MPF,2021,2018,3,962.0571502369542,0.11870045327223538,0.05882532751091702,0.1108619298161498,dsir_group,5
MPF,2022,2018,4,962.6397264988741,0.11877233264690508,0.11967652359302516,0.1108619298161498,dsir_group,5
MPF,2023,2018,5,960.6755026600857,0.11852998294872458,0.06544736842105262,0.1108619298161498,dsir_group,5
NTU,2019,2018,1,296.4149329029051,0.39183865837009163,0.347744517636968,0.515669359008297,dsir_group,5
NTU,2020,2018,2,318.233477052454,0.4206811629747713,0.3415946700420802,0.515669359008297,dsir_group,5
NTU,2021,2018,3,341.4854035747651,0.4514184932563289,0.4298561958845015,0.515669359008297,dsir_group,5
NTU,2022,2018,4,363.4661883590358,0.48047546800264385,0.262905487759869,0.515669359008297,dsir_group,5
NTU,2023,2018,5,381.226118044002,0.5039527839136606,0.31066452314777493,0.515669359008297,dsir_group,5
SAR,2019,2018,1,654.1339715795045,1.1921453715314823,1.2096015716470407,0.9698245108921388,dsir_group,5
SAR,2020,2018,2,683.4976990939823,1.2456601458257595,1.285029171299113,0.9698245108921388,dsir_group,5
SAR,2021,2018,3,706.3357733144642,1.2872820545777204,1.7757065090593287,0.9698245108921388,dsir_group,5
SAR,2022,2018,4,720.654264148275,1.313377202233217,0.9396314451618436,0.9698245108921388,dsir_group,5
SAR,2023,2018,5,725.1651629114941,1.3215982201220045,0.7877984966191535,0.9698245108921388,dsir_group,5
SCP,2019,2018,1,127.09137589807116,1.654726688746787,1.9560199988394813,1.2441045134099813,dsir_group,5
SCP,2020,2018,2,133.24004566511792,1.7347822227429153,0.951875864518764,1.2441045134099813,dsir_group,5
SCP,2021,2018,3,139.49206741357125,1.8161833970766341,1.439682798305725,1.2441045134099813,dsir_group,5
SCP,2022,2018,4,142.35033424311078,1.8533979631553896,1.3023615838579825,1.2441045134099813,dsir_group,5
SCP,2023,2018,5,140.60610833800905,1.8306881833927555,1.2720672101834425,1.2441045134099813,dsir_group,5
ANC,2023,2022,1,485.000374522938,12.788681711159324,11.620189588654467,9.670712896110878,dsir_channel,1
CMA,2023,2022,1,275.7954733324496,0.009793316856358166,NA,0.00293172690763052,dsir_channel,1
DMF,2023,2022,1,216.9035527186438,0.6443110597156909,0.49158609242439266,1.0582687169226213,dsir_channel,1
LPF,2023,2022,1,350.9561498958867,3.7937410014532484,2.971088139469183,3.0040670153152296,dsir_channel,1
MPF,2023,2022,1,118.13926870362751,0.07705185375483267,0.06544736842105262,0.11967652359302516,dsir_channel,1
NTU,2023,2022,1,166.15598640105924,0.3154567979449627,0.31066452314777493,0.262905487759869,dsir_channel,1
SAR,2023,2022,1,211.55162978537723,1.3418970028585624,0.7877984966191535,0.9396314451618436,dsir_channel,1
SCP,2023,2022,1,140.51086313161272,1.5868176073963791,1.2720672101834425,1.3023615838579825,dsir_channel,1
ANC,2022,2021,1,530.0013605112154,12.915213576550292,9.670712896110878,10.34666461209007,dsir_channel,2
ANC,2023,2021,2,546.1796859102496,13.30945129631372,11.620189588654467,10.34666461209007,dsir_channel,2
CMA,2022,2021,1,265.66295486829125,0.009747046123158049,NA,0.00293172690763052,dsir_channel,2
CMA,2023,2021,2,263.9735127010361,0.009685061302072218,NA,0.00293172690763052,dsir_channel,2
DMF,2022,2021,1,207.50407877434304,0.5175276380316056,1.0582687169226213,0.3833456358538275,dsir_channel,2
DMF,2023,2021,2,207.64187405158117,0.5178713077309299,0.49158609242439266,0.3833456358538275,dsir_channel,2
LPF,2022,2021,1,352.3324566540779,3.982846572562331,3.0040670153152296,4.970937032567688,dsir_channel,2
LPF,2023,2021,2,349.9922348152641,3.9563921703245435,2.971088139469183,4.970937032567688,dsir_channel,2
MPF,2022,2021,1,105.39292742961413,0.06572529107719743,0.11967652359302516,0.05882532751091702,dsir_channel,2
MPF,2023,2021,2,103.83281985960015,0.06475237451959077,0.06544736842105262,0.05882532751091702,dsir_channel,2
NTU,2022,2021,1,171.98775235840594,0.32547883049267723,0.262905487759869,0.4298561958845015,dsir_channel,2
NTU,2023,2021,2,169.9917570899376,0.3217015021844604,0.31066452314777493,0.4298561958845015,dsir_channel,2
SAR,2022,2021,1,243.04988231157418,1.5982798189059733,0.9396314451618436,1.7757065090593287,dsir_channel,2
SAR,2023,2021,2,237.02278051300618,1.5586459993808346,0.7877984966191535,1.7757065090593287,dsir_channel,2
SCP,2022,2021,1,134.02876037585628,1.5454950949947435,1.3023615838579825,1.439682798305725,dsir_channel,2
SCP,2023,2021,2,137.55510855096568,1.5861576646745046,1.2720672101834425,1.439682798305725,dsir_channel,2
ANC,2021,2020,1,514.2608781373294,12.05390276792881,10.34666461209007,5.958320968763964,dsir_channel,3
ANC,2022,2020,2,554.7927907108066,13.00394146215827,9.670712896110878,5.958320968763964,dsir_channel,3
ANC,2023,2020,3,567.1712570550702,13.294083753888243,11.620189588654467,5.958320968763964,dsir_channel,3
CMA,2021,2020,1,263.6131752097626,0.009722022639120118,NA,0.00293172690763052,dsir_channel,3
CMA,2022,2020,2,265.84145575084455,0.009804201361217266,NA,0.00293172690763052,dsir_channel,3
CMA,2023,2020,3,264.60135534650817,0.009758466605372279,NA,0.00293172690763052,dsir_channel,3
DMF,2021,2020,1,214.75371375896827,0.536469520475447,0.3833456358538275,2.9020302341101365,dsir_channel,3
DMF,2022,2020,2,218.34660458972442,0.5454448084337252,1.0582687169226213,2.9020302341101365,dsir_channel,3
DMF,2023,2020,3,220.0197979757717,0.5496245603819635,0.49158609242439266,2.9020302341101365,dsir_channel,3
LPF,2021,2020,1,333.64051216959797,3.8379132533816547,4.970937032567688,3.391696528557638,dsir_channel,3
LPF,2022,2020,2,336.34538300764183,3.869027759142685,3.0040670153152296,3.391696528557638,dsir_channel,3
LPF,2023,2020,3,334.0413257482811,3.8425238677694584,2.971088139469183,3.391696528557638,dsir_channel,3
MPF,2021,2020,1,118.66661788560927,0.07172135464768535,0.05882532751091702,0.05797671431916668,dsir_channel,3
MPF,2022,2020,2,121.63614974267912,0.07351612095394185,0.11967652359302516,0.05797671431916668,dsir_channel,3
MPF,2023,2020,3,121.96651067641781,0.07371578901655786,0.06544736842105262,0.05797671431916668,dsir_channel,3
NTU,2021,2020,1,181.74195838000676,0.32260340647575214,0.4298561958845015,0.3415946700420802,dsir_channel,3
NTU,2022,2020,2,181.50670438318588,0.3221858158354952,0.262905487759869,0.3415946700420802,dsir_channel,3
NTU,2023,2020,3,179.76124492093552,0.3190875155122978,0.31066452314777493,0.3415946700420802,dsir_channel,3
SAR,2021,2020,1,234.62934001230028,1.5316765021630816,1.7757065090593287,1.285029171299113,dsir_channel,3
SAR,2022,2020,2,236.08820645651633,1.5412000828554315,0.9396314451618436,1.285029171299113,dsir_channel,3
SAR,2023,2020,3,230.21004859387403,1.5028270632077507,0.7877984966191535,1.285029171299113,dsir_channel,3
SCP,2021,2020,1,138.74857979994422,1.6817167674548044,1.439682798305725,0.951875864518764,dsir_channel,3
SCP,2022,2020,2,125.99599816697183,1.5271477593148415,1.3023615838579825,0.951875864518764,dsir_channel,3
SCP,2023,2020,3,135.43243011802085,1.6415230261457296,1.2720672101834425,0.951875864518764,dsir_channel,3
ANC,2020,2019,1,571.0004400205221,14.508640665736245,5.958320968763964,11.169724519839384,dsir_channel,4
ANC,2021,2019,2,648.7222970675671,16.48348764786601,10.34666461209007,11.169724519839384,dsir_channel,4
ANC,2022,2019,3,697.0378886090724,17.711146169815645,9.670712896110878,11.169724519839384,dsir_channel,4
ANC,2023,2019,4,710.3867275147118,18.050328932931837,11.620189588654467,11.169724519839384,dsir_channel,4
CMA,2020,2019,1,267.9087575006171,0.009821870074743161,NA,0.00293172690763052,dsir_channel,4
CMA,2021,2019,2,270.972030715543,0.009934173501481174,NA,0.00293172690763052,dsir_channel,4
CMA,2022,2019,3,272.116625393959,0.009976135773728353,NA,0.00293172690763052,dsir_channel,4
CMA,2023,2019,4,270.59217269729544,0.009920247431512864,NA,0.00293172690763052,dsir_channel,4
DMF,2020,2019,1,156.56428780609426,0.44492472963484025,2.9020302341101365,0.5974387098186917,dsir_channel,4
DMF,2021,2019,2,156.30880440858877,0.4441986963666271,0.3833456358538275,0.5974387098186917,dsir_channel,4
DMF,2022,2019,3,159.0760432558443,0.4520626416711595,1.0582687169226213,0.5974387098186917,dsir_channel,4
DMF,2023,2019,4,160.1354456046949,0.4550732535433934,0.49158609242439266,0.5974387098186917,dsir_channel,4
LPF,2020,2019,1,338.8714086587208,4.01369004900285,3.391696528557638,4.604601765476088,dsir_channel,4
LPF,2021,2019,2,343.71159165243887,4.071018563067028,4.970937032567688,4.604601765476088,dsir_channel,4
LPF,2022,2019,3,345.421743839752,4.091274095523034,3.0040670153152296,4.604601765476088,dsir_channel,4
LPF,2023,2019,4,342.5182695598843,4.056884514322404,2.971088139469183,4.604601765476088,dsir_channel,4
MPF,2020,2019,1,592.9639801518653,0.13233626107316046,0.05797671431916668,0.11601638667606916,dsir_channel,4
MPF,2021,2019,2,596.2851272836571,0.13307746662460496,0.05882532751091702,0.11601638667606916,dsir_channel,4
MPF,2022,2019,3,596.9632265405772,0.13322880316999566,0.11967652359302516,0.11601638667606916,dsir_channel,4
MPF,2023,2019,4,594.2423519523654,0.13262156498706132,0.06544736842105262,0.11601638667606916,dsir_channel,4
NTU,2020,2019,1,185.91897204140298,0.31952858086272,0.3415946700420802,0.347744517636968,dsir_channel,4
NTU,2021,2019,2,187.3554801736466,0.3219974273707103,0.4298561958845015,0.347744517636968,dsir_channel,4
NTU,2022,2019,3,187.21237388319054,0.32175147856086117,0.262905487759869,0.347744517636968,dsir_channel,4
NTU,2023,2019,4,185.60049371069275,0.3189812298961672,0.31066452314777493,0.347744517636968,dsir_channel,4
SAR,2020,2019,1,228.70613766465428,1.3923371970295002,1.285029171299113,1.2096015716470407,dsir_channel,4
SAR,2021,2019,2,232.6239370331641,1.4161883181536445,1.7757065090593287,1.2096015716470407,dsir_channel,4
SAR,2022,2019,3,231.61894867270607,1.410070062250521,0.9396314451618436,1.2096015716470407,dsir_channel,4
SAR,2023,2019,4,226.58140937189603,1.3794020905833144,0.7877984966191535,1.2096015716470407,dsir_channel,4
SCP,2020,2019,1,136.58315826692734,1.6256612906002232,0.951875864518764,1.9560199988394813,dsir_channel,4
SCP,2021,2019,2,143.11985577064945,1.7034633873960567,1.439682798305725,1.9560199988394813,dsir_channel,4
SCP,2022,2019,3,136.56733793606037,1.6254729913997854,1.3023615838579825,1.9560199988394813,dsir_channel,4
SCP,2023,2019,4,140.3962992270998,1.6710466494776328,1.2720672101834425,1.9560199988394813,dsir_channel,4
ANC,2019,2018,1,474.649288923029,12.430990028216955,11.169724519839384,17.190188776339156,dsir_channel,5
ANC,2020,2018,2,572.3734301126016,14.99036987559863,5.958320968763964,17.190188776339156,dsir_channel,5
ANC,2021,2018,3,656.3604325235882,17.189976224614174,10.34666461209007,17.190188776339156,dsir_channel,5
ANC,2022,2018,4,711.6240632958877,18.637321999875457,9.670712896110878,17.190188776339156,dsir_channel,5
ANC,2023,2018,5,728.77498789979,19.086502010677883,11.620189588654467,17.190188776339156,dsir_channel,5
CMA,2019,2018,1,263.870664072447,0.00965240314341504,NA,0.00293172690763052,dsir_channel,5
CMA,2020,2018,2,269.81365061257145,0.009869797912033278,NA,0.00293172690763052,dsir_channel,5
CMA,2021,2018,3,273.6199523524267,0.010009032635255401,NA,0.00293172690763052,dsir_channel,5
CMA,2022,2018,4,275.23137579690854,0.010067978591887468,NA,0.00293172690763052,dsir_channel,5
CMA,2023,2018,5,274.1578688067279,0.010028709648206586,NA,0.00293172690763052,dsir_channel,5
DMF,2019,2018,1,141.11810431806245,0.4242906004189124,0.5974387098186917,1.055181899380611,dsir_channel,5
DMF,2020,2018,2,139.1784312804304,0.4184587120036714,2.9020302341101365,1.055181899380611,dsir_channel,5
DMF,2021,2018,3,140.1055910343332,0.4212463427656396,0.3833456358538275,1.055181899380611,dsir_channel,5
DMF,2022,2018,4,143.62572865841915,0.4318301109738231,1.0582687169226213,1.055181899380611,dsir_channel,5
DMF,2023,2018,5,145.3187111652557,0.43692029105947255,0.49158609242439266,1.055181899380611,dsir_channel,5
LPF,2019,2018,1,325.5834657840779,3.769971200962475,4.604601765476088,3.606002657964865,dsir_channel,5
LPF,2020,2018,2,332.708551087953,3.8524734445433095,3.391696528557638,3.606002657964865,dsir_channel,5
LPF,2021,2018,3,339.96584045642743,3.9365064953320257,4.970937032567688,3.606002657964865,dsir_channel,5
LPF,2022,2018,4,344.50935175165745,3.989116374316558,3.0040670153152296,3.606002657964865,dsir_channel,5
LPF,2023,2018,5,343.91699694192243,3.9822574247440583,2.971088139469183,3.606002657964865,dsir_channel,5
MPF,2019,2018,1,539.8322025029802,0.12844417048244805,0.11601638667606916,0.1108619298161498,dsir_channel,5
MPF,2020,2018,2,555.7605939600655,0.13223406856251627,0.05797671431916668,0.1108619298161498,dsir_channel,5
MPF,2021,2018,3,561.1114541695655,0.1335072175110045,0.05882532751091702,0.1108619298161498,dsir_channel,5
MPF,2022,2018,4,562.4581583377095,0.13382764355998877,0.11967652359302516,0.1108619298161498,dsir_channel,5
MPF,2023,2018,5,559.2220478739412,0.1330576644402159,0.06544736842105262,0.1108619298161498,dsir_channel,5
NTU,2019,2018,1,184.78189111183522,0.31185066091890506,0.347744517636968,0.515669359008297,dsir_channel,5
NTU,2020,2018,2,188.69181472270523,0.31844931761007556,0.3415946700420802,0.515669359008297,dsir_channel,5
NTU,2021,2018,3,190.1927957234787,0.32098247664585267,0.4298561958845015,0.515669359008297,dsir_channel,5
NTU,2022,2018,4,190.17243028365462,0.3209481065253239,0.262905487759869,0.515669359008297,dsir_channel,5
NTU,2023,2018,5,188.6715329658506,0.31841508871869634,0.31066452314777493,0.515669359008297,dsir_channel,5
SAR,2019,2018,1,212.13342471964484,1.3661883277045292,1.2096015716470407,0.9698245108921388,dsir_channel,5
SAR,2020,2018,2,230.91963262237638,1.4871758523836878,1.285029171299113,0.9698245108921388,dsir_channel,5
SAR,2021,2018,3,239.71807383089583,1.5438398490968877,1.7757065090593287,0.9698245108921388,dsir_channel,5
SAR,2022,2018,4,239.49630361723908,1.5424115976191641,0.9396314451618436,0.9698245108921388,dsir_channel,5
SAR,2023,2018,5,232.44275357824964,1.4969851036808195,0.7877984966191535,0.9698245108921388,dsir_channel,5
SCP,2019,2018,1,137.294601643564,1.6541430183887715,1.9560199988394813,1.2441045134099813,dsir_channel,5
SCP,2020,2018,2,134.37568632987177,1.6189755512807273,0.951875864518764,1.2441045134099813,dsir_channel,5
SCP,2021,2018,3,140.20478441188862,1.6892052746671133,1.439682798305725,1.2441045134099813,dsir_channel,5
SCP,2022,2018,4,134.32429097087095,1.6183563333854054,1.3023615838579825,1.2441045134099813,dsir_channel,5
SCP,2023,2018,5,137.62739196874674,1.6581525190275328,1.2720672101834425,1.2441045134099813,dsir_channel,5
