scenario,species,n_peels,mohn_rho
baseline,ANC,5,0.07180704524549654
baseline,CMA,5,-0.19620168475516428
baseline,DMF,5,-0.17952706525953627
baseline,LPF,5,-0.2136888837717353
baseline,MPF,5,0.053584191987160745
baseline,NTU,5,2.2275981999692798
baseline,SAR,5,0.16340140702224176
baseline,SCP,5,-0.26214155137982825
dsir_channel,ANC,5,0.2963457422902388
dsir_channel,CMA,5,-0.016426618657019998
dsir_channel,DMF,5,-0.07810199561390632
dsir_channel,LPF,5,-0.04211836117410252
dsir_channel,MPF,5,1.4454089332326463
dsir_channel,NTU,5,0.0017662881237162993
dsir_channel,SAR,5,-0.7641891546789616
dsir_channel,SCP,5,-0.12766071664179338
dsir_group,ANC,5,0.12725882572963043
dsir_group,CMA,5,-0.10462338713769648
dsir_group,DMF,5,-0.14433010185852135
dsir_group,LPF,5,0.12088757201872663
dsir_group,MPF,5,0.28283476479967257
dsir_group,NTU,5,0.025262906725554275
dsir_group,SAR,5,0.06363694431641917
dsir_group,SCP,5,0.19772055250634823
per_species,ANC,5,0.14766668083118176
per_species,CMA,5,-0.2282200709039543
per_species,DMF,5,-0.08765312839530058
per_species,LPF,5,-0.06168674445681466
per_species,MPF,5,0.14915275185219237
per_species,NTU,5,1.9123610404535363
per_species,SAR,5,0.03402294159224198
per_species,SCP,5,0.23490503132220936
post_1987,ANC,5,0.10017692034245408
post_1987,CMA,5,-0.014001686326460202
post_1987,DMF,5,-0.09597326517853813
post_1987,LPF,5,-0.049960167714948454
post_1987,MPF,5,-0.642269022603838
post_1987,NTU,5,0.23320031468417732
post_1987,SAR,5,2.675836146593421
post_1987,SCP,5,0.021262511208680102
recent_2016,ANC,3,0.30653187094939055
recent_2016,CMA,3,-0.3971373769932147
recent_2016,DMF,3,0.0999711752313371
recent_2016,LPF,3,-0.05535253661636048
recent_2016,MPF,3,0.40119973529322955
recent_2016,NTU,3,0.8285081074911184
recent_2016,SAR,3,0.16572170549173743
recent_2016,SCP,3,-0.3540323372586231
thai_dof,ANC,5,0.08077708418636158
thai_dof,CMA,5,-0.19036708998578517
thai_dof,DMF,5,-0.22567152230333049
thai_dof,LPF,5,-0.2681989137709678
thai_dof,MPF,5,-0.10331652758456561
thai_dof,NTU,5,-0.2654533478711119
thai_dof,SAR,5,0.14074275384932378
thai_dof,SCP,5,-0.20555690243150535
