scenario,species,year,B,catch,B_over_B_MSY
baseline,ANC,2024,880.8816496454092,130.40551745698,1.2352927781802179
baseline,ANC,2025,917.0098006262148,137.81152191598844,1.2859566148188384
baseline,ANC,2026,942.7611398056663,143.31818276312399,1.3220686661138685
baseline,ANC,2027,960.5367302483529,147.24320763627992,1.3469960312265135
baseline,ANC,2028,972.5245497460264,149.9525671043984,1.3638069919924292
baseline,ANC,2029,980.4778561911036,151.77975323151125,1.3749602065226818
baseline,ANC,2030,985.6949963488472,152.9919979774338,1.3822763943013794
baseline,ANC,2031,989.0903764755567,153.78719564630782,1.3870378608972487
baseline,ANC,2032,991.2875170606642,154.3047202440883,1.3901189920554724
baseline,ANC,2033,992.7028150059456,154.63960890313126,1.3921037164863685
baseline,ANC,2034,993.6106302677913,154.8553289322701,1.3933767792608414
baseline,ANC,2035,994.1901725242346,154.99369833737734,1.3941894927102847
baseline,ANC,2036,994.5578440594833,155.0820322976321,1.3947050920446764
baseline,ANC,2037,994.7889754737033,155.1380728752093,1.3950292161388855
baseline,ANC,2038,994.9321991820646,155.17330197702256,1.3952300640197262
baseline,ANC,2039,995.0188586588649,155.1951321666615,1.3953515897955162
baseline,ANC,2040,995.0691286026185,155.2083408234838,1.3954220851889705
baseline,ANC,2041,995.0959795174913,155.21600297954606,1.395459739215755
baseline,ANC,2042,995.1077392021465,155.22009560199217,1.3954762302546297
baseline,ANC,2043,995.1097448844316,155.22188801575558,1.395479042896763
baseline,CMA,2024,60.57159660115891,12.18854038271835,0.21912537908353674
baseline,CMA,2025,55.95998526935889,11.394722053208797,0.20244229430503052
baseline,CMA,2026,51.633862979407056,10.65168595683356,0.18679200208986219
baseline,CMA,2027,47.56701388155951,9.95464867691322,0.17207966329996258
baseline,CMA,2028,43.73621564780791,9.299386240251563,0.15822126823914454
baseline,CMA,2029,40.12088509571475,8.682156998493907,0.14514235465269718
baseline,CMA,2030,36.70274977513377,8.099644530019054,0.13277681965098645
baseline,CMA,2031,33.46552156922555,7.548904725046057,0.12106573892002245
baseline,CMA,2032,30.39465404963435,7.02731319529002,0.10995648892325306
baseline,CMA,2033,27.477121655580586,6.532526178329524,0.09940194805412071
baseline,CMA,2034,24.701227700288893,6.062444958306186,0.08935980207513636
baseline,CMA,2035,22.05643954033816,5.615184931367516,0.07979194782224441
baseline,CMA,2036,19.533247259246224,5.18904904767799,0.07066398197489301
baseline,CMA,2037,17.123042270783905,4.782505042111308,0.06194476188823391
baseline,CMA,2038,14.818012727827474,4.3941658744668075,0.05360602722147402
baseline,CMA,2039,12.611053123072201,4.022772877442615,0.04562207290707183
baseline,CMA,2040,10.49568590429917,3.6671811912423125,0.03796946558409335
baseline,CMA,2041,8.46599329125237,3.3263471340010344,0.030626796937177993
baseline,CMA,2042,6.516557781921036,2.9993172159243766,0.02357446847052233
baseline,CMA,2043,4.642410083614565,2.6852185534893014,0.016794503141986054
baseline,DMF,2024,177.93628214721545,61.221053891155854,0.4098901126990503
baseline,DMF,2025,176.1838522114481,60.74438946306053,0.4058532535762179
baseline,DMF,2026,174.4751186167358,60.21942137999632,0.40191705238522185
baseline,DMF,2027,172.9249532300252,59.70754322648214,0.39834612543657805
baseline,DMF,2028,171.58744371283888,59.24316668572325,0.395265067879795
baseline,DMF,2029,170.4851583077453,58.842494571542545,0.3927258674229342
baseline,DMF,2030,169.6260843501419,58.51228755767511,0.3907469235164433
baseline,DMF,2031,169.00581727427604,58.25493837667291,0.38931808989936334
baseline,DMF,2032,168.61550494052423,58.06912757125399,0.3884189749772195
baseline,DMF,2033,168.444881529142,57.9522033430929,0.38802593063304974
baseline,DMF,2034,168.48354452565874,57.901090403641774,0.3881149938629222
baseline,DMF,2035,168.7215461521843,57.91267251528724,0.38866324918410733
baseline,DMF,2036,169.14966889344092,57.98396966394533,0.38964946333079564
baseline,DMF,2037,169.75953727200056,58.11222059723885,0.39105434273707984
baseline,DMF,2038,170.54364159935454,58.2949163085363,0.39286058824939774
baseline,DMF,2039,171.49531619088782,58.529807151960014,0.39505284494302506
baseline,DMF,2040,172.60869716949296,58.814896316337595,0.39761760491940734
baseline,DMF,2041,173.87867496595354,59.148427184607414,0.40054309788708575
baseline,DMF,2042,175.3008506440366,59.52886910455789,0.4038191905531392
baseline,DMF,2043,176.87150161643498,59.95490430531866,0.40743730764718195
baseline,LPF,2024,232.2182933795209,35.41364481001113,0.4413562329623526
baseline,LPF,2025,218.52458507629447,34.19262416416887,0.4153298444981167
baseline,LPF,2026,205.05119923399093,32.98788645740786,0.38972220293781656
baseline,LPF,2027,191.81013009741247,31.802532161658892,0.36455610465389165
baseline,LPF,2028,178.78917966949962,30.637616500142503,0.3398083660204806
baseline,LPF,2029,165.96474958079793,29.4920663240316,0.3154341357586644
baseline,LPF,2030,153.3096545494784,28.363805508665827,0.2913817452707394
baseline,LPF,2031,140.79020508963825,27.25044236193645,0.26758716400867205
baseline,LPF,2032,128.37125441473086,26.149012968365653,0.24398359166536682
baseline,LPF,2033,116.01760381459219,25.056425202863103,0.2205041292472215
baseline,LPF,2034,103.69426093460321,23.96958237223036,0.19708226996188827
baseline,LPF,2035,91.36633459190641,22.88540593790618,0.1736516993050037
baseline,LPF,2036,78.9987921864367,21.800826262164165,0.15014583399335363
baseline,LPF,2037,66.5561488704604,20.71276126575085,0.12649723119762835
baseline,LPF,2038,54.00211116691727,19.618089081810545,0.1026369112001523
baseline,LPF,2039,41.29918117222324,18.51361670233141,0.07849360513907577
baseline,LPF,2040,28.408219695268656,17.39604515691245,0.05399292470632037
baseline,LPF,2041,15.28796182847834,16.26193107884117,0.02905644143746209
baseline,LPF,2042,1.894474619260336,15.107644086264754,0.0036006559570783032
baseline,LPF,2043,0.21538733306969643,1.894474619260336,4.093671543614584e-4
baseline,MPF,2024,114.38962973541648,45.712846606324604,0.4541755062524698
baseline,MPF,2025,112.99600373282269,45.04228829699809,0.4486422179926978
baseline,MPF,2026,111.83533850813694,44.49854522606999,0.4440338831529875
baseline,MPF,2027,110.84261630887575,44.04569512682136,0.4400923535889843
baseline,MPF,2028,109.97869226637584,43.65837039536533,0.4366622075147848
baseline,MPF,2029,109.21761868401332,43.32129810262452,0.43364042153327237
baseline,MPF,2030,108.53874599397744,43.02435438450657,0.4309450080732307
baseline,MPF,2031,107.9300960508996,42.75948251747603,0.42852840880048804
baseline,MPF,2032,107.38303217997678,42.522009057198034,0.42635633244091325
baseline,MPF,2033,106.89054872759725,42.30856428175917,0.4244009635685531
baseline,MPF,2034,106.44668910875777,42.116414835437325,0.4226386520062399
baseline,MPF,2035,106.04629435265574,41.94323667159742,0.42104891444459125
baseline,MPF,2036,105.68485770439314,41.787016944166076,0.4196138571489032
baseline,MPF,2037,105.35842171129445,41.64599727841179,0.41831776734803977
baseline,MPF,2038,105.06349791428164,41.51863361770325,0.4171467943750175
baseline,MPF,2039,104.79700151758088,41.403564889953444,0.4160886902779417
baseline,MPF,2040,104.55619720766164,41.29958751807344,0.41513259469813857
baseline,MPF,2041,104.33865371943914,41.20563428045839,0.41426885447864564
baseline,MPF,2042,104.14220543995258,41.120756584343106,0.4134888712144756
baseline,MPF,2043,103.9649197577029,41.04410948492923,0.41278497161559324
baseline,NTU,2024,28.728612520109312,27.897638639796387,0.6223903726221771
baseline,NTU,2025,29.175915976429636,28.728612520109312,0.6320809681794642
baseline,NTU,2026,29.45681704798641,29.175915976429636,0.6381665430562117
baseline,NTU,2027,29.676656576506463,29.45681704798641,0.6429292515224456
baseline,NTU,2028,29.87668606874706,29.676656576506463,0.647262785908205
baseline,NTU,2029,30.07057851020814,29.87668606874706,0.6514633642969146
baseline,NTU,2030,30.262120106031,30.07057851020814,0.6556130128437558
baseline,NTU,2031,30.44973655428802,30.262120106031,0.659677625120419
baseline,NTU,2032,30.631540503541316,30.44973655428802,0.6636163126445986
baseline,NTU,2033,30.806348441493107,30.631540503541316,0.6674034352410335
baseline,NTU,2034,30.97366048750694,30.806348441493107,0.6710281632570433
baseline,NTU,2035,31.13346003085522,30.97366048750694,0.6744901368298976
baseline,NTU,2036,31.286034885938914,31.13346003085522,0.6777955913081409
baseline,NTU,2037,31.431850868868885,31.286034885938914,0.6809546183543141
baseline,NTU,2038,31.571470143116173,31.431850868868885,0.6839793969461511
baseline,NTU,2039,31.705501478721473,31.571470143116173,0.6868831157683546
baseline,NTU,2040,31.834571767273317,31.705501478721473,0.6896793560994879
baseline,NTU,2041,31.959311220924292,31.834571767273317,0.6923817711563994
baseline,NTU,2042,32.080347212539046,31.959311220924292,0.6950039526442479
baseline,NTU,2043,32.198303526811664,32.080347212539046,0.6975594145323527
baseline,SAR,2024,148.88582611941092,127.66512598265928,0.7129344038448868
baseline,SAR,2025,162.43645883095977,148.88582611941092,0.7778211194290884
baseline,SAR,2026,169.89320105029674,162.43645883095977,0.8135274603705308
baseline,SAR,2027,174.11758299185425,169.89320105029674,0.8337557608045958
baseline,SAR,2028,176.44277357941274,174.11758299185425,0.8448898519976502
baseline,SAR,2029,177.09202741539372,176.44277357941274,0.8479987805542736
baseline,SAR,2030,177.26528096877553,177.09202741539372,0.8488283989404805
baseline,SAR,2031,177.31092081257518,177.26528096877553,0.8490469436849934
baseline,SAR,2032,177.3229020604979,177.31092081257518,0.8491043154581686
baseline,SAR,2033,177.32604447274076,177.3229020604979,0.8491193627857577
baseline,SAR,2034,177.32686845915944,177.32604447274076,0.8491233084149791
baseline,SAR,2035,177.3270845068433,177.32686845915944,0.8491243429515143
baseline,SAR,2036,177.32714115320337,177.3270845068433,0.8491246142005646
baseline,SAR,2037,177.32715600546265,177.32714115320337,0.849124685320072
baseline,SAR,2038,177.32715989961142,177.32715600546265,0.8491247039670629
baseline,SAR,2039,177.32716092062716,177.32715989961142,0.8491247088561599
baseline,SAR,2040,177.3271611883296,177.32716092062716,0.8491247101380432
baseline,SAR,2041,177.32716125851914,177.3271611883296,0.8491247104741434
baseline,SAR,2042,177.32716127692225,177.32716125851914,0.849124710562266
baseline,SAR,2043,177.3271612817474,177.32716127692225,0.8491247105853711
baseline,SCP,2024,91.76704193868962,17.13480159444451,0.20399254019782212
baseline,SCP,2025,92.79927439872793,17.29780784513888,0.20628713003257504
baseline,SCP,2026,93.85896153668872,17.471169792469556,0.2086427499427385
baseline,SCP,2027,94.91987198649409,17.64914271321198,0.21100108920056052
baseline,SCP,2028,95.96712616100679,17.827321087407746,0.21332907139088053
baseline,SCP,2029,96.99165090657715,18.0032059099379,0.21560652744622616
baseline,SCP,2030,97.9860652186501,18.17527335778192,0.21781704984341052
baseline,SCP,2031,98.94763898418066,18.34228380191004,0.21995456970755975
baseline,SCP,2032,99.87524944400451,18.503778723788667,0.22201659121349387
baseline,SCP,2033,100.76837239397145,18.65956955764154,0.224001949087342
baseline,SCP,2034,101.62673837593493,18.809568264140495,0.22591004434007025
baseline,SCP,2035,102.4501944467732,18.95372958817992,0.22774053698844224
baseline,SCP,2036,103.23863614551274,19.092027843183924,0.22949319482208172
baseline,SCP,2037,103.99196823825675,19.224445485083237,0.2311678061418414
baseline,SCP,2038,104.71007963402225,19.35096651948274,0.23276412399923815
baseline,SCP,2039,105.39282612672125,19.471572288812684,0.23428182783292906
baseline,SCP,2040,106.04001761177692,19.58623857386934,0.23572049505202838
baseline,SCP,2041,106.65140776426995,19.694933446864248,0.2370795780912563
baseline,SCP,2042,107.22668487924531,19.7976155378838,0.23835838404949894
baseline,SCP,2043,107.76546299356343,19.89423249653205,0.239556054954225
post_1987,ANC,2024,817.3776391052377,126.33578177671974,1.3246797480088124
post_1987,ANC,2025,839.5069394657279,131.4358492188968,1.3605435086779138
post_1987,ANC,2026,853.9581099101094,134.89824286565855,1.3839637393116406
post_1987,ANC,2027,863.159915362093,137.1593012778003,1.3988766079101786
post_1987,ANC,2028,868.9201319651598,138.5990337689625,1.4082118795314817
post_1987,ANC,2029,872.4872095201364,139.50028853280668,1.4139928492700553
post_1987,ANC,2030,874.6811332486984,140.05840046868641,1.4175484228420012
post_1987,ANC,2031,876.0247531545278,140.40166606929324,1.4197259549802943
post_1987,ANC,2032,876.845357463104,140.6118914695464,1.4210558640170643
post_1987,ANC,2033,877.345543298098,140.7402848257861,1.4218664881571896
post_1987,ANC,2034,877.6498726007088,140.81854488051314,1.422359698204305
post_1987,ANC,2035,877.8346195667298,140.86616083884522,1.4226591076237527
post_1987,ANC,2036,877.9463804466861,140.8950667107431,1.422840232439523
post_1987,ANC,2037,878.0135857108821,140.91255303676397,1.4229491483777392
post_1987,ANC,2038,878.0535735144432,140.9230681039369,1.423013954449022
post_1987,ANC,2039,878.0769182016835,140.9293246739478,1.423051787921497
post_1987,ANC,2040,878.090072583698,140.9329772294046,1.4230731065172335
post_1987,ANC,2041,878.0969785422039,140.93503538976086,1.423084298630812
post_1987,ANC,2042,878.1000479715219,140.93611590954535,1.4230892730889584
post_1987,ANC,2043,878.1007599866495,140.93659615846403,1.4230904270133804
post_1987,CMA,2024,314.9624431597225,21.809469889435533,1.7943621747325806
post_1987,CMA,2025,314.09108954723933,21.678134836327292,1.7893980147287052
post_1987,CMA,2026,313.7192120251183,21.6226855637448,1.7872794035297537
post_1987,CMA,2027,313.5599296513118,21.5990208450864,1.786371961157283
post_1987,CMA,2028,313.491768177594,21.588884785929416,1.7859836406674297
post_1987,CMA,2029,313.4627332706198,21.58454727693002,1.7858182268539644
post_1987,CMA,2030,313.4504870653049,21.58269961778435,1.7857484594004844
post_1987,CMA,2031,313.44542563704476,21.58192032087563,1.7857196241040314
post_1987,CMA,2032,313.44342307823206,21.581598232906714,1.7857082153920905
post_1987,CMA,2033,313.4427111908813,21.581470798501353,1.785704159722081
post_1987,CMA,2034,313.442535260209,21.58142549698978,1.7857031574332347
post_1987,CMA,2035,313.44257537918395,21.581414301503052,1.7857033859937272
post_1987,CMA,2036,313.44269749247263,21.581416854505584,1.7857040816813274
post_1987,CMA,2037,313.44284652702515,21.581424625280768,1.7857049307411743
post_1987,CMA,2038,313.4430006513697,21.581434109211756,1.7857058087979079
post_1987,CMA,2039,313.44315179931925,21.58144391703566,1.7857066698979196
post_1987,CMA,2040,313.44329744409083,21.581453535454333,1.785707499645957
post_1987,CMA,2041,313.4434371714435,21.581462803673947,1.785708295682062
post_1987,CMA,2042,313.4435712853519,21.581471695333953,1.7857090597379979
post_1987,CMA,2043,313.4437002647227,21.58148022977801,1.7857097945421285
post_1987,DMF,2024,340.79730238428385,61.68506586056225,1.1284652774970503
post_1987,DMF,2025,344.2723828080301,62.39728456529615,1.139972139691298
post_1987,DMF,2026,346.96878648193,62.95767142117072,1.1489006080178474
post_1987,DMF,2027,349.0514976624732,63.39248989807853,1.1557969866976519
post_1987,DMF,2028,350.6530162759284,63.72834513820019,1.1611000161932068
post_1987,DMF,2029,351.88072147895815,63.9866039037488,1.165165255803171
post_1987,DMF,2030,352.81957803887974,64.1845820149791,1.1682740451656737
post_1987,DMF,2031,353.5361607965562,64.3359807774758,1.1706468302635415
post_1987,DMF,2032,354.082208758594,64.45153596169664,1.1724549319142783
post_1987,DMF,2033,354.4977040632194,64.53959093116214,1.1738307409977202
post_1987,DMF,2034,354.8134162117597,64.60659315240531,1.1748761430440957
post_1987,DMF,2035,355.0529536275229,64.65750447436292,1.1756693114596288
post_1987,DMF,2036,355.2343907337168,64.6961319600368,1.176270095189303
post_1987,DMF,2037,355.37154326466293,64.72539026691919,1.176724241591903
post_1987,DMF,2038,355.47495973477896,64.74750730198605,1.177066679442293
post_1987,DMF,2039,355.5526876586336,64.76418410466893,1.1773240560780476
post_1987,DMF,2040,355.610863162922,64.77671840648392,1.1775166897524665
post_1987,DMF,2041,355.65416327733635,64.78609971107598,1.1776600672829998
post_1987,DMF,2042,355.68615209827345,64.79308223004443,1.1777659902860371
post_1987,DMF,2043,355.7095452910871,64.79824070484277,1.1778434510101548
post_1987,LPF,2024,338.7538675059912,49.076817310536235,1.3107417839873683
post_1987,LPF,2025,335.0450485625242,48.58934788203732,1.296391235035008
post_1987,LPF,2026,332.1278571712321,48.20805061387062,1.285103733945778
post_1987,LPF,2027,329.8184340423573,47.908139206715404,1.2761678731858428
post_1987,LPF,2028,327.9843459850968,47.67071140462976,1.2690712284453336
post_1987,LPF,2029,326.5234291557499,47.4821519800608,1.2634184967281925
post_1987,LPF,2030,325.35728858516916,47.33195764473744,1.2589063440460213
post_1987,LPF,2031,324.4247348386406,47.212068747317936,1.2552980098581692
post_1987,LPF,2032,323.67782103770196,47.11619450773115,1.252407973103357
post_1987,LPF,2033,323.0787519491399,47.03940559023612,1.2500899925245534
post_1987,LPF,2034,322.5976333741382,46.97781633220178,1.2482283983708098
post_1987,LPF,2035,322.2107478345841,46.92835336269351,1.2467314205029332
post_1987,LPF,2036,321.8992352227342,46.8885783287612,1.2455260834256128
post_1987,LPF,2037,321.64806955029,46.856552255310774,1.244554247018254
post_1987,LPF,2038,321.4452613027356,46.83073034644436,1.2437695202012173
post_1987,LPF,2039,321.28123191151906,46.80987998088785,1.243134840578362
post_1987,LPF,2040,321.1483211689033,46.79301640255651,1.2426205684752274
post_1987,LPF,2041,321.04039791913874,46.779352078726774,1.2422029805847286
post_1987,LPF,2042,320.9525514807342,46.7682566758683,1.2418630759860327
post_1987,LPF,2043,320.88084646720904,46.759225335300755,1.2415856274714496
post_1987,MPF,2024,635.9460293797009,32.36749080464483,1.8920545470574701
post_1987,MPF,2025,635.7618392413619,32.29214428432151,1.8915065480565056
post_1987,MPF,2026,635.733899592282,32.28291065084666,1.891423422543266
post_1987,MPF,2027,635.7243067625149,32.28151000865514,1.891394882138355
post_1987,MPF,2028,635.7187828953485,32.281029110628474,1.8913784476336852
post_1987,MPF,2029,635.714596788986,32.280752193714044,1.8913659932095492
post_1987,MPF,2030,635.7113602292783,32.280542340069395,1.891356363858584
post_1987,MPF,2031,635.7087747567034,32.28038008813599,1.8913486716096894
post_1987,MPF,2032,635.7066837621031,32.28025047584333,1.8913424505222722
post_1987,MPF,2033,635.7049645051734,32.2801456522197,1.8913373354217116
post_1987,MPF,2034,635.7035312080035,32.280059464172496,1.8913330711031966
post_1987,MPF,2035,635.702319694695,32.27998761157036,1.8913294666318134
post_1987,MPF,2036,635.7012822827226,32.279926877212155,1.8913263801434181
post_1987,MPF,2037,635.7003828388121,32.279874870725806,1.8913237041349804
post_1987,MPF,2038,635.6995937617168,32.2798297807146,1.8913213564877946
post_1987,MPF,2039,635.6988937473104,32.2797902235008,1.8913192738182294
post_1987,MPF,2040,635.6982662251243,32.27975513108753,1.8913174068261407
post_1987,MPF,2041,635.6976982159035,32.279723672780825,1.8913157168958963
post_1987,MPF,2042,635.6971794934685,32.27969519791783,1.8913141736027606
post_1987,MPF,2043,635.6967019588841,32.279669193850054,1.8913127528509355
post_1987,NTU,2024,193.05693178676339,19.202144346868867,1.8446856996129963
post_1987,NTU,2025,193.36513888806235,19.05557807241483,1.8476306611174782
post_1987,NTU,2026,193.31445585602137,19.08442710522567,1.8471463777325008
post_1987,NTU,2027,193.32847344290877,19.079683033956258,1.8472803177150487
post_1987,NTU,2028,193.329007765539,19.080995118662734,1.8472854232417233
post_1987,NTU,2029,193.33109701727858,19.08104513273128,1.8473053863312183
post_1987,NTU,2030,193.33222083081654,19.081240692443345,1.8473161245250938
post_1987,NTU,2031,193.33307746137496,19.081345884483024,1.8473243097486252
post_1987,NTU,2032,193.33368472467706,19.081426067460583,1.8473301122335135
post_1987,NTU,2033,193.33414050328096,19.081482908976735,1.8473344672611474
post_1987,NTU,2034,193.33449284396346,19.08152557110828,1.8473378339251276
post_1987,NTU,2035,193.33477662714935,19.08155855116574,1.8473405455127405
post_1987,NTU,2036,193.33501414629555,19.081585114052857,1.8473428150410516
post_1987,NTU,2037,193.33522022065387,19.08160734649855,1.8473447841100632
post_1987,NTU,2038,193.33540459362686,19.081626635625568,1.8473465458193348
post_1987,NTU,2039,193.33557370153355,19.0816438934432,1.8473481616687855
post_1987,NTU,2040,193.3357317887557,19.081659722408624,1.84734967221407
post_1987,NTU,2041,193.33588165025324,19.081674519807642,1.847351104161418
post_1987,NTU,2042,193.33602511927455,19.081688547256203,1.8473524750277706
post_1987,NTU,2043,193.33616339125027,19.0817019763514,1.8473537962356334
post_1987,SAR,2024,228.38963556647016,51.2740194069163,1.713234934357492
post_1987,SAR,2025,227.732758567361,51.73467217600395,1.70830745759324
post_1987,SAR,2026,227.94172341390723,51.625428648021895,1.7098749800172226
post_1987,SAR,2027,227.90617143949592,51.66018105538568,1.7096082915381428
post_1987,SAR,2028,227.93105082353728,51.65426849775817,1.709794920978569
post_1987,SAR,2029,227.9352377230054,51.65840612427026,1.7098263284564856
post_1987,SAR,2030,227.94194182407938,51.65910243677599,1.7098766183925194
post_1987,SAR,2031,227.94553288188692,51.6602173786209,1.7099035562422686
post_1987,SAR,2032,227.94809499519604,51.66081459822915,1.709922775599645
post_1987,SAR,2033,227.94946502054816,51.66124069671846,1.7099330526653636
post_1987,SAR,2034,227.95000672699533,51.66146854211888,1.7099371162053187
post_1987,SAR,2035,227.94987085584378,51.66155863192793,1.7099360969856732
post_1987,SAR,2036,227.94921488465715,51.66153603554541,1.7099311763037426
post_1987,SAR,2037,227.9481539632646,51.661426942660775,1.7099232179408868
post_1987,SAR,2038,227.94678301927155,51.66125050354662,1.7099129339841035
post_1987,SAR,2039,227.94517723039783,51.661022505369374,1.7099008883692102
post_1987,SAR,2040,227.94339700511648,51.66075545074272,1.7098875342424544
post_1987,SAR,2041,227.9414906321329,51.66045938604476,1.7098732338352347
post_1987,SAR,2042,227.93949674048858,51.66014234204618,1.7098582769182453
post_1987,SAR,2043,227.93744616547318,51.659810743043714,1.7098428947983728
post_1987,SCP,2024,136.34270808679742,20.153197932528155,0.41548695469909425
post_1987,SCP,2025,137.18726900109633,20.27101318988317,0.4180606460043641
post_1987,SCP,2026,138.00906493042723,20.38489933641992,0.4205649639312491
post_1987,SCP,2027,138.80833600280852,20.49571570270746,0.42300064023915523
post_1987,SCP,2028,139.5870816136378,20.60349466918659,0.42537376782968805
post_1987,SCP,2029,140.34626126468225,20.708505847478417,0.4276872706616927
post_1987,SCP,2030,141.08667247359898,20.810878623109815,0.42994357906816827
post_1987,SCP,2031,141.80882076774265,20.910720538605208,0.43214423357903425
post_1987,SCP,2032,142.51307169194058,21.008099762596864,0.4342903481453721
post_1987,SCP,2033,143.19969418339298,21.1030655875527,0.43638274231888263
post_1987,SCP,2034,143.86890758930977,21.195654278733002,0.43842208453211756
post_1987,SCP,2035,144.520907061384,21.28589541435774,0.4404089694848874
post_1987,SCP,2036,145.15588061112337,21.37381530996429,0.4423439701182012
post_1987,SCP,2037,145.77401891155415,21.459439318260493,0.4442276674837058
post_1987,SCP,2038,146.3755209088521,21.54279315085086,0.44606066784441195
post_1987,SCP,2039,146.9605966493724,21.623903634945766,0.44784361128970673
post_1987,SCP,2040,147.52946840745767,21.702799094576772,0.4495771751722042
post_1987,SCP,2041,148.08237076386987,21.779509502677644,0.4512620743467564
post_1987,SCP,2042,148.6195500620587,21.85406649166067,0.45289905951350096
post_1987,SCP,2043,149.1412635093707,21.926503280096263,0.4544889144789109
thai_dof,ANC,2024,265.8419678583533,125.68698101809626,1.3282251565441299
thai_dof,ANC,2025,265.7565966575376,125.89169492943817,1.3277986167562954
thai_dof,ANC,2026,265.6480161211843,125.85240585767872,1.3272561162585097
thai_dof,ANC,2027,265.5522469249821,125.80243551119528,1.326777625008078
thai_dof,ANC,2028,265.4694954061898,125.75836113030358,1.326364173927018
thai_dof,ANC,2029,265.39784737279894,125.72027767441952,1.326006199145484
thai_dof,ANC,2030,265.33560296970063,125.68730420446217,1.3256952076842212
thai_dof,ANC,2031,265.2813505490778,125.65865842231798,1.3254241465329093
thai_dof,ANC,2032,265.2339126738468,125.63369066707254,1.3251871328673757
thai_dof,ANC,2033,265.1923000310895,125.611859065007,1.3249792237874594
thai_dof,ANC,2034,265.1556762051898,125.59270831988718,1.3247962403131768
thai_dof,ANC,2035,265.12333041080757,125.57585350104749,1.3246346311505868
thai_dof,ANC,2036,265.09465607016335,125.56096749470741,1.3244913656575654
thai_dof,ANC,2037,265.0691337622633,125.54777114492599,1.324363848653087
thai_dof,ANC,2038,265.0463174889301,125.53602540658599,1.3242498517982493
thai_dof,ANC,2039,265.02582348820283,125.52552502482133,1.3241474577047077
thai_dof,ANC,2040,265.00732102732866,125.5160933867804,1.3240550139337373
thai_dof,ANC,2041,264.9905247521203,125.50757828442661,1.3239710947713577
thai_dof,ANC,2042,264.97518827418253,125.49984839360104,1.3238944691882195
thai_dof,ANC,2043,264.9610987540443,125.49279032277065,1.3238240737753284
thai_dof,CMA,2024,78.30597996483542,14.09917533146784,0.29850964456960605
thai_dof,CMA,2025,74.47792859008628,13.487771900561665,0.2839167583585694
thai_dof,CMA,2026,70.8475866564388,12.90835184707454,0.27007755883937695
thai_dof,CMA,2027,67.39805894391006,12.3588574146733,0.2569276398694289
thai_dof,CMA,2028,64.11253574557044,11.836731315508889,0.24440292128980087
thai_dof,CMA,2029,60.97583084933505,11.339429205126454,0.2324455118542067
thai_dof,CMA,2030,57.974468634688385,10.864652473879179,0.2210040412497758
thai_dof,CMA,2031,55.09648263297004,10.410361430029548,0.2100328921902143
thai_dof,CMA,2032,52.331206989382814,9.974744809508064,0.19949140544967547
thai_dof,CMA,2033,49.669097180057655,9.556188211265193,0.18934319641961453
thai_dof,CMA,2034,47.10157901230276,9.15324696071605,0.17955557948375983
thai_dof,CMA,2035,44.62092120010667,8.764623254173658,0.17009908226413492
thai_dof,CMA,2036,42.22012731629478,8.389146871670798,0.16094703373267666
thai_dof,CMA,2037,39.89284372604909,8.025758822663487,0.15207521324528997
thai_dof,CMA,2038,37.633280773285755,7.673497410699487,0.14346155009702305
thai_dof,CMA,2039,35.43614501522077,7.331486304060812,0.13508586519395843
thai_dof,CMA,2040,33.296580711956054,6.99892427867788,0.12692964800609902
thai_dof,CMA,2041,31.210119103347505,6.675076361898544,0.11897586320609323
thai_dof,CMA,2042,29.172634264621966,6.359266154952714,0.11120878238676055
thai_dof,CMA,2043,27.180304540078325,6.050869151187078,0.10361383704278992
thai_dof,DMF,2024,183.65842933527782,62.99918910440052,0.5880178622227954
thai_dof,DMF,2025,182.77312927391236,62.63499210084113,0.5851834034321265
thai_dof,DMF,2026,182.20115532283438,62.36893595682669,0.5833521185780781
thai_dof,DMF,2027,181.90065220597074,62.19704261744772,0.5823899999265739
thai_dof,DMF,2028,181.82604262957,62.10673346236448,0.5821511229865103
thai_dof,DMF,2029,181.93743979685706,62.08431130622781,0.5825077824897135
thai_dof,DMF,2030,182.20135976109216,62.11778910892538,0.5833527731265665
thai_dof,DMF,2031,182.58974967744223,62.1971040565653,0.5845962783070673
thai_dof,DMF,2032,183.07901471113968,62.313825525395664,0.5861627546197332
thai_dof,DMF,2033,183.64923960130284,62.46086264190266,0.5879884395181261
thai_dof,DMF,2034,184.2835784754039,62.632230342096726,0.5900193976942564
thai_dof,DMF,2035,184.96777141580645,62.8228659945799,0.5922099732731697
thai_dof,DMF,2036,185.6897554597741,63.028484115971025,0.5945215443544937
thai_dof,DMF,2037,186.43934661124095,63.24545946609324,0.5969215049118282
thai_dof,DMF,2038,187.2079759764688,63.47073148407888,0.5993824199801905
thai_dof,DMF,2039,187.9884677880472,63.7017249901376,0.6018813149570658
thai_dof,DMF,2040,188.77485039745795,63.93628347588209,0.60439907045867
thai_dof,DMF,2041,189.56219368875506,64.172612302582,0.6069199017685077
thai_dof,DMF,2042,190.3464680673385,64.40922983966321,0.6094309073627506
thai_dof,DMF,2043,191.12442139884197,64.64492508709537,0.6119216749063665
thai_dof,LPF,2024,338.87117745874485,46.601299724412925,1.163657110609395
thai_dof,LPF,2025,334.4964155741323,46.105489653158166,1.1486345205725892
thai_dof,LPF,2026,330.7503988890659,45.68794977276653,1.1357709923589225
thai_dof,LPF,2027,327.51175180379005,45.3304191459845,1.1246497316550834
thai_dof,LPF,2028,324.6968476266901,45.02131333582072,1.1149835709448968
thai_dof,LPF,2029,322.2408242505555,44.752650769852444,1.1065497788269174
thai_dof,LPF,2030,320.091017212576,44.51824082166365,1.0991675096562457
thai_dof,LPF,2031,318.2039579050209,44.31305704316812,1.092687495634854
thai_dof,LPF,2032,316.54342488131454,44.13295066518677,1.0869853551491149
thai_dof,LPF,2033,315.079005150963,43.97446460848425,1.0819566523691395
thai_dof,LPF,2034,313.7849922688149,43.834696169611085,1.0775131133735132
thai_dof,LPF,2035,312.6395288296725,43.711191851367445,1.0735796815428778
thai_dof,LPF,2036,311.6239314238674,43.601865520017896,1.0700921995101946
thai_dof,LPF,2037,310.7221538163222,43.504933977106404,1.0669955657596417
thai_dof,LPF,2038,309.92035605835804,43.418865723719016,1.0642422549902735
thai_dof,LPF,2039,309.2065556385457,43.34233983527326,1.0617911201953358
thai_dof,LPF,2040,308.57034278678333,43.274212666350024,1.0596064150387443
thai_dof,LPF,2041,308.0026464008458,43.21349067849445,1.0576569900651676
thai_dof,LPF,2042,307.49554025837887,43.15930809957127,1.055915627247177
thai_dof,LPF,2043,307.04208154454375,43.11090842807915,1.054358485501812
thai_dof,MPF,2024,226.55798562785535,30.475254375901596,0.49349220414911665
thai_dof,MPF,2025,224.73294853576664,30.21395786323603,0.489516879356513
thai_dof,MPF,2026,223.0003615357882,29.97388460237291,0.48574293082351394
thai_dof,MPF,2027,221.33463293987344,29.74597262588928,0.48211461432858166
thai_dof,MPF,2028,219.72922834256818,29.52685549261692,0.47861769652592845
thai_dof,MPF,2029,218.18151717614168,29.315673638642316,0.47524644747112527
thai_dof,MPF,2030,216.6894187604309,29.112081027725562,0.4719963349935804
thai_dof,MPF,2031,215.25091000688192,28.915803958212184,0.46886295236966025
thai_dof,MPF,2032,213.86397895841765,28.726576304296728,0.4658419171224907
thai_dof,MPF,2033,212.52663402286674,28.544133404456232,0.46292889113435914
thai_dof,MPF,2034,211.23691638135975,28.368213276055425,0.46011960767487986
thai_dof,MPF,2035,209.99290983110072,28.198558247600683,0.45740989284067546
thai_dof,MPF,2036,208.79274803767004,28.034916253500736,0.45479568135245835
thai_dof,MPF,2037,207.63461969384755,27.877041788065913,0.45227302779206113
thai_dof,MPF,2038,206.51677202768127,27.724696584121993,0.4498381142437677
thai_dof,MPF,2039,205.43751301119732,27.577650074476743,0.44748725510536
thai_dof,MPF,2040,204.39521254587535,27.435679682463128,0.44521689967034
thai_dof,MPF,2041,203.38830284257781,27.298570977881887,0.44302363295549707
thai_dof,MPF,2042,202.4152781684762,27.16611772697908,0.44090417514965913
thai_dof,MPF,2043,201.47469409853028,27.03812185915565,0.4388553799832526
thai_dof,NTU,2024,251.83113186025116,25.293912875091294,0.2435751503590744
thai_dof,NTU,2025,251.62480359978025,25.273062995855593,0.24337558632306228
thai_dof,NTU,2026,251.4144377863711,25.253163427958476,0.24317211710044062
thai_dof,NTU,2027,251.19673816382596,25.232874453594942,0.24296155449881607
thai_dof,NTU,2028,250.97242291941726,25.21187816152072,0.24274459316055308
thai_dof,NTU,2029,250.74282080971457,25.190243818138573,0.2425225182805314
thai_dof,NTU,2030,250.50915721298816,25.168099576913832,0.24229651506446492
thai_dof,NTU,2031,250.27247642668434,25.145563620872093,0.24206759357376118
thai_dof,NTU,2032,250.03365814294958,25.122736668489296,0.24183660466091514
thai_dof,NTU,2033,249.7934417557211,25.099703562692707,0.2416042634797209
thai_dof,NTU,2034,249.55244771862652,25.076535615186422,0.24137117014297838
thai_dof,NTU,2035,249.311195437475,25.053292666338713,0.24113782702840045
thai_dof,NTU,2036,249.07011827098958,25.030024810844022,0.24090465328756444
thai_dof,NTU,2037,248.82957618700274,25.006773844485984,0.24067199708718928
thai_dof,NTU,2038,248.58986650507984,24.983574484778867,0.24044014599957517
thai_dof,NTU,2039,248.3512330604399,24.96045540705227,0.240209335866096
thai_dof,NTU,2040,248.11387405175688,24.937440128276126,0.23997975838771998
thai_dof,NTU,2041,247.87794878131143,24.914547763950956,0.23975156764419372
thai_dof,NTU,2042,247.64358345517147,24.891793678169588,0.23952488570407054
thai_dof,NTU,2043,247.41087618004275,24.86919004302234,0.23929980745774562
thai_dof,SAR,2024,121.21549632418885,108.42512641965173,0.8883001192313491
thai_dof,SAR,2025,125.77368946543979,121.21549632418885,0.9217037980813175
thai_dof,SAR,2026,127.27391548520617,125.77368946543979,0.9326978623110946
thai_dof,SAR,2027,128.09066650565305,127.27391548520617,0.938683235888289
thai_dof,SAR,2028,128.73705974023636,128.09066650565305,0.9434201812852292
thai_dof,SAR,2029,129.30216350662644,128.73705974023636,0.947561415354179
thai_dof,SAR,2030,129.80689762390065,129.30216350662644,0.9512602442180702
thai_dof,SAR,2031,130.2612710565706,129.80689762390065,0.9545900162905847
thai_dof,SAR,2032,130.672595372196,130.2612710565706,0.9576043127270372
thai_dof,SAR,2033,131.0468052509183,130.672595372196,0.9603466244773231
thai_dof,SAR,2034,131.38883500421733,131.0468052509183,0.9628531115177557
thai_dof,SAR,2035,131.7028298139754,131.38883500421733,0.9651541508683693
thai_dof,SAR,2036,131.99229860293147,131.7028298139754,0.9672754568691774
thai_dof,SAR,2037,132.26023117423435,131.99229860293147,0.9692389396106725
thai_dof,SAR,2038,132.50918970495752,132.26023117423435,0.9710633754231828
thai_dof,SAR,2039,132.74138112868803,132.50918970495752,0.9727649373161662
thai_dof,SAR,2040,132.95871503927228,132.74138112868803,0.9743576193126056
thai_dof,SAR,2041,133.1628504835735,132.95871503927228,0.9758535793590598
thai_dof,SAR,2042,133.3552341285088,133.1628504835735,0.9772634190240904
thai_dof,SAR,2043,133.5371316593761,133.3552341285088,0.9785964135937381
thai_dof,SCP,2024,136.48626102925664,25.96433502009657,0.44729857845479915
thai_dof,SCP,2025,137.32943153627045,26.11748331959071,0.45006185269455173
thai_dof,SCP,2026,138.12431153377753,26.267180098893977,0.4526668672230899
thai_dof,SCP,2027,138.86382140538538,26.40830336467426,0.4550904204205255
thai_dof,SCP,2028,139.55021086200566,26.539596199423347,0.4573398851351227
thai_dof,SCP,2029,140.18731784000255,26.66145801758357,0.45942783921513486
thai_dof,SCP,2030,140.77887078155388,26.774570207685606,0.46136650166981186
thai_dof,SCP,2031,141.32827050677176,26.879594718624954,0.46316701781143826
thai_dof,SCP,2032,141.838600084773,26.977135333163872,0.4648394916052252
thai_dof,SCP,2033,142.3126593498979,27.067739420444564,0.4663930987873301
thai_dof,SCP,2034,142.75299727336198,27.151904064010434,0.46783619295461043
thai_dof,SCP,2035,143.1619398909163,27.230081809080197,0.4691763970903397
thai_dof,SCP,2036,143.541614335952,27.302685620834165,0.47042068232651946
thai_dof,SCP,2037,143.89396966291258,27.370093151259884,0.47157543618725173
thai_dof,SCP,2038,144.22079501434422,27.4326504361478,0.47264652212656855
thai_dof,SCP,2039,144.52373556324162,27.490675120475586,0.4736393317753659
thai_dof,SCP,2040,144.8043065700537,27.544459288817663,0.47455883100962054
thai_dof,SCP,2041,145.0639058249093,27.594271961030778,0.4754096007265809
thai_dof,SCP,2042,145.3038246940533,27.640361301250994,0.4761958730466174
thai_dof,SCP,2043,145.52525795046853,27.682956579081736,0.476921563530555
recent_2016,ANC,2024,135.8203004957691,118.13035256263092,1.220999821219133
recent_2016,ANC,2025,137.8701581456618,114.00550280859014,1.2394276690070392
recent_2016,ANC,2026,136.99391385573983,115.67258424634552,1.231550392065126
recent_2016,ANC,2027,137.56754877741795,114.95996374279763,1.2367072657744127
recent_2016,ANC,2028,137.14603373531114,115.42648205446082,1.232917922140398
recent_2016,ANC,2029,137.56592112639947,115.0836778102404,1.236692633487521
recent_2016,ANC,2030,137.18675820571397,115.425158339714,1.2332840277291768
recent_2016,ANC,2031,137.59070889743552,115.1167976752586,1.2369154710448889
recent_2016,ANC,2032,137.21099855558842,115.4453174141647,1.233501944069775
recent_2016,ANC,2033,137.61385689337925,115.13651155018181,1.2371235673221441
recent_2016,ANC,2034,137.23005030846403,115.46414291376027,1.2336732158661863
recent_2016,ANC,2035,137.63341802525818,115.15200571075306,1.2372994183432349
recent_2016,ANC,2036,137.2459464148244,115.48005133542974,1.233816118973846
recent_2016,ANC,2037,137.6499502945842,115.16493348837086,1.2374480404403567
recent_2016,ANC,2038,137.2594890510866,115.49349648334955,1.2339378648129775
recent_2016,ANC,2039,137.6640790663696,115.1759472665872,1.2375750555313338
recent_2016,ANC,2040,137.2711907236309,115.50498694620336,1.2340430607228112
recent_2016,ANC,2041,137.67629638298797,115.18546384989253,1.2376848869876946
recent_2016,ANC,2042,137.28142559280624,115.51492288578179,1.2341350703368947
recent_2016,ANC,2043,137.68698004573986,115.19378753052517,1.2377809311744798
recent_2016,CMA,2024,790.9272738353453,24.230713123582525,1.8737305549885863
recent_2016,CMA,2025,791.9590755279349,24.29111076705621,1.8761749243029977
recent_2016,CMA,2026,792.5731819963327,24.320666396500577,1.8776297610394692
recent_2016,CMA,2027,792.8202905366979,24.338257279855107,1.878215168620922
recent_2016,CMA,2028,793.0197254597232,24.34533562495187,1.8786876359657287
recent_2016,CMA,2029,793.0501012445696,24.35104837452917,1.8787595971157376
recent_2016,CMA,2030,793.1359539381363,24.351918479169868,1.87896298473491
recent_2016,CMA,2031,793.1070495868921,24.354377702115595,1.8788945094554628
recent_2016,CMA,2032,793.1623307695779,24.35354974621977,1.8790254722437505
recent_2016,CMA,2033,793.1174641302443,24.35513325801515,1.8789191818226207
recent_2016,CMA,2034,793.164907671984,24.353848067482826,1.8790315770032338
recent_2016,CMA,2035,793.1159162517874,24.355207072560304,1.8789155148518941
recent_2016,CMA,2036,793.1616653408236,24.35380372899954,1.8790238958229715
recent_2016,CMA,2037,793.1117382084777,24.35511419702133,1.8789056169413423
recent_2016,CMA,2038,793.1573908138494,24.353684050285352,1.8790137693397098
recent_2016,CMA,2039,793.1073556051663,24.354991754563436,1.8788952344219796
recent_2016,CMA,2040,793.153278744174,24.35355851201535,1.8790040277226867
recent_2016,CMA,2041,793.1033274264229,24.354873965642906,1.878885691545103
recent_2016,CMA,2042,793.1495653637254,24.35344312612373,1.8789952306124604
recent_2016,CMA,2043,793.0997248674853,24.354767597047747,1.8788771569743772
recent_2016,DMF,2024,361.6996104116327,53.21983484263382,1.712931192212479
recent_2016,DMF,2025,360.98428828693835,53.38826620822509,1.7095435812098734
recent_2016,DMF,2026,361.58800809456784,53.29739725521024,1.712402667755939
recent_2016,DMF,2027,360.8289113933443,53.3740891188333,1.7088077498185057
recent_2016,DMF,2028,361.43999513835627,53.27765938445777,1.7117017103806798
recent_2016,DMF,2029,360.69656081425563,53.355286705348156,1.7081809660766865
recent_2016,DMF,2030,361.32433709275347,53.26084659741049,1.7111539788702204
recent_2016,DMF,2031,360.59024361484865,53.34059440778199,1.7076774707952687
recent_2016,DMF,2032,361.2309573298887,53.247340888214495,1.7107117524925077
recent_2016,DMF,2033,360.50304929535025,53.328732169789674,1.7072645373406747
recent_2016,DMF,2034,361.1537597532218,53.23626440078577,1.7103461614516837
recent_2016,DMF,2035,360.4302141790926,53.31892559073272,1.7069196059696288
recent_2016,DMF,2036,361.0887252937016,53.227011994731825,1.710038172305237
recent_2016,DMF,2037,360.36837574193606,53.310664119372504,1.706626752494441
recent_2016,DMF,2038,361.0330313388282,53.219156521167534,1.7097744177703296
recent_2016,DMF,2039,360.3151006494207,53.303589192994735,1.7063744531689489
recent_2016,DMF,2040,360.9846373024941,53.212388868229766,1.7095452340721236
recent_2016,DMF,2041,360.26859017277644,53.29744159142891,1.7061541896024
recent_2016,DMF,2042,360.9420327902514,53.20648053942099,1.709343468308908
recent_2016,DMF,2043,360.22748764048345,53.29202944592473,1.7059595368916507
recent_2016,LPF,2024,376.7254132018545,45.12921792296766,1.0978241173644434
recent_2016,LPF,2025,372.9541187995404,44.690203758507664,1.0868341023469974
recent_2016,LPF,2026,368.7317977925886,44.38059651189799,1.0745297404158778
recent_2016,LPF,2027,365.86244631100936,44.03396189741063,1.066168097831428
recent_2016,LPF,2028,362.4390353512561,43.798400332335774,1.0561918578869962
recent_2016,LPF,2029,360.2528076378504,43.517352838241386,1.049820921853166
recent_2016,LPF,2030,357.43151888060675,43.33787283201489,1.041599339949713
recent_2016,LPF,2031,355.7713179992136,43.106257012394686,1.0367613107024358
recent_2016,LPF,2032,353.4147732401671,42.96996157404554,1.0298940498820361
recent_2016,LPF,2033,352.16567545890047,42.77649926203056,1.0262540255535308
recent_2016,LPF,2034,350.1733469647306,42.67395364146938,1.0204481356561055
recent_2016,LPF,2035,349.24946879870424,42.51039193728542,1.0177558412245993
recent_2016,LPF,2036,347.545978246612,42.434545465312645,1.0127916605607712
recent_2016,LPF,2037,346.8819464953985,42.2946961289322,1.0108565904921445
recent_2016,LPF,2038,345.4097250758961,42.24018194355637,1.0065663564814005
recent_2016,LPF,2039,344.95500095503314,42.119318820324146,1.0052412345513775
recent_2016,LPF,2040,343.6694067754574,42.08198790207469,1.0014948552363048
recent_2016,LPF,2041,343.38440819153635,41.976446082281555,1.0006643343638635
recent_2016,LPF,2042,342.2503778944899,41.95304890946967,0.9973596308150946
recent_2016,LPF,2043,342.10376423911003,41.85994984045372,0.9969323806186108
recent_2016,MPF,2024,311.4766863312681,22.37250947326316,1.8161314093714778
recent_2016,MPF,2025,310.8633631622343,22.21566449685146,1.812555297513806
recent_2016,MPF,2026,310.6001291092402,22.172730389437884,1.8110204550917626
recent_2016,MPF,2027,310.5978230829391,22.154303368127138,1.811007009312415
recent_2016,MPF,2028,310.527834608464,22.154141940700445,1.8105989265493507
recent_2016,MPF,2029,310.58445157159264,22.149242577962266,1.8109290438568522
recent_2016,MPF,2030,310.5332572857931,22.15320590251794,1.8106305446288171
recent_2016,MPF,2031,310.59414682645485,22.149622178510025,1.8109855741130474
recent_2016,MPF,2032,310.54407514251176,22.15388459384198,1.8106936204551338
recent_2016,MPF,2033,310.60425376581736,22.15037945468316,1.8110445047837342
recent_2016,MPF,2034,310.5535871625586,22.154592104078215,1.8107490823215646
recent_2016,MPF,2035,310.6129180518045,22.151045319126297,1.8110950237554955
recent_2016,MPF,2036,310.5615748460875,22.15519862508381,1.8107956562180443
recent_2016,MPF,2037,310.62028347490235,22.15160447632096,1.8111379694295004
recent_2016,MPF,2038,310.5683454140321,22.15571422254106,1.8108351334619055
recent_2016,MPF,2039,310.6266111701246,22.152078432476632,1.8111748644092736
recent_2016,MPF,2040,310.5741677226084,22.15615717653346,1.8108690816767947
recent_2016,MPF,2041,310.6321129506389,22.152486008179675,1.8112069437167724
recent_2016,MPF,2042,310.5792437968502,22.156542314495777,1.8108986788128612
recent_2016,MPF,2043,310.63695183510066,22.152841345671785,1.811235157867118
recent_2016,NTU,2024,94.26795235719385,39.05298511839987,0.34956046191298873
recent_2016,NTU,2025,87.2618957920673,35.82235085004623,0.3235808971950195
recent_2016,NTU,2026,80.79616596050234,33.233209800218425,0.29960494937807336
recent_2016,NTU,2027,75.50094347804693,30.843750570424355,0.27996942775471756
recent_2016,NTU,2028,70.46909131357349,28.886861160547223,0.26131052488360856
recent_2016,NTU,2029,66.30129391995051,27.027302238263847,0.24585567362563046
recent_2016,NTU,2030,62.241289377657225,25.48706127405182,0.23080053529192324
recent_2016,NTU,2031,58.853829511198875,23.986655971122463,0.21823929887995477
recent_2016,NTU,2032,55.48458914995859,22.734794626104467,0.20574562327206233
recent_2016,NTU,2033,52.65857310194267,21.489666436668234,0.19526630924840754
recent_2016,NTU,2034,49.79807585062106,20.445290889686337,0.1846591334747788
recent_2016,NTU,2035,47.38853462369766,19.38817255393357,0.17572417389179962
recent_2016,NTU,2036,44.91341694734526,18.4977084185263,0.1665460464730945
recent_2016,NTU,2037,42.82042025663005,17.583010011594062,0.15878488404520463
recent_2016,NTU,2038,40.64394439786232,16.809527297215407,0.15071416767225843
recent_2016,NTU,2039,38.7962706409852,16.005194226605525,0.143862701444678
recent_2016,NTU,2040,36.855542939756745,15.32237245288014,0.13666617648868665
recent_2016,NTU,2041,35.20096734438584,14.60516189212045,0.13053074875396428
recent_2016,NTU,2042,33.449161560789065,13.993701000505354,0.12403477611868723
recent_2016,NTU,2043,31.948428267733444,13.346307959431007,0.11846981994841893
recent_2016,SAR,2024,298.1510040524739,57.525970695954676,1.792296605275473
recent_2016,SAR,2025,303.8727808728775,56.41390620226925,1.8266923343924824
recent_2016,SAR,2026,299.79767098986565,57.23262951005281,1.802195332838997
recent_2016,SAR,2027,302.60828225157206,56.6495261231637,1.819090962753491
recent_2016,SAR,2028,300.7868568903758,57.05169367029213,1.8081416972898063
recent_2016,SAR,2029,301.83041380893314,56.791067741772565,1.8144149061575277
recent_2016,SAR,2030,301.38065572975336,56.940389254833846,1.811711243021893
recent_2016,SAR,2031,301.3532747875869,56.87603382227391,1.8115466459921088
recent_2016,SAR,2032,301.73669615893186,56.87211591071525,1.8138515344979704
recent_2016,SAR,2033,301.0609139900721,56.9269792902695,1.8097891564724384
recent_2016,SAR,2034,301.94967348060135,56.8302822973604,1.81513182041162
recent_2016,SAR,2035,300.8815628842378,56.957454001666534,1.8087110102519997
recent_2016,SAR,2036,302.0766077360582,56.80461912746888,1.8158948694440105
recent_2016,SAR,2037,300.7711384841766,56.975616896997956,1.8080472081024876
recent_2016,SAR,2038,302.1518568722241,56.78881861079097,1.8163472199961364
recent_2016,SAR,2039,300.70271335223936,56.98638422043668,1.8076358791784868
recent_2016,SAR,2040,302.1961139361396,56.77902772727462,1.81661326567211
recent_2016,SAR,2041,300.6598973062295,56.992716919334086,1.8073784959972403
recent_2016,SAR,2042,302.2218287466703,56.77290122218436,1.8167678469647872
recent_2016,SAR,2043,300.63273270852625,56.996396425787694,1.8072151994945105
recent_2016,SCP,2024,223.53757536607804,27.15171609498713,1.6154926846424809
recent_2016,SCP,2025,296.6386641084415,20.945283712942867,2.1437898799095003
recent_2016,SCP,2026,223.01356619632566,27.178145474763653,1.6117057017201053
recent_2016,SCP,2027,296.89538232623505,20.900604806333092,2.1456451671120242
recent_2016,SCP,2028,222.58490533215956,27.200034193396657,1.6086077952982487
recent_2016,SCP,2029,297.10771172283785,20.864055639213756,2.147179658959243
recent_2016,SCP,2030,222.2311979261599,27.2181381614738,1.6060515730346736
recent_2016,SCP,2031,297.2818797564893,20.833897273536085,2.1484383609193127
recent_2016,SCP,2032,221.9409922124591,27.232988354483965,1.6039542737025265
recent_2016,SCP,2033,297.42404623874864,20.80915329055161,2.1494657895818774
recent_2016,SCP,2034,221.70385395960713,27.245109980116798,1.602240489735317
recent_2016,SCP,2035,297.539908003,20.788934030156252,2.1503031156210066
recent_2016,SCP,2036,221.51029526611873,27.254988770877414,1.6008416526365994
recent_2016,SCP,2037,297.63444386889114,20.77243051974256,2.1509863206684505
recent_2016,SCP,2038,221.35207199344737,27.263049238837205,1.599698182510281
recent_2016,SCP,2039,297.7118377955424,20.758939834404902,2.1515456419464782
recent_2016,SCP,2040,221.22227321347168,27.269648123399953,1.598760134492256
recent_2016,SCP,2041,297.77551514792987,20.74787272355389,2.1520058343628574
recent_2016,SCP,2042,221.11524558464072,27.275077483504127,1.5979866522213317
recent_2016,SCP,2043,297.8282336145169,20.738747162954514,2.1523868275671427
per_species,ANC,2024,271.78162767102043,124.33858999101862,1.3596978649634013
per_species,ANC,2025,271.679709173826,123.67101582689288,1.359187976328827
per_species,ANC,2026,271.68949006388436,123.62596927898976,1.3592369091998373
per_species,ANC,2027,271.7220349561853,123.63029229536733,1.359399728228321
per_species,ANC,2028,271.7561596033554,123.64467668181722,1.359570450621506
per_species,ANC,2029,271.7850540545956,123.65975929778725,1.3597150068374553
per_species,ANC,2030,271.8073916595962,123.6725302404302,1.3598267597697191
per_species,ANC,2031,271.8237200600133,123.68240314889528,1.3599084492178823
per_species,ANC,2032,271.83504491162824,123.68962007312216,1.3599651063830258
per_species,ANC,2033,271.84235113085725,123.69462549887719,1.3600016587091406
per_species,ANC,2034,271.8464753757649,123.6978547454178,1.36002229191766
per_species,ANC,2035,271.8480953951046,123.69967760388717,1.3600303967217129
per_species,ANC,2036,271.8477517399665,123.7003936297392,1.36002867744745
per_species,ANC,2037,271.8458740755063,123.70024173898268,1.3600192836691452
per_species,ANC,2038,271.84280427830714,123.69941183759697,1.3600039257631185
per_species,ANC,2039,271.8388149876844,123.69805503024213,1.3599839677181653
per_species,ANC,2040,271.8341241087746,123.69629181967602,1.3599604996931443
per_species,ANC,2041,271.82890609862727,123.69421851691611,1.3599343944802296
per_species,ANC,2042,271.82330078075574,123.69191222953424,1.3599063516032786
per_species,ANC,2043,271.81742027095004,123.68943475756434,1.3598769319670203
per_species,CMA,2024,247.01166033246048,29.221542910341814,1.6566776299543997
per_species,CMA,2025,245.05959161165612,28.76159333731237,1.6435853387745516
per_species,CMA,2026,244.124384083977,28.547220937389387,1.6373130138633079
per_species,CMA,2027,243.6706434416866,28.444518260993853,1.634269829704018
per_species,CMA,2028,243.44917540042778,28.394689343910287,1.63278447006873
per_species,CMA,2029,243.34076223718859,28.37036815326525,1.6320573559637148
per_species,CMA,2030,243.28761019957378,28.358462429998884,1.6317008716115815
per_species,CMA,2031,243.26152296745528,28.3526253763425,1.6315259076693127
per_species,CMA,2032,243.2487019706265,28.349760527120242,1.6314399187787019
per_species,CMA,2033,243.2423849107627,28.348352550121124,1.6313975510145673
per_species,CMA,2034,243.23925582614413,28.347658822861924,1.6313765646186908
per_species,CMA,2035,243.2376885134333,28.347315192859504,1.6313660528400014
per_species,CMA,2036,243.23688562912344,28.347143073618177,1.6313606679910682
per_species,CMA,2037,243.2364564432072,28.347054902420854,1.6313577894925166
per_species,CMA,2038,243.23620967249437,28.347007770056152,1.6313561344308927
per_species,CMA,2039,243.2360518297498,28.346980670175203,1.631355075798504
per_species,CMA,2040,243.23593734999608,28.346963336191205,1.6313543079965032
per_species,CMA,2041,243.23584412585183,28.34695076424674,1.6313536827533297
per_species,CMA,2042,243.23576151155783,28.346940526552075,1.6313531286691516
per_species,CMA,2043,243.2356844448033,28.346931454010573,1.6313526117916566
per_species,DMF,2024,283.1744026550781,51.749112358507,1.559152898164842
per_species,DMF,2025,283.44201043178884,51.866698219428116,1.5606263415153634
per_species,DMF,2026,283.53658611457234,51.90868197704635,1.5611470734336625
per_species,DMF,2027,283.57045664955183,51.9235195224696,1.5613335639578079
per_species,DMF,2028,283.582912699208,51.9288333154709,1.561402146731318
per_species,DMF,2029,283.5874923577027,51.93078748801429,1.5614273622442583
per_species,DMF,2030,283.58889545694814,51.931505969646544,1.5614350876821315
per_species,DMF,2031,283.5888176939851,51.93172609545663,1.5614346595207298
per_species,DMF,2032,283.58792558338797,51.931713895581765,1.561429747576677
per_species,DMF,2033,283.58652088169333,51.93157393643879,1.561422013315749
per_species,DMF,2034,283.5847659578496,51.931353559227794,1.5614123507383006
per_species,DMF,2035,283.5827626682244,51.93107823726892,1.5614013206635635
per_species,DMF,2036,283.58058191899937,51.930763950340875,1.5613893134996302
per_species,DMF,2037,283.5782761127163,51.93042182258952,1.561376617773904
per_species,DMF,2038,283.57588525166994,51.93006007520949,1.5613634537382615
per_species,DMF,2039,283.573440418866,51.92968498397745,1.5613499925351442
per_species,DMF,2040,283.57096600915014,51.929301425363725,1.5613363684821098
per_species,DMF,2041,283.56848127378163,51.92891322656384,1.5613226875762274
per_species,DMF,2042,283.56600144281856,51.928523407819625,1.5613090336739086
per_species,DMF,2043,283.5635385667894,51.92813435850512,1.561295473125135
per_species,LPF,2024,339.1238722400509,48.92206086194625,1.2971636253351453
per_species,LPF,2025,335.75942448733383,48.4816860570516,1.2842944657111484
per_species,LPF,2026,333.109493495097,48.13723849930238,1.2741583639083691
per_species,LPF,2027,331.0109941210338,47.86594218990277,1.2661315121334031
per_species,LPF,2028,329.34203466399686,47.65110069511342,1.259747669304742
per_species,LPF,2029,328.01015269626936,47.48023490934083,1.254653162597314
per_species,LPF,2030,326.94436284567536,47.343878655740674,1.2505764698616777
per_species,LPF,2031,326.08963118205077,47.23476454903043,1.2473070839108968
per_species,LPF,2032,325.4029478495461,47.14725829073628,1.244680490167539
per_species,LPF,2033,324.85048014227556,47.07695659066163,1.2425672770536702
per_species,LPF,2034,324.405472897658,47.02039570266718,1.2408651049036663
per_species,LPF,2035,324.04667665908875,46.974836469813745,1.23949269361777
per_species,LPF,2036,323.75715566804433,46.93810340180728,1.238385263179821
per_species,LPF,2037,323.52337390105504,46.9084626388613,1.2374910377087505
per_species,LPF,2038,323.33448774305043,46.88452838141274,1.2367685399032304
per_species,LPF,2039,323.18179428311754,46.86519047498671,1.2361844807488476
per_species,LPF,2040,323.05829817616774,46.849557927471096,1.235712102745059
per_species,LPF,2041,322.95836974198545,46.836914565006616,1.235329872119118
per_species,LPF,2042,322.87747387141286,46.826684028635235,1.235020441880387
per_species,LPF,2043,322.8119542810322,46.81840202008622,1.2347698265850753
per_species,MPF,2024,126.41194035534953,41.31625897893549,0.39727703895676447
per_species,MPF,2025,126.03132403215756,41.18701687569814,0.39608086931146624
per_species,MPF,2026,125.68840300881723,41.06424515587509,0.39500316535117813
per_species,MPF,2027,125.38788882496858,40.95363244371945,0.394058734114791
per_species,MPF,2028,125.1261944726594,40.8566984949258,0.39323630264902243
per_species,MPF,2029,124.89725461785608,40.772286283091226,0.39251680932141597
per_species,MPF,2030,124.69511318115403,40.69843937217967,0.3918815358559687
per_species,MPF,2031,124.51469630085633,40.63323656736224,0.39131453653785836
per_species,MPF,2032,124.35189115255395,40.575041242228785,0.39080288592113127
per_species,MPF,2033,124.20341971038896,40.52252676285622,0.3903362820959931
per_species,MPF,2034,124.0666802323572,40.474635768202226,0.3899065485218683
per_species,MPF,2035,123.93960682855035,40.43052903955518,0.38950719269003287
per_species,MPF,2036,123.82055621106142,40.38954020282244,0.3891330502105406
per_species,MPF,2037,123.70821889766472,40.35113919854459,0.3887800057504592
per_species,MPF,2038,123.60154992189112,40.31490363972686,0.388444775275199
per_species,MPF,2039,123.49971457747219,40.28049646165929,0.388124735538619
per_species,MPF,2040,123.402045696378,40.24764842122783,0.387817789819961
per_species,MPF,2041,123.30800982714275,40.21614431650482,0.3875222616318762
per_species,MPF,2042,123.2171803409245,40.18581207721921,0.3872368102003633
per_species,MPF,2043,123.12921597442842,40.1565140898388,0.3869603630312349
per_species,NTU,2024,29.384357546470667,28.17429743903817,0.7623171288231891
per_species,NTU,2025,29.915231549609132,29.384357546470667,0.7760895703407338
per_species,NTU,2026,30.13092351417967,29.915231549609132,0.7816852577360294
per_species,NTU,2027,30.213646638924732,30.13092351417967,0.7838313402169279
per_species,NTU,2028,30.24368723606494,30.213646638924732,0.784610682141414
per_species,NTU,2029,30.253762978238235,30.24368723606494,0.7848720766889097
per_species,NTU,2030,30.25670473928512,30.253762978238235,0.784948394669706
per_species,NTU,2031,30.257412969172076,30.25670473928512,0.7849667682473185
per_species,NTU,2032,30.257692187429843,30.257412969172076,0.7849740119946162
per_species,NTU,2033,30.258155964342457,30.257692187429843,0.7849860437391892
per_species,NTU,2034,30.258969346461985,30.258155964342457,0.7850071452766659
per_species,NTU,2035,30.260135993398134,30.258969346461985,0.7850374115481441
per_species,NTU,2036,30.261607915892515,30.260135993398134,0.7850755975703497
per_species,NTU,2037,30.263326326020575,30.261607915892515,0.7851201782106748
per_species,NTU,2038,30.265235899712398,30.263326326020575,0.785169718199144
per_species,NTU,2039,30.267288929252683,30.265235899712398,0.7852229798565433
per_species,NTU,2040,30.269445769249085,30.267288929252683,0.7852789346641579
per_species,NTU,2041,30.271674045381864,30.269445769249085,0.7853367427363976
per_species,NTU,2042,30.27394755866269,30.271674045381864,0.7853957243940309
per_species,NTU,2043,30.276245219619433,30.27394755866269,0.785455332513786
per_species,SAR,2024,566.0951252625681,45.53928608679248,1.7151587490942881
per_species,SAR,2025,568.6100273848648,45.81321595079196,1.7227784161531985
per_species,SAR,2026,569.9023216133672,45.955650278077385,1.7266938177412126
per_species,SAR,2027,570.5630070875611,46.02884082392793,1.7286955669541872
per_species,SAR,2028,570.9004035844955,46.06625949331857,1.729717813088814
per_species,SAR,2029,571.0729496272317,46.085368325683554,1.730240594228615
per_species,SAR,2030,571.161478962366,46.095140666048216,1.7305088209928654
per_species,SAR,2031,571.2071085403318,46.100154625113696,1.7306470697895304
per_species,SAR,2032,571.2307411936802,46.102738907891236,1.7307186721587189
per_species,SAR,2033,571.2430159069444,46.104077369953764,1.7307558621660308
per_species,SAR,2034,571.2493630610958,46.10477256222821,1.7307750928155963
per_species,SAR,2035,571.2525680625154,46.105132040485316,1.7307848033500635
per_species,SAR,2036,571.2540707636474,46.105313559367154,1.7307893562438774
per_species,SAR,2037,571.2546243401323,46.10539866654605,1.7307910334735672
per_species,SAR,2038,571.2546297559483,46.10543001897664,1.7307910498824421
per_species,SAR,2039,571.2543058920104,46.10543032570751,1.7307900686373445
per_species,SAR,2040,571.2537763667383,46.10541198330694,1.730788464278178
per_species,SAR,2041,571.2531140691968,46.105381993044006,1.730786457644713
per_species,SAR,2042,571.2523641813931,46.10534448307336,1.7307841856296928
per_species,SAR,2043,571.2515562220585,46.105302012329105,1.730781737669165
per_species,SCP,2024,125.97706675347398,20.62095354751264,0.3792077585746684
per_species,SCP,2025,127.06368136596498,20.789210661329808,0.38247861336003613
per_species,SCP,2026,128.12091197335678,20.952263099255465,0.3856610183743561
per_species,SCP,2027,129.1516600413619,21.1109063072551,0.3887637074160711
per_species,SCP,2028,130.1580133358843,21.265575666053905,0.39179296493876653
per_species,SCP,2029,131.1414860975671,21.41658445629117,0.39475334900856546
per_species,SCP,2030,132.103146254612,21.564159898018616,0.3976480742316664
per_species,SCP,2031,133.04374124286701,21.708462239676514,0.40047939048957504
per_species,SCP,2032,133.96380112693757,21.849603638082755,0.4032488933473898
per_species,SCP,2033,134.8637124313917,21.987663632316952,0.40595774629556847
per_species,SCP,2034,135.7437679232531,22.122700222494704,0.40860683060186653
per_species,SCP,2035,136.60419965143882,22.254757339901683,0.41119684476444696
per_species,SCP,2036,137.4452010694809,22.383869804741124,0.4137283711042207
per_species,SCP,2037,138.26694215933753,22.51006664576864,0.41620192128953365
per_species,SCP,2038,139.06958001496741,22.63337336970239,0.41861796819413577
per_species,SCP,2039,139.85326639471344,22.75381354934608,0.4209769686308624
per_species,SCP,2040,140.6181531745426,22.8714099568652,0.4232793797666132
per_species,SCP,2041,141.3643962928985,22.98618538207538,0.42552567099688354
per_species,SCP,2042,142.0921585762714,23.098163224388983,0.42771633245110735
per_species,SCP,2043,142.801611713282,23.20736791680727,0.42985188093491217
dsir_group,ANC,2024,796.5459137451472,126.17142268567096,1.328313994096979
dsir_group,ANC,2025,817.1871263377756,131.10494783154837,1.3627351254703193
dsir_group,ANC,2026,830.5171338874935,134.41039899645844,1.3849641461258366
dsir_group,ANC,2027,838.9160506618687,136.5450453398235,1.3989701167725304
dsir_group,ANC,2028,844.1269598911032,137.89003459911518,1.407659789937279
dsir_group,ANC,2029,847.3316888707574,138.72450136819276,1.4130039719580592
dsir_group,ANC,2030,849.2948850676875,139.23770160250464,1.416277783218077
dsir_group,ANC,2031,850.4974002591708,139.55208473900737,1.4182830885361992
dsir_group,ANC,2032,851.2364600248284,139.74465362141547,1.4195155390607161
dsir_group,ANC,2033,851.6939026024066,139.86300548433866,1.4202783668736616
dsir_group,ANC,2034,851.9803045139288,139.93625961580744,1.4207559685541753
dsir_group,ANC,2035,852.1626833285017,139.98212356531258,1.4210601020980724
dsir_group,ANC,2036,852.2815930858443,140.0113294204618,1.4212583951179565
dsir_group,ANC,2037,852.3615671366687,140.03037144108748,1.4213917592455498
dsir_group,ANC,2038,852.4174587953787,140.0431783592021,1.4214849637565978
dsir_group,ANC,2039,852.4582775344752,140.05212876110133,1.421553032779899
dsir_group,ANC,2040,852.4895051883185,140.05866540947366,1.4216051077813359
dsir_group,ANC,2041,852.5144929000347,140.06366615661054,1.4216467771020622
dsir_group,ANC,2042,852.5353032764295,140.06766764927622,1.421681480329724
dsir_group,ANC,2043,852.5532181088182,140.0710001900651,1.4217113549699087
dsir_group,CMA,2024,333.8617269223106,26.43681625930711,1.745966989852661
dsir_group,CMA,2025,332.65866657027823,26.25311583126892,1.7396754520929651
dsir_group,CMA,2026,332.069810001252,26.164406124408682,1.7365959612487902
dsir_group,CMA,2027,331.77905593010735,26.12098578100463,1.7350754305336837
dsir_group,CMA,2028,331.6342779848399,26.09954653369165,1.7343182981854333
dsir_group,CMA,2029,331.56134392226465,26.08887108498053,1.7339368814029044
dsir_group,CMA,2030,331.52390337177826,26.083493167488488,1.733741081884841
dsir_group,CMA,2031,331.5040732707523,26.080732424644022,1.7336373781685874
dsir_group,CMA,2032,331.4930372616261,26.079270218324908,1.7335796641328647
dsir_group,CMA,2033,331.48644041964684,26.078456459370223,1.7335451652148866
dsir_group,CMA,2034,331.4821259625384,26.077970029976054,1.7335226022821424
dsir_group,CMA,2035,331.47902119585046,26.07765189612292,1.7335063655598373
dsir_group,CMA,2036,331.4765886989677,26.077422960856044,1.7334936445471611
dsir_group,CMA,2037,331.47455582398936,26.077243596549806,1.7334830134016286
dsir_group,CMA,2038,331.4727813008293,26.077093699046234,1.73347373333563
dsir_group,CMA,2039,331.4711894032406,26.076962851554605,1.7334654083303451
dsir_group,CMA,2040,331.46973741327633,26.07684547027094,1.7334578149875244
dsir_group,CMA,2041,331.46839950239894,26.076738405314575,1.7334508182339616
dsir_group,CMA,2042,331.46715871095483,26.076639752174245,1.7334443293772646
dsir_group,CMA,2043,331.4660029270431,26.076548260300957,1.7334382850769015
dsir_group,DMF,2024,210.8077336153179,62.92878940790816,0.819880198910345
dsir_group,DMF,2025,211.93303588617806,63.323360322913665,0.8242567605945131
dsir_group,DMF,2026,212.76699652811593,63.62166442905471,0.8275002270711421
dsir_group,DMF,2027,213.36280796578103,63.842737371225105,0.8298174760242442
dsir_group,DMF,2028,213.76417741400778,64.00067982183924,0.831378494955595
dsir_group,DMF,2029,214.00900883876815,64.10707803819945,0.8323307011853643
dsir_group,DMF,2030,214.13014881310957,64.1719799060883,0.8328018426589512
dsir_group,DMF,2031,214.1555102554455,64.2040926572127,0.8329004791939134
dsir_group,DMF,2032,214.10828439287275,64.21081567073747,0.8327168068544986
dsir_group,DMF,2033,214.00734693506166,64.198296662213,0.832324237656166
dsir_group,DMF,2034,213.86779131609893,64.17153935539137,0.8317814734668645
dsir_group,DMF,2035,213.70150334871713,64.1345448382295,0.8311347409706925
dsir_group,DMF,2036,213.5177156006469,64.09046389681815,0.8304199477661885
dsir_group,DMF,2037,213.32350713139004,64.04174397388948,0.829664625958617
dsir_group,DMF,2038,213.1242344794205,63.990261643028816,0.8288896083692133
dsir_group,DMF,2039,212.92389231509244,63.93743685820126,0.8281104311980421
dsir_group,DMF,2040,212.72540889011924,63.88432855850277,0.8273384830955859
dsir_group,DMF,2041,212.53088437395346,63.83171298826564,0.8265819321082394
dsir_group,DMF,2042,212.3417809300657,63.78014687716822,0.8258464649290692
dsir_group,DMF,2043,212.15907298414587,63.73001782717172,0.8251358713257215
dsir_group,LPF,2024,444.54560587960475,50.91534539795709,1.4008587064153748
dsir_group,LPF,2025,442.2319400553235,50.66981319183721,1.3935678483553406
dsir_group,LPF,2026,440.4169105750362,50.47772750783523,1.387848300537901
dsir_group,LPF,2027,438.98991350776936,50.32703972244036,1.3833515262153777
dsir_group,LPF,2028,437.86584234286147,50.208567251239856,1.3798093364891382
dsir_group,LPF,2029,436.9787624107056,50.115244362380004,1.3770139570504232
dsir_group,LPF,2030,436.2773823449925,50.04159701290354,1.374803757785004
dsir_group,LPF,2031,435.72170058363696,49.983366879470296,1.3730526851771647
dsir_group,LPF,2032,435.2804671695974,49.937232943403465,1.3716622638987996
dsir_group,LPF,2033,434.92923803955483,49.9006007637469,1.370555465455042
dsir_group,LPF,2034,434.6488727581926,49.87144093998255,1.3696719742222456
dsir_group,LPF,2035,434.42436982140646,49.84816439058822,1.3689645172381857
dsir_group,LPF,2036,434.24396135907256,49.82952565731894,1.3683960114159957
dsir_group,LPF,2037,434.0984082336178,49.81454774541676,1.3679373422483279
dsir_group,LPF,2038,433.9804504521654,49.802463601125844,1.3675656319379534
dsir_group,LPF,2039,433.8843782120733,49.792670483686045,1.3672628876701036
dsir_group,LPF,2040,433.80569679331285,49.78469435257928,1.3670149456163618
dsir_group,LPF,2041,433.7408645527508,49.778162046149276,1.3668106452983595
dsir_group,LPF,2042,433.68708792286054,49.7727795293039,1.3666411835846746
dsir_group,LPF,2043,433.6421609041655,49.768314873852205,1.366499608897039
dsir_group,MPF,2024,784.6115279785557,19.63483467040092,1.9507115536358404
dsir_group,MPF,2025,784.6110692394127,19.640365939110335,1.9507104131125184
dsir_group,MPF,2026,784.6094845271649,19.640354696585977,1.9507064731799775
dsir_group,MPF,2027,784.6085325840552,19.64031585933758,1.9507041064464332
dsir_group,MPF,2028,784.607954769762,19.64029252964409,1.9507026698768988
dsir_group,MPF,2029,784.6075949016981,19.64027836889203,1.9507017751681606
dsir_group,MPF,2030,784.6073647206571,19.64026954944521,1.9507012028890134
dsir_group,MPF,2031,784.607213703572,19.640263908295985,1.95070082742834
dsir_group,MPF,2032,784.6071124209457,19.640260207253068,1.9507005756181353
dsir_group,MPF,2033,784.607043354429,19.640257725074665,1.9507004039040485
dsir_group,MPF,2034,784.6069958034127,19.6402560324308,1.9507002856820832
dsir_group,MPF,2035,784.6069630395383,19.64025486707688,1.9507002042241055
dsir_group,MPF,2036,784.6069407004311,19.640254064118025,1.9507001486843218
dsir_group,MPF,2037,784.606925869952,19.640253516643583,1.9507001118125886
dsir_group,MPF,2038,784.6069165418145,19.64025315318643,1.9507000886208499
dsir_group,MPF,2039,784.6069112997321,19.640252924577613,1.9507000755879154
dsir_group,MPF,2040,784.6069091216962,19.640252796107564,1.9507000701728536
dsir_group,MPF,2041,784.6069092567534,19.64025274272947,1.9507000705086346
dsir_group,MPF,2042,784.606911145077,19.64025274603938,1.9507000752034098
dsir_group,MPF,2043,784.6069143645583,19.640252792317366,1.9507000832077266
dsir_group,NTU,2024,330.30656883641365,33.27131332739943,1.4250891193617983
dsir_group,NTU,2025,329.76314246909635,33.20005420439886,1.422744536854807
dsir_group,NTU,2026,329.3574306901411,33.14705327710316,1.4209941161961357
dsir_group,NTU,2027,329.05336979778383,33.10748379392632,1.4196822625722487
dsir_group,NTU,2028,328.82466871936333,33.07782842529038,1.4186955446283958
dsir_group,NTU,2029,328.65208153011895,33.05552297609097,1.4179509269043227
dsir_group,NTU,2030,328.5214478169808,33.03869037167675,1.4173873150940253
dsir_group,NTU,2031,328.4222939166015,33.02594953253311,1.4169595211658859
dsir_group,NTU,2032,328.346834684232,33.01627895160228,1.4166339565506134
dsir_group,NTU,2033,328.2892580190709,33.00891933578469,1.416385545266093
dsir_group,NTU,2034,328.24520858506685,33.00330382496729,1.4161954964598145
dsir_group,NTU,2035,328.21141244868335,32.99900763878738,1.4160496849296162
dsir_group,NTU,2036,328.1854021583515,32.99571146717138,1.4159374649944392
dsir_group,NTU,2037,328.16531404689795,32.99317465705372,1.415850795967051
dsir_group,NTU,2038,328.14973792271985,32.991215443076094,1.415783593655071
dsir_group,NTU,2039,328.1376050697236,32.98969628781465,1.4157312471430026
dsir_group,NTU,2040,328.12810445867456,32.9885129582999,1.415690257290815
dsir_group,NTU,2041,328.1206198591234,32.987586354024224,1.415657965406882
dsir_group,NTU,2042,328.1146825132267,32.98685637340402,1.415632349061845
dsir_group,NTU,2043,328.10993544410957,32.98627729800921,1.4156118680990488
dsir_group,SAR,2024,620.22635563907,50.872319424784926,1.7020299992636911
dsir_group,SAR,2025,622.2679193927976,51.10140641924584,1.7076324744288642
dsir_group,SAR,2026,623.352051207029,51.22434806289359,1.7106075574033324
dsir_group,SAR,2027,623.9232424252768,51.289633776812195,1.7121750247963812
dsir_group,SAR,2028,624.2217944326073,51.324030541096604,1.7129943135418477
dsir_group,SAR,2029,624.3761788471995,51.34200914912613,1.7134179764556623
dsir_group,SAR,2030,624.4546544601598,51.351306078329976,1.7136333298443962
dsir_group,SAR,2031,624.4933510646711,51.35603182878768,1.7137395213681021
dsir_group,SAR,2032,624.5113389912265,51.358362113185365,1.7137888839763555
dsir_group,SAR,2033,624.5186566367765,51.359445334442846,1.7138089651163086
dsir_group,SAR,2034,624.5205700189798,51.359885998306474,1.713814215834664
dsir_group,SAR,2035,624.5198279368595,51.360001220940376,1.7138121794071257
dsir_group,SAR,2036,624.517854192066,51.35995653323694,1.7138067630412797
dsir_group,SAR,2037,624.5153771060341,51.35983767560704,1.713799965402484
dsir_group,SAR,2038,624.5127614757837,51.35968850709458,1.7137927875695644
dsir_group,SAR,2039,624.5101833136223,51.359530995539245,1.7137857125568667
dsir_group,SAR,2040,624.5077215968959,51.359375740287916,1.7137789570946391
dsir_group,SAR,2041,624.5054062601118,51.359227497305056,1.7137726033293903
dsir_group,SAR,2042,624.5032431527057,51.35908806922729,1.713766667313187
dsir_group,SAR,2043,624.5012269003005,51.35895780830381,1.7137611342976216
dsir_group,SCP,2024,88.8814370157211,33.11223866752451,0.6172845868378946
dsir_group,SCP,2025,84.0739663240679,31.18454642059367,0.5838965402527844
dsir_group,SCP,2026,80.04548365246194,29.599811591257566,0.5559185918192318
dsir_group,SCP,2027,76.61711992914746,28.2718624037243,0.532108489782944
dsir_group,SCP,2028,73.66173115454126,27.141736450090974,0.5115832147656705
dsir_group,SCP,2029,71.08611739538321,26.167521977295756,0.4936954900780661
dsir_group,SCP,2030,68.82025051404231,25.318496555644888,0.47795896793530657
dsir_group,SCP,2031,66.8104273907285,24.571576107074197,0.46400067835373093
dsir_group,SCP,2032,65.0147452282877,23.9090579330476,0.45152960498957734
dsir_group,SCP,2033,63.40001533608095,23.317129193850455,0.44031525126362064
dsir_group,SCP,2034,61.939602579457805,22.784849568185138,0.43017263526467525
dsir_group,SCP,2035,60.61187943477321,22.30343904920981,0.42095155310939036
dsir_group,SCP,2036,59.39909887491935,21.865768339172934,0.41252875109413945
dsir_group,SCP,2037,58.2865590248489,21.465987307355306,0.4048021241993699
dsir_group,SCP,2038,57.26197496915658,21.099249627083616,0.3976863532720068
dsir_group,SCP,2039,56.31500010702254,20.76150569835679,0.39110958081934166
dsir_group,SCP,2040,55.43685708516795,20.449344867270472,0.3850108478259247
dsir_group,SCP,2041,54.620050106359024,20.15987376674196,0.37933809572639243
dsir_group,SCP,2042,53.85813841285383,19.890621481874017,0.37404659324034323
dsir_group,SCP,2043,53.14555627790569,19.63946488102932,0.3690976862072388
dsir_channel,ANC,2024,474.091637405592,121.85186012523135,1.4248641671883941
dsir_channel,ANC,2025,476.4683638278933,123.49247306615403,1.4320073269641693
dsir_channel,ANC,2026,477.31144231353227,124.09378457427917,1.4345411669004489
dsir_channel,ANC,2027,477.6063174546038,124.30708333298804,1.4354274027864196
dsir_channel,ANC,2028,477.70717592217323,124.38168670934746,1.4357305290283917
dsir_channel,ANC,2029,477.7387247967757,124.40720388989979,1.4358253479566105
dsir_channel,ANC,2030,477.74476959542164,124.41518575150106,1.4358435153662605
dsir_channel,ANC,2031,477.74084419554134,124.41671508485469,1.4358317177280193
dsir_channel,ANC,2032,477.7325954728183,124.41572195914199,1.43580692650939
dsir_channel,ANC,2033,477.7221857799305,124.41363503325346,1.4357756405781124
dsir_channel,ANC,2034,477.7105274178793,124.41100138216481,1.4357406018197285
dsir_channel,ANC,2035,477.69806773038454,124.40805181792321,1.4357031547085692
dsir_channel,ANC,2036,477.6850687836065,124.40489951843769,1.4356640868743913
dsir_channel,ANC,2037,477.6717097195138,124.4016107864163,1.4356239367214862
dsir_channel,ANC,2038,477.6581261661021,124.3982309447562,1.435583111874574
dsir_channel,ANC,2039,477.6444268098799,124.39479430732453,1.4355419389867725
dsir_channel,ANC,2040,477.6307013361673,124.39132837179532,1.435500687603859
dsir_channel,ANC,2041,477.6170248631202,124.38785582854405,1.4354595834905592
dsir_channel,ANC,2042,477.6034607833357,124.38439568245548,1.4354188171708842
dsir_channel,ANC,2043,477.59006277232817,124.38096397184923,1.4353785499645257
dsir_channel,CMA,2024,273.8302147154349,26.59358358024009,1.7264417062410637
dsir_channel,CMA,2025,272.3400140280193,26.27562111447693,1.7170463054446359
dsir_channel,CMA,2026,271.69572852406515,26.141526726716513,1.7129842213320081
dsir_channel,CMA,2027,271.41405998257335,26.083551266816897,1.7112083606298834
dsir_channel,CMA,2028,271.29012554397355,26.05820557281631,1.7104269801534424
dsir_channel,CMA,2029,271.23524120996854,26.047053442229593,1.7100809460120165
dsir_channel,CMA,2030,271.2106719867204,26.04211472409036,1.7099260422452807
dsir_channel,CMA,2031,271.1994322787236,26.039903884317546,1.709855178258734
dsir_channel,CMA,2032,271.1940604408417,26.038892489157707,1.7098213099547264
dsir_channel,CMA,2033,271.19127570570936,26.038409109088168,1.709803752787493
dsir_channel,CMA,2034,271.18963476096275,26.03815852716601,1.709793406977221
dsir_channel,CMA,2035,271.18850236066106,26.03801086820772,1.7097862674323352
dsir_channel,CMA,2036,271.18759883542634,26.037908970170474,1.7097805708964382
dsir_channel,CMA,2037,271.1868011146637,26.037827667253225,1.7097755414354052
dsir_channel,CMA,2038,271.18605519470117,26.037755885057596,1.7097708385674832
dsir_channel,CMA,2039,271.1853376075147,26.037688764111042,1.7097663143317343
dsir_channel,CMA,2040,271.1846384369627,26.03762419266423,1.7097619062089784
dsir_channel,CMA,2041,271.1839538129515,26.037561278421933,1.7097575897990915
dsir_channel,CMA,2042,271.18328257741877,26.037499673137216,1.709753357800736
dsir_channel,CMA,2043,271.18262478944536,26.03743927260287,1.7097492105864034
dsir_channel,DMF,2024,204.79873919266177,56.16979822481487,0.6466769917544336
dsir_channel,DMF,2025,204.0279718087948,55.96227673636943,0.6442431997540218
dsir_channel,DMF,2026,203.32869037063423,55.77966428679816,0.6420351333440328
dsir_channel,DMF,2027,202.68058794370734,55.61398849532712,0.6399886709026819
dsir_channel,DMF,2028,202.07034412517726,55.46043818399917,0.6380617516337476
dsir_channel,DMF,2029,201.4888418300552,55.31585744424548,0.6362255872296588
dsir_channel,DMF,2030,200.92960100448124,55.17808622978283,0.6344597161301877
dsir_channel,DMF,2031,200.38786143021602,55.045589267410136,0.632749107365792
dsir_channel,DMF,2032,199.8600394757196,54.917238752381934,0.6310824451829034
dsir_channel,DMF,2033,199.34339730710923,54.792185640294456,0.6294510845371909
dsir_channel,DMF,2034,198.83583212344269,54.669781275584036,0.6278483855782682
dsir_channel,DMF,2035,198.33573432458775,54.5495274565376,0.6262692657974462
dsir_channel,DMF,2036,197.84188671570456,54.43104283201193,0.6247098817535959
dsir_channel,DMF,2037,197.3533893586435,54.31403902066665,0.6231673917822731
dsir_channel,DMF,2038,196.86960133312687,54.19830280653877,0.6216397720995483
dsir_channel,DMF,2039,196.39009423692514,54.08368234093266,0.6201256699731436
dsir_channel,DMF,2040,195.9146142139769,53.97007612554651,0.61862428382159
dsir_channel,DMF,2041,195.44305041732716,53.8574240160642,0.6171352636321108
dsir_channel,DMF,2042,194.9754084807758,53.74569975030284,0.6156586271941161
dsir_channel,DMF,2043,194.5117879901977,53.6349046630387,0.6141946889621491
dsir_channel,LPF,2024,346.15207026197453,49.06298002003421,1.30946755364749
dsir_channel,LPF,2025,342.84751674561556,48.63493115884523,1.2969666733098717
dsir_channel,LPF,2026,340.2603968639163,48.302021620419495,1.2871797910880851
dsir_channel,LPF,2027,338.224938117022,48.04138826060103,1.279479801936413
dsir_channel,LPF,2028,336.6176337667012,47.8363307154414,1.2733994890439069
dsir_channel,LPF,2029,335.3450184963772,47.67440658659129,1.2685852800648751
dsir_channel,LPF,2030,334.3354958730921,47.546199928675236,1.264766331014926
dsir_channel,LPF,2031,333.5336949929933,47.44449792600394,1.2617331778802912
dsir_channel,LPF,2032,332.8964673947022,47.36372236598301,1.2593225932386354
dsir_channel,LPF,2033,332.38998458875096,47.29952635748472,1.257406606428643
dsir_channel,LPF,2034,331.98759538968966,47.248501928219135,1.2558843979966374
dsir_channel,LPF,2035,331.66822040080945,47.207964166653504,1.2546762261516196
dsir_channel,LPF,2036,331.41513399012524,47.1757894781195,1.2537188190709418
dsir_channel,LPF,2037,331.21503066884515,47.15029287782369,1.2529618430794505
dsir_channel,LPF,2038,331.0573033287661,47.130133935323585,1.2523651722751987
dsir_channel,LPF,2039,330.93348131434203,47.11424406223698,1.251896762797847
dsir_channel,LPF,2040,330.83679038852637,47.10176990212282,1.2515309882121515
dsir_channel,LPF,2041,330.76180650848056,47.092029000266066,1.2512473297672018
dsir_channel,LPF,2042,330.7041823509758,47.084474924118766,1.2510293418623437
dsir_channel,LPF,2043,330.6604306148648,47.078669712739334,1.2508638322965342
dsir_channel,MPF,2024,118.22428190398584,41.535489648303184,0.3687189687536489
dsir_channel,MPF,2025,117.05421382134698,41.103457110232036,0.36506974974504847
dsir_channel,MPF,2026,115.9477874020428,40.700728412496325,0.36161901693654686
dsir_channel,MPF,2027,114.89556586613948,40.31990470010018,0.3583373388128113
dsir_channel,MPF,2028,113.89290360734377,39.957737903850074,0.3552102266145608
dsir_channel,MPF,2029,112.93707701011641,39.61262904074627,0.3522291859048088
dsir_channel,MPF,2030,112.026070777054,39.28364066265601,0.3493879313556315
dsir_channel,MPF,2031,111.15806984294963,38.97007911926026,0.346680802125106
dsir_channel,MPF,2032,110.3312651057814,38.67131967866698,0.3441021559693451
dsir_channel,MPF,2033,109.54379827094021,38.38673966146788,0.34164619722217215
dsir_channel,MPF,2034,108.79376551152119,38.11569945653347,0.33930698821087074
dsir_channel,MPF,2035,108.07924282408722,37.85754378085798,0.3370785283359721
dsir_channel,MPF,2036,107.39831619631983,37.61161040682395,0.33495484815839915
dsir_channel,MPF,2037,106.74910931018846,37.37724054568231,0.33293009580036387
dsir_channel,MPF,2038,106.1298060758749,37.15378838277647,0.3309986072243762
dsir_channel,MPF,2039,105.53866743493799,36.940628833550825,0.3291549586391075
dsir_channel,MPF,2040,104.9740428272949,36.7371633270746,0.32739400226271625
dsir_channel,MPF,2041,104.43437708925264,36.54282375289118,0.3257108878364919
dsir_channel,MPF,2042,103.91821363890445,36.35707483526907,0.32410107255949766
dsir_channel,MPF,2043,103.42419476218562,36.17941522959152,0.32256032198072454
dsir_channel,NTU,2024,205.1073083943712,19.529552605092864,0.34853524151953535
dsir_channel,NTU,2025,212.0225114417734,20.168630425595044,0.3602861244263928
dsir_channel,NTU,2026,219.00839149368696,20.81541023887645,0.37215710752387765
dsir_channel,NTU,2027,226.0529555507283,21.46880048130473,0.3841278113190825
dsir_channel,NTU,2028,233.14375462964182,22.127679446134795,0.39617708147372627
dsir_channel,NTU,2029,240.26788580871983,22.790882778392483,0.4082829922799009
dsir_channel,NTU,2030,247.41208340063795,23.45720366618293,0.42042300158846635
dsir_channel,NTU,2031,254.56283612847162,24.125401368097425,0.4325741499241947
dsir_channel,NTU,2032,261.7065068869883,24.794212172700938,0.4447132639940275
dsir_channel,NTU,2033,268.82944915073637,25.462360599820933,0.45681715449729376
dsir_channel,NTU,2034,275.91811908357846,26.128570288210614,0.468862806631468
dsir_channel,NTU,2035,282.95918317411565,26.79157448116768,0.4808275629951533
dsir_channel,NTU,2036,289.93962095678677,27.45012609368914,0.4926892981402386
dsir_channel,NTU,2037,296.8468220393871,28.103007319988706,0.5044265834490549
dsir_channel,NTU,2038,303.66867645896565,28.749038708492854,0.5160188406745617
dsir_channel,NTU,2039,310.3936573360606,29.387087612839263,0.5274464823932362
dsir_channel,NTU,2040,317.0108948562825,30.01607592253791,0.5386910377206756
dsir_channel,NTU,2041,323.51024074326835,30.634986982477884,0.5497352618693543
dsir_channel,NTU,2042,329.8823225708454,31.242871623090874,0.5605632284403288
dsir_channel,NTU,2043,336.11858747449793,31.83885324017475,0.571160403701364
dsir_channel,SAR,2024,1044.4811970262613,66.03662028208728,1.3509854413967164
dsir_channel,SAR,2025,1070.190385052379,67.5814213758202,1.3842390210995426
dsir_channel,SAR,2026,1091.98297563416,68.90640111396004,1.4124266731990998
dsir_channel,SAR,2027,1110.269551462653,70.02953035993633,1.4360794663634269
dsir_channel,SAR,2028,1125.4826319618282,70.97196939877709,1.4557568433537427
dsir_channel,SAR,2029,1138.047380908559,71.75600907344982,1.4720087327608158
dsir_channel,SAR,2030,1148.3622090149686,72.40356113741696,1.4853504593921267
dsir_channel,SAR,2031,1156.787615844749,72.93515856591232,1.496248311835316
dsir_channel,SAR,2032,1163.6412798764752,73.36938049947565,1.5051131916947604
dsir_channel,SAR,2033,1169.1974931109212,73.72259919953063,1.5122998822837377
dsir_channel,SAR,2034,1173.6893474225424,74.00895090962534,1.5181098765633403
dsir_channel,SAR,2035,1177.312459904931,74.24044853388045,1.5227961956949683
dsir_channel,SAR,2036,1180.2293825429315,74.42717363088818,1.5265690927359479
dsir_channel,SAR,2037,1182.5741365434656,74.57750367589566,1.5296019175751092
dsir_channel,SAR,2038,1184.4565340633476,74.6983457475501,1.5320367068767475
dsir_channel,SAR,2039,1185.9661066581002,74.79535925767864,1.5339892653373963
dsir_channel,SAR,2040,1187.1755635283714,74.87315841256702,1.535553638758752
dsir_channel,SAR,2041,1188.1437672066074,74.93549044132014,1.536805962953125
dsir_channel,SAR,2042,1188.9182515042605,74.98538895444129,1.537807720585238
dsir_channel,SAR,2043,1189.5373255229306,75.02530371179789,1.5386084626079297
dsir_channel,SCP,2024,162.50415401500197,27.856121253462515,0.6792513233242738
dsir_channel,SCP,2025,162.81468964394793,27.913053037192018,0.6805493316009201
dsir_channel,SCP,2026,163.09389989212187,27.96278980270675,0.6817164028780048
dsir_channel,SCP,2027,163.34887412309487,28.007509356111544,0.6827821699954781
dsir_channel,SCP,2028,163.5838272655337,28.048347161361935,0.6837642509391199
dsir_channel,SCP,2029,163.80157475532346,28.08597830015298,0.684674413953024
dsir_channel,SCP,2030,164.00418960927902,28.120853705200236,0.6855213240428533
dsir_channel,SCP,2031,164.19331220452628,28.153305400083674,0.6863118378230756
dsir_channel,SCP,2032,164.37030408106338,28.183596114889177,0.6870516463964882
dsir_channel,SCP,2033,164.53632917729635,28.21194391990987,0.6877456149107385
dsir_channel,SCP,2034,164.69240016768384,28.238535236690264,0.6883979762451043
dsir_channel,SCP,2035,164.83940732634284,28.26353225966925,0.6890124516575178
dsir_channel,SCP,2036,164.9781381717086,28.28707757910337,0.6895923328973038
dsir_channel,SCP,2037,165.1092919220453,28.309297327442838,0.690140542627788
dsir_channel,SCP,2038,165.23349080685813,28.330303494590275,0.6906596817068834
dsir_channel,SCP,2039,165.3512893236573,28.350195739586752,0.6911520678794492
dsir_channel,SCP,2040,165.46318205426547,28.369062873216187,0.6916197684486848
dsir_channel,SCP,2041,165.5696104086526,28.38698410989989,0.692064628464694
dsir_channel,SCP,2042,165.67096853045481,28.404030147819075,0.6924882954089707
dsir_channel,SCP,2043,165.76760852167723,28.420264114769026,0.6928922410331412
