scenario,start_years,n_cpue_obs,nll,n_par,aic,nll_per_obs,max_gradient,pdHess,elapsed_secs,peel,cutoff
baseline,ANC:2001 CMA:1971 DMF:1971 LPF:1971 MPF:1971 NTU:1971 SAR:1972 SCP:1975,291,1328.8032145687616,108,2873.6064291375233,4.5663340706830295,0.9278461397044797,TRUE,7.3,0,2023
baseline,ANC:2001 CMA:1971 DMF:1971 LPF:1971 MPF:1971 NTU:1971 SAR:1972 SCP:1975,284,1306.0654637480332,108,2828.1309274960663,4.598822055450821,0.5303166097175946,TRUE,6.9,1,2022
baseline,ANC:2001 CMA:1971 DMF:1971 LPF:1971 MPF:1971 NTU:1971 SAR:1972 SCP:1975,277,1283.7719688022357,108,2783.5439376044715,4.634555844051393,0.4050701131407948,TRUE,6.5,2,2021
baseline,ANC:2001 CMA:1971 DMF:1971 LPF:1971 MPF:1971 NTU:1971 SAR:1972 SCP:1975,270,1242.2275769197815,108,2700.455153839563,4.600842877480672,0.7507236567605613,TRUE,6.5,3,2020
baseline,ANC:2001 CMA:1971 DMF:1971 LPF:1971 MPF:1971 NTU:1971 SAR:1972 SCP:1975,263,1168.455442487246,108,2552.910884974492,4.442796359267096,0.5754510962086972,TRUE,6.7,4,2019
baseline,ANC:2001 CMA:1971 DMF:1971 LPF:1971 MPF:1971 NTU:1971 SAR:1972 SCP:1975,256,1106.636314311631,108,2429.272628623262,4.322798102779808,0.7417718582698853,TRUE,6.2,5,2018
post_1987,ANC:2001 CMA:1988 DMF:1988 LPF:1988 MPF:1988 NTU:1988 SAR:1988 SCP:1988,177,946.8729756976935,108,2109.7459513953872,5.349564834450246,0.5799224041879967,TRUE,4.3,0,2023
post_1987,ANC:2001 CMA:1988 DMF:1988 LPF:1988 MPF:1988 NTU:1988 SAR:1988 SCP:1988,170,908.5866711605104,108,2033.1733423210208,5.344627477414767,0.42907042149953156,TRUE,4,1,2022
post_1987,ANC:2001 CMA:1988 DMF:1988 LPF:1988 MPF:1988 NTU:1988 SAR:1988 SCP:1988,163,868.3562151152522,108,1952.7124302305044,5.327338743038357,0.6697719898599122,TRUE,4,2,2021
post_1987,ANC:2001 CMA:1988 DMF:1988 LPF:1988 MPF:1988 NTU:1988 SAR:1988 SCP:1988,156,849.9807854153485,108,1915.961570830697,5.448594778303516,0.3071121114785278,TRUE,4,3,2020
post_1987,ANC:2001 CMA:1988 DMF:1988 LPF:1988 MPF:1988 NTU:1988 SAR:1988 SCP:1988,149,771.2691914966363,108,1758.5383829932725,5.176303298635143,0.6401385062708265,TRUE,3.8,4,2019
post_1987,ANC:2001 CMA:1988 DMF:1988 LPF:1988 MPF:1988 NTU:1988 SAR:1988 SCP:1988,142,751.8854894532457,108,1719.7709789064913,5.2949682355862375,0.5338536312260977,TRUE,4.4,5,2018
thai_dof,ANC:1996 CMA:1971 DMF:1971 LPF:2001 MPF:2001 NTU:2001 SAR:1972 SCP:2001,215,1057.708784540251,108,2331.417569080502,4.9195757420476784,0.8517236201445737,TRUE,4.9,0,2023
thai_dof,ANC:1996 CMA:1971 DMF:1971 LPF:2001 MPF:2001 NTU:2001 SAR:1972 SCP:2001,208,1038.6805523524465,108,2293.361104704893,4.9936565016944545,0.7493069346309138,TRUE,5.1,1,2022
thai_dof,ANC:1996 CMA:1971 DMF:1971 LPF:2001 MPF:2001 NTU:2001 SAR:1972 SCP:2001,201,1003.2599000417864,108,2222.5198000835726,4.991342786277544,0.7694374570206395,FALSE,5.7,2,2021
thai_dof,ANC:1996 CMA:1971 DMF:1971 LPF:2001 MPF:2001 NTU:2001 SAR:1972 SCP:2001,194,963.8184595355981,108,2143.636919071196,4.968136389358753,0.4962860301326941,TRUE,4,3,2020
thai_dof,ANC:1996 CMA:1971 DMF:1971 LPF:2001 MPF:2001 NTU:2001 SAR:1972 SCP:2001,187,882.400654913608,108,1980.801309827216,4.718720079751915,0.4787749169690727,TRUE,3.5,4,2019
thai_dof,ANC:1996 CMA:1971 DMF:1971 LPF:2001 MPF:2001 NTU:2001 SAR:1972 SCP:2001,180,837.6876397427964,108,1891.3752794855927,4.653820220793313,0.4398944542207186,TRUE,3.2,5,2018
recent_2016,ANC:2016 CMA:2016 DMF:2016 LPF:2016 MPF:2016 NTU:2016 SAR:2016 SCP:2016,56,165.99936351015586,108,547.9987270203117,2.9642743483956404,0.3310220263242556,TRUE,1.3,0,2023
recent_2016,ANC:2016 CMA:2016 DMF:2016 LPF:2016 MPF:2016 NTU:2016 SAR:2016 SCP:2016,49,140.0325047671007,108,496.0650095342014,2.857806219736749,0.1484336341590975,TRUE,1.3,1,2022
recent_2016,ANC:2016 CMA:2016 DMF:2016 LPF:2016 MPF:2016 NTU:2016 SAR:2016 SCP:2016,42,91.92045538579747,108,399.84091077159496,2.1885822710904157,0.09462944815628305,TRUE,1.1,2,2021
recent_2016,ANC:2016 CMA:2016 DMF:2016 LPF:2016 MPF:2016 NTU:2016 SAR:2016 SCP:2016,35,66.75026181227605,108,349.5005236245521,1.9071503374936014,0.17605974398314572,TRUE,1.4,3,2020
per_species,ANC:1988 CMA:2005 DMF:2005 LPF:1988 MPF:1984 NTU:1971 SAR:2008 SCP:1988,183,831.9932854481152,108,1879.9865708962304,4.54641139589134,0.6621359586357158,TRUE,3.5,0,2023
per_species,ANC:1988 CMA:2005 DMF:2005 LPF:1988 MPF:1984 NTU:1971 SAR:2008 SCP:1988,176,806.4754963595941,108,1828.9509927191882,4.582247138406784,0.33557781044765633,TRUE,3.4,1,2022
per_species,ANC:1988 CMA:2005 DMF:2005 LPF:1988 MPF:1984 NTU:1971 SAR:2008 SCP:1988,169,768.6578789774665,108,1753.315757954933,4.5482714732394465,0.15605713687519085,TRUE,4.5,2,2021
per_species,ANC:1988 CMA:2005 DMF:2005 LPF:1988 MPF:1984 NTU:1971 SAR:2008 SCP:1988,162,768.4398261653276,108,1752.8796523306553,4.743455717069923,0.5696673636485379,TRUE,3.8,3,2020
per_species,ANC:1988 CMA:2005 DMF:2005 LPF:1988 MPF:1984 NTU:1971 SAR:2008 SCP:1988,155,701.5344604728798,108,1619.0689209457596,4.5260287772443855,0.566256870533838,TRUE,3.5,4,2019
per_species,ANC:1988 CMA:2005 DMF:2005 LPF:1988 MPF:1984 NTU:1971 SAR:2008 SCP:1988,148,683.6745362152268,108,1583.3490724304536,4.619422541994775,0.909868308658031,TRUE,3,5,2018
dsir_group,ANC:2001 CMA:2009 DMF:1977 LPF:2009 MPF:2009 NTU:2009 SAR:2009 SCP:2009,134,566.0957404934434,108,1348.1914809868867,4.224595078309279,0.7025493054018721,TRUE,2.3,0,2023
dsir_group,ANC:2001 CMA:2009 DMF:1977 LPF:2009 MPF:2009 NTU:2009 SAR:2009 SCP:2009,127,535.2031471781909,108,1286.4062943563817,4.214198009277093,0.5076100251637357,TRUE,2.4,1,2022
dsir_group,ANC:2001 CMA:2009 DMF:1977 LPF:2009 MPF:2009 NTU:2009 SAR:2009 SCP:2009,120,491.66250423827074,108,1199.3250084765414,4.097187535318922,0.22030045756689276,TRUE,2.4,2,2021
dsir_group,ANC:2001 CMA:2009 DMF:1977 LPF:2009 MPF:2009 NTU:2009 SAR:2009 SCP:2009,113,475.56104926865015,108,1167.1220985373002,4.208504860784514,0.3578235582010869,TRUE,2.7,3,2020
dsir_group,ANC:2001 CMA:2009 DMF:1977 LPF:2009 MPF:2009 NTU:2009 SAR:2009 SCP:2009,106,393.6328484469877,108,1003.2656968939754,3.713517438179129,0.32243971541134187,TRUE,2.3,4,2019
dsir_group,ANC:2001 CMA:2009 DMF:1977 LPF:2009 MPF:2009 NTU:2009 SAR:2009 SCP:2009,99,388.22493997924033,108,992.4498799584807,3.921464040194347,0.3527858972726232,TRUE,2.1,5,2018
dsir_channel,ANC:2008 CMA:1997 DMF:1980 LPF:1991 MPF:1991 NTU:1991 SAR:1990 SCP:1995,166,879.1181878610568,108,1974.2363757221135,5.295892697958173,0.7558895217366923,TRUE,3.4,0,2023
dsir_channel,ANC:2008 CMA:1997 DMF:1980 LPF:1991 MPF:1991 NTU:1991 SAR:1990 SCP:1995,159,837.7562877721828,108,1891.5125755443655,5.2689074702653,0.5425579680710086,TRUE,3.6,1,2022
dsir_channel,ANC:2008 CMA:1997 DMF:1980 LPF:1991 MPF:1991 NTU:1991 SAR:1990 SCP:1995,152,790.6962046818865,108,1797.392409363773,5.201948715012411,0.934573890643648,TRUE,3.2,2,2021
dsir_channel,ANC:2008 CMA:1997 DMF:1980 LPF:1991 MPF:1991 NTU:1991 SAR:1990 SCP:1995,145,773.8278431049529,108,1763.6556862099058,5.3367437455513995,0.3950754460177528,TRUE,3.3,3,2020
dsir_channel,ANC:2008 CMA:1997 DMF:1980 LPF:1991 MPF:1991 NTU:1991 SAR:1990 SCP:1995,138,701.9482051845519,108,1619.8964103691037,5.086581196989506,0.25884272893549287,TRUE,4.2,4,2019
dsir_channel,ANC:2008 CMA:1997 DMF:1980 LPF:1991 MPF:1991 NTU:1991 SAR:1990 SCP:1995,131,691.9176321652589,108,1599.8352643305177,5.281813985994343,0.2689380820419558,TRUE,3.1,5,2018
