"sim","max_same_year","count_1987","year_of_max"
1,5,1,1991
2,5,0,1983
3,3,0,1977
4,4,1,1978
5,5,2,1984
6,4,1,1976
7,4,2,1982
8,3,1,1977
9,5,0,1975
10,5,1,1978
11,5,1,1977
12,3,2,1978
13,4,1,1981
14,4,0,1980
15,3,1,1979
16,4,0,1997
17,3,1,1976
18,3,0,1977
19,4,3,1976
20,5,1,1986
21,7,1,1977
22,4,2,2009
23,5,2,1978
24,3,2,1976
25,5,3,1984
26,4,1,1990
27,5,1,1976
28,6,2,1978
29,4,2,1981
30,3,1,1977
31,4,2,1979
32,5,3,1976
33,4,3,2009
34,5,0,1981
35,5,1,1984
36,4,3,1985
37,5,0,1977
38,4,0,1986
39,3,0,1978
40,4,1,1985
41,3,1,1977
42,3,1,1986
43,3,1,1977
44,5,1,1979
45,3,2,1983
46,4,1,1984
47,4,2,1982
48,6,1,1984
49,4,2,1981
50,3,0,1977
51,4,1,1981
52,4,2,1982
53,3,1,1975
54,5,1,2010
55,3,0,1982
56,4,1,1976
57,4,1,1978
58,3,1,1979
59,4,4,1987
60,4,0,1983
61,4,1,1980
62,4,1,1982
63,5,0,1985
64,3,2,1982
65,4,1,1976
66,4,3,1991
67,4,1,2000
68,6,2,1978
69,6,2,1981
70,3,0,1982
71,5,5,1987
72,6,3,1976
73,3,1,1979
74,4,1,1981
75,4,2,2018
76,4,0,1982
77,4,1,1980
78,5,2,1977
79,5,1,1980
80,6,1,1980
81,4,3,1980
82,4,0,1982
83,4,2,2004
84,4,1,1980
85,4,1,1994
86,3,3,1979
87,3,1,1976
88,6,3,1981
89,4,2,2009
90,5,1,1985
91,4,3,1996
92,4,0,1988
93,3,1,1978
94,4,4,1987
95,5,0,1975
96,3,2,1979
97,5,2,2007
98,4,4,1987
99,4,1,1980
100,4,0,1977
101,3,0,1976
102,3,2,1975
103,3,2,1978
104,4,0,1976
105,5,2,1985
106,4,0,1977
107,5,2,1978
108,6,2,1976
109,3,2,1983
110,3,1,1982
111,3,2,1985
112,3,0,1975
113,4,0,2005
114,4,1,1977
115,3,1,1975
116,4,1,1979
117,4,1,1979
118,3,1,1975
119,3,2,1980
120,4,1,2011
121,4,1,1991
122,4,1,1980
123,4,2,2004
124,5,1,1977
125,4,4,1982
126,3,0,1975
127,4,2,1978
128,4,1,1990
129,3,0,1978
130,3,1,1976
131,4,2,1982
132,4,1,1977
133,5,5,1987
134,3,2,1989
135,5,2,1980
136,4,0,2003
137,4,1,1983
138,4,1,2007
139,4,1,1981
140,4,1,1988
141,5,2,1985
142,4,1,1980
143,4,4,1987
144,5,1,1984
145,4,2,1984
146,3,1,1980
147,4,4,1987
148,3,1,1976
149,3,0,1975
150,5,1,1988
151,3,2,1976
152,3,2,1975
153,5,1,1983
154,6,0,2005
155,3,0,1982
156,4,1,1982
157,5,3,1977
158,3,1,1976
159,4,0,1984
160,4,3,1976
161,4,1,1983
162,5,1,1982
163,4,1,1981
164,4,0,1991
165,5,1,1985
166,4,0,1984
167,4,4,1975
168,4,1,1975
169,4,3,1982
170,3,1,1985
171,3,2,1980
172,3,0,1977
173,4,3,1980
174,5,0,1982
175,3,1,1975
176,3,2,1976
177,5,2,1978
178,4,1,1986
179,5,0,1980
180,4,2,1982
181,4,3,1983
182,4,1,1979
183,3,2,1980
184,4,1,2008
185,4,3,1986
186,4,2,1979
187,4,2,1982
188,4,0,1986
189,3,1,1977
190,5,1,1983
191,5,0,1983
192,5,0,1984
193,4,1,1988
194,5,1,1989
195,4,1,1980
196,4,1,1976
197,4,3,1976
198,4,1,1983
199,4,2,2008
200,3,1,1975
201,4,1,1979
202,5,0,1983
203,5,0,1978
204,4,2,1982
205,3,2,1980
206,4,3,1976
207,3,2,1979
208,3,2,2008
209,4,2,1982
210,3,0,1980
211,4,0,1980
212,4,0,1996
213,3,0,1978
214,5,1,1975
215,3,2,1979
216,4,0,1991
217,6,1,1985
218,4,0,2009
219,4,2,1977
220,5,3,1975
221,3,3,1976
222,4,2,1983
223,4,2,2003
224,3,1,1979
225,4,1,1982
226,3,2,1978
227,5,3,2006
228,4,0,1981
229,4,0,1982
230,5,2,1982
231,5,0,1982
232,4,1,1977
233,5,0,1982
234,5,3,1976
235,4,2,1991
236,4,0,1975
237,5,1,1979
238,4,2,1975
239,4,2,1978
240,4,0,1982
241,4,1,1982
242,3,0,1976
243,4,2,1976
244,4,1,1977
245,4,2,1996
246,3,1,1976
247,4,1,1984
248,4,4,1987
249,5,2,1977
250,4,0,1976
251,4,0,1981
252,3,0,1978
253,4,3,1979
254,3,2,1980
255,4,1,1975
256,5,0,1979
257,3,2,1980
258,3,1,1977
259,4,0,1980
260,5,5,1987
261,4,1,1982
262,5,2,1984
263,3,0,1984
264,4,2,2012
265,3,3,1987
266,4,1,1979
267,4,0,1988
268,6,0,1979
269,3,1,2008
270,5,2,2013
271,4,1,2003
272,4,0,1983
273,6,2,1981
274,5,0,1977
275,3,1,1978
276,3,1,1978
277,4,2,1980
278,4,1,1980
279,4,0,1976
280,3,0,1980
281,3,1,1982
282,4,2,1976
283,3,1,1976
284,4,0,1975
285,4,2,1981
286,4,0,2012
287,4,0,1982
288,4,2,1983
289,3,3,1975
290,4,3,1975
291,5,3,2004
292,4,1,1983
293,4,1,1980
294,3,1,1977
295,5,1,1983
296,4,1,1985
297,3,1,1976
298,5,3,1981
299,3,1,1977
300,4,4,1987
301,3,1,1976
302,5,0,1979
303,5,3,2003
304,4,3,1985
305,3,3,1978
306,4,0,1983
307,5,2,1976
308,3,3,1983
309,4,3,1981
310,5,1,1976
311,3,0,1978
312,5,1,1982
313,4,0,1986
314,5,3,1979
315,7,7,1987
316,4,1,1978
317,4,2,2016
318,4,1,2011
319,4,0,1981
320,5,1,1989
321,4,1,1984
322,4,0,1985
323,5,0,1977
324,3,1,1976
325,4,2,1976
326,4,0,1980
327,4,0,1991
328,5,5,1978
329,3,1,1981
330,4,1,1986
331,3,2,1981
332,3,3,1976
333,4,0,1976
334,3,3,1975
335,3,2,2002
336,6,3,1977
337,4,1,2006
338,4,1,1976
339,3,2,1976
340,4,0,1982
341,3,0,2004
342,5,1,1986
343,5,1,1979
344,3,0,1976
345,4,2,1977
346,4,1,1982
347,5,1,1982
348,3,1,1981
349,3,2,1975
350,3,3,1987
351,4,1,1981
352,4,2,1982
353,4,1,1975
354,3,3,1986
355,5,2,1991
356,4,1,1986
357,5,1,2004
358,4,2,2010
359,3,3,1978
360,3,1,1979
361,5,0,1985
362,4,2,1989
363,4,2,1985
364,3,3,1984
365,3,0,1988
366,4,0,1977
367,7,2,1981
368,4,1,2003
369,4,2,1978
370,5,1,2008
371,3,0,1980
372,3,3,1976
373,3,2,1977
374,4,1,2010
375,3,1,1975
376,4,1,1980
377,4,0,1975
378,4,3,1976
379,3,0,1976
380,4,1,1989
381,4,2,1986
382,5,0,1977
383,4,0,1978
384,5,2,1979
385,4,3,2003
386,5,0,1978
387,3,2,1978
388,4,3,1991
389,3,0,1981
390,3,0,1982
391,4,1,1981
392,4,1,1975
393,3,0,1975
394,4,1,1976
395,4,2,1978
396,4,4,1987
397,4,0,1980
398,7,0,2006
399,5,3,1988
400,5,0,1976
401,4,2,1978
402,3,2,1981
403,7,0,1983
404,5,5,1987
405,3,2,1975
406,4,1,1978
407,4,1,1991
408,3,1,1977
409,4,3,1978
410,2,1,1975
411,4,2,1977
412,4,1,1983
413,3,0,1975
414,4,0,1980
415,4,3,1977
416,3,1,1982
417,4,2,1980
418,4,2,1975
419,3,2,1983
420,4,2,1979
421,5,1,1994
422,4,3,1977
423,3,1,1982
424,4,0,2006
425,5,2,2005
426,5,0,1978
427,3,1,1977
428,4,2,1982
429,3,1,1975
430,6,2,1985
431,4,2,1984
432,5,2,2005
433,5,1,1978
434,4,4,1984
435,4,2,1986
436,6,6,1987
437,4,2,1984
438,3,1,1975
439,3,3,1976
440,3,1,1978
441,6,0,1982
442,4,1,1983
443,4,0,1985
444,3,2,1979
445,4,4,1980
446,3,3,1977
447,4,1,1977
448,5,0,1979
449,3,3,1979
450,4,2,1978
451,4,0,1985
452,4,2,1979
453,4,4,1987
454,4,2,1980
455,4,3,1978
456,3,2,1979
457,3,2,1976
458,4,1,2006
459,3,0,1979
460,6,0,1977
461,3,1,1976
462,4,3,1984
463,5,2,1979
464,4,3,1980
465,4,2,1984
466,4,2,1984
467,3,1,1985
468,5,3,1975
469,3,1,1975
470,5,1,1980
471,4,0,1981
472,4,1,1981
473,6,1,1988
474,4,2,1976
475,3,1,1975
476,6,3,1981
477,4,1,1991
478,4,1,1978
479,4,2,1982
480,4,3,1977
481,3,3,1979
482,4,2,2006
483,3,2,1976
484,4,1,1980
485,5,2,1989
486,4,2,1983
487,4,3,1976
488,3,0,1981
489,3,3,1984
490,6,0,1988
491,5,4,1976
492,4,3,1977
493,4,0,2005
494,5,2,1983
495,4,2,1986
496,4,2,1997
497,4,1,1984
498,5,1,2005
499,3,2,1984
500,4,3,1994
501,4,1,1989
502,4,3,1977
503,4,0,1981
504,6,0,1979
505,4,4,1987
506,4,0,1984
507,4,1,1997
508,4,3,2018
509,3,3,1975
510,4,1,1992
511,4,2,1988
512,4,0,1982
513,6,1,1976
514,6,1,1983
515,4,2,1976
516,4,2,1975
517,5,2,1977
518,3,1,1982
519,4,1,1978
520,5,5,1987
521,4,1,1978
522,4,2,1978
523,6,1,2008
524,4,0,1984
525,4,1,1982
526,4,3,1983
527,4,2,1976
528,4,3,1979
529,5,1,1991
530,6,1,1976
531,3,3,1980
532,3,2,1982
533,4,3,1994
534,3,2,1978
535,3,1,1982
536,3,1,1988
537,4,3,1981
538,4,0,1985
539,4,2,1991
540,4,1,1981
541,5,5,1987
542,4,1,1984
543,5,1,1979
544,3,2,1977
545,4,1,1975
546,5,2,1982
547,4,1,1998
548,6,2,1978
549,5,0,1979
550,3,1,1979
551,3,1,1978
552,4,1,1981
553,3,2,1984
554,3,2,1982
555,5,1,1985
556,4,1,1979
557,4,1,1976
558,3,1,1979
559,5,2,1991
560,3,1,1985
561,4,1,1982
562,5,1,1981
563,5,2,1983
564,4,0,2000
565,4,1,1985
566,4,2,1979
567,3,2,1975
568,5,0,1980
569,4,0,1994
570,4,1,1981
571,4,2,1977
572,4,1,1978
573,5,1,1979
574,4,1,1981
575,3,0,1983
576,5,1,1982
577,3,1,1976
578,4,2,1988
579,4,1,1985
580,4,0,1986
581,5,0,1980
582,5,3,1977
583,4,2,1982
584,7,0,1991
585,3,1,1977
586,3,3,1976
587,3,1,1989
588,4,1,1989
589,3,2,1978
590,4,1,1976
591,4,1,1979
592,3,1,1975
593,3,2,1979
594,7,2,1981
595,3,1,1978
596,4,1,1980
597,4,0,1984
598,3,2,1988
599,5,1,1983
600,4,0,1984
601,4,2,1979
602,7,0,1984
603,4,0,1977
604,5,1,1976
605,4,2,1978
606,4,2,1984
607,3,1,1977
608,5,1,1988
609,3,1,1982
610,3,3,1977
611,3,1,1979
612,5,1,1981
613,5,2,1984
614,5,1,1986
615,4,3,1976
616,4,1,2007
617,3,2,1978
618,3,1,1979
619,4,0,1985
620,4,0,1980
621,3,1,1982
622,4,3,2006
623,5,1,1978
624,3,0,1978
625,4,2,2005
626,4,2,1993
627,5,0,1976
628,7,0,1977
629,3,2,1983
630,3,1,1978
631,5,1,1983
632,3,0,1977
633,4,1,2007
634,4,0,1980
635,5,1,1979
636,5,1,1984
637,3,2,1979
638,4,1,1977
639,4,0,1980
640,5,1,1977
641,4,2,2013
642,3,3,1979
643,5,1,1981
644,4,3,1984
645,4,3,1982
646,4,0,2001
647,3,2,1978
648,5,2,1976
649,5,1,1976
650,3,1,1976
651,4,2,1977
652,4,2,1978
653,3,1,1990
654,4,0,2012
655,4,2,1976
656,3,2,1978
657,3,1,1982
658,4,2,1985
659,4,1,1979
660,6,1,1979
661,4,2,1978
662,3,1,1985
663,5,2,1975
664,4,0,1981
665,5,1,2012
666,4,4,1987
667,3,3,1983
668,4,4,1987
669,4,0,1979
670,3,0,1976
671,3,3,1979
672,3,0,2004
673,5,1,1985
674,3,3,1978
675,5,0,1977
676,4,1,1985
677,4,2,1980
678,4,2,1984
679,4,1,1980
680,4,1,1986
681,5,5,1987
682,5,0,1986
683,4,0,1975
684,4,0,1976
685,4,2,1982
686,5,2,2005
687,5,2,2004
688,4,1,1975
689,4,1,1980
690,3,1,1976
691,5,1,1983
692,4,0,1978
693,4,4,1987
694,4,0,1977
695,4,1,1983
696,3,2,1986
697,3,1,1981
698,4,2,1981
699,4,2,1976
700,4,2,1979
701,4,4,1987
702,3,2,1982
703,4,0,1979
704,4,3,2005
705,4,2,1986
706,5,3,1991
707,3,1,1980
708,3,2,1975
709,4,1,2016
710,3,1,1976
711,3,2,1982
712,5,1,1976
713,4,1,1984
714,2,1,1975
715,6,1,1981
716,6,1,1981
717,4,1,1980
718,4,0,1978
719,4,1,1985
720,5,2,1977
721,4,1,1983
722,5,2,1984
723,4,0,1991
724,3,2,1977
725,5,1,2007
726,3,2,1984
727,4,2,1981
728,4,0,1985
729,5,1,1991
730,4,1,1982
731,5,5,1987
732,5,1,2011
733,4,3,1975
734,3,1,1978
735,5,2,1984
736,4,2,1977
737,4,2,1978
738,7,1,1984
739,3,1,1975
740,4,1,1977
741,4,1,1977
742,4,0,1986
743,4,1,1982
744,6,1,1985
745,5,2,1985
746,3,1,1978
747,4,1,1978
748,4,1,1984
749,5,2,1975
750,6,1,1977
751,6,2,1985
752,6,4,1978
753,5,1,1988
754,4,2,1980
755,4,0,1977
756,5,1,1983
757,4,0,1982
758,3,3,1980
759,4,1,1982
760,4,1,1978
761,4,1,1981
762,4,2,2006
763,4,2,1976
764,4,3,1976
765,4,0,1985
766,3,0,2008
767,4,3,1983
768,4,0,2010
769,4,1,1989
770,4,1,1978
771,4,3,1980
772,7,1,1985
773,4,2,1985
774,6,0,1979
775,4,1,1975
776,4,1,1985
777,3,3,1977
778,5,0,1981
779,3,1,1977
780,4,0,1986
781,5,3,1976
782,4,1,1976
783,5,1,1978
784,4,0,1979
785,4,1,2007
786,6,1,1986
787,4,1,1979
788,3,2,1977
789,6,2,1981
790,3,2,1978
791,5,1,1990
792,3,1,1982
793,3,1,1975
794,5,4,1980
795,4,2,1984
796,5,1,1978
797,3,2,1975
798,3,3,1985
799,4,3,1980
800,4,1,1979
801,4,3,1980
802,4,0,1979
803,5,2,1980
804,4,1,1984
805,4,2,1978
806,4,2,1976
807,4,0,1975
808,3,1,1977
809,6,3,1979
810,4,0,1981
811,4,2,1988
812,3,1,1978
813,3,2,1976
814,5,0,2004
815,3,2,1978
816,4,1,1981
817,4,2,1978
818,4,1,1991
819,5,0,1989
820,4,1,1977
821,4,3,1980
822,4,0,1986
823,6,2,1983
824,4,0,1983
825,3,1,1977
826,4,0,2015
827,5,2,1979
828,4,0,1980
829,6,2,1982
830,3,1,1975
831,3,1,1977
832,4,1,1976
833,3,1,1975
834,4,2,2013
835,4,4,1984
836,3,0,1979
837,3,1,1978
838,4,1,1979
839,4,4,1985
840,5,2,1986
841,4,1,1980
842,4,2,1981
843,4,1,1976
844,3,1,1975
845,5,3,1980
846,3,0,1976
847,4,0,1980
848,3,2,1980
849,4,1,1982
850,4,1,1986
851,4,3,1977
852,4,4,1976
853,4,1,1975
854,3,0,1978
855,4,1,1976
856,4,3,1976
857,4,1,1982
858,4,1,1982
859,4,1,1977
860,4,0,1984
861,5,0,1975
862,4,2,1978
863,3,1,1977
864,3,3,1982
865,4,1,1986
866,4,1,1983
867,4,2,1983
868,3,0,1977
869,5,1,1977
870,5,0,1981
871,4,0,1991
872,4,0,2011
873,5,4,1975
874,3,2,1989
875,4,3,1977
876,4,1,1976
877,4,0,1978
878,4,0,1983
879,4,1,1976
880,3,2,1979
881,3,2,1977
882,4,2,1985
883,4,2,1983
884,4,0,1976
885,4,0,1977
886,5,2,1981
887,4,1,1982
888,4,1,1985
889,4,0,1983
890,4,0,2008
891,3,3,1976
892,4,0,1984
893,6,1,1984
894,3,2,1981
895,5,1,1985
896,4,1,1984
897,5,5,1987
898,4,1,1976
899,5,1,1984
900,3,0,1979
901,4,1,1983
902,3,1,1976
903,4,1,2010
904,4,0,1980
905,4,1,1978
906,5,0,1982
907,5,2,1991
908,4,0,1977
909,5,5,1987
910,5,0,1980
911,4,0,1983
912,4,2,1983
913,4,1,1984
914,3,2,1975
915,5,3,1977
916,4,2,1983
917,5,2,1981
918,5,1,1981
919,4,1,1989
920,3,3,1987
921,3,2,1996
922,4,1,1985
923,3,0,1976
924,4,2,1976
925,4,4,1987
926,4,0,1978
927,4,0,1982
928,4,2,1979
929,4,0,1985
930,4,1,1986
931,6,2,1977
932,4,1,2005
933,4,1,1985
934,5,1,1991
935,5,1,1982
936,4,1,1981
937,4,1,1978
938,4,1,1975
939,3,0,1981
940,4,0,1978
941,3,0,1976
942,4,0,1981
943,4,3,1985
944,4,1,1975
945,4,0,1981
946,4,0,2008
947,4,2,1975
948,6,1,1977
949,3,2,1976
950,5,0,1981
951,4,2,1977
952,4,1,1978
953,4,0,1984
954,3,2,1975
955,5,0,1982
956,4,2,1975
957,4,1,1977
958,4,2,1976
959,4,2,1977
960,5,3,2008
961,6,1,1978
962,3,0,1978
963,4,3,1988
964,5,1,2012
965,4,1,1981
966,3,2,1981
967,4,1,1980
968,3,1,1975
969,5,1,1976
970,4,2,1982
971,4,1,2004
972,3,0,1981
973,3,1,1983
974,4,3,1994
975,9,2,1984
976,4,0,2002
977,4,1,1978
978,3,1,1978
979,5,0,1979
980,4,0,1980
981,5,2,1978
982,4,3,1975
983,5,1,2009
984,3,1,1975
985,3,0,1977
986,5,1,1980
987,5,4,1979
988,3,2,1975
989,4,1,1975
990,3,2,1976
991,4,3,1988
992,4,1,1981
993,4,0,1992
994,3,1,1986
995,5,2,1986
996,4,1,1976
997,5,3,1983
998,4,1,1975
999,5,1,1985
1000,5,0,1976
1001,4,1,2009
1002,3,2,1977
1003,3,1,1976
1004,5,0,1984
1005,4,1,1984
1006,5,0,2010
1007,4,0,1978
1008,4,2,1984
1009,5,2,1986
1010,4,3,1981
1011,3,2,1980
1012,5,2,2014
1013,3,2,1975
1014,5,1,1980
1015,4,0,1977
1016,3,2,1976
1017,4,4,1978
1018,4,3,1977
1019,4,3,1975
1020,4,1,1979
1021,5,2,1983
1022,5,4,1980
1023,5,1,1981
1024,4,2,1980
1025,3,1,1984
1026,4,1,1981
1027,3,1,1975
1028,4,0,1983
1029,4,3,1975
1030,4,2,1983
1031,3,1,1979
1032,4,2,1976
1033,3,3,1978
1034,5,1,1980
1035,4,2,1977
1036,3,0,1976
1037,4,0,1983
1038,5,0,1991
1039,3,0,1979
1040,4,0,1979
1041,4,1,1981
1042,3,2,1979
1043,3,3,1977
1044,5,2,1977
1045,4,2,1984
1046,4,0,1993
1047,3,2,1985
1048,4,3,2005
1049,5,3,1976
1050,4,2,1981
1051,4,1,1994
1052,3,1,1977
1053,4,1,1985
1054,3,1,1978
1055,3,2,1976
1056,3,0,1976
1057,5,1,1977
1058,4,2,1980
1059,4,3,1978
1060,6,0,1982
1061,4,0,1975
1062,4,1,1984
1063,4,1,1985
1064,4,2,1981
1065,3,2,1975
1066,3,1,1978
1067,4,1,1977
1068,4,0,1984
1069,4,2,1975
1070,4,1,1982
1071,4,1,1996
1072,5,1,1983
1073,4,4,1980
1074,3,3,1976
1075,3,1,1985
1076,4,0,1980
1077,5,0,1981
1078,5,1,1984
1079,5,1,1977
1080,5,2,1975
1081,4,4,1975
1082,3,1,1977
1083,6,2,1983
1084,3,1,1977
1085,4,3,1978
1086,4,1,1980
1087,5,1,1980
1088,4,1,1979
1089,4,1,1985
1090,4,1,1979
1091,3,1,1980
1092,3,1,1975
1093,4,3,1982
1094,7,0,1982
1095,4,0,1975
1096,3,1,1976
1097,6,1,1985
1098,4,3,1993
1099,4,0,1975
1100,4,1,1979
1101,4,0,1979
1102,4,1,1975
1103,4,3,1985
1104,3,0,1978
1105,4,1,2006
1106,4,0,1988
1107,5,0,1985
1108,4,1,1978
1109,3,2,1979
1110,4,2,1988
1111,6,1,1986
1112,4,0,1982
1113,6,0,1976
1114,4,1,1983
1115,5,1,2005
1116,8,3,1977
1117,5,1,1976
1118,3,0,1976
1119,4,1,1977
1120,5,2,1985
1121,4,3,1975
1122,4,4,1987
1123,4,2,1976
1124,4,1,1976
1125,5,1,1976
1126,5,2,1977
1127,4,2,1984
1128,4,0,1990
1129,4,1,1976
1130,4,0,1979
1131,4,1,1981
1132,4,3,1979
1133,5,0,1980
1134,4,2,2005
1135,5,1,1975
1136,5,0,1978
1137,4,2,1983
1138,5,1,1980
1139,3,2,1977
1140,3,2,1979
1141,6,0,1983
1142,3,1,1975
1143,4,3,1978
1144,5,1,2007
1145,4,2,1979
1146,4,0,1981
1147,3,0,1979
1148,5,2,1978
1149,4,0,1982
1150,4,0,1975
1151,6,0,1981
1152,5,2,1976
1153,4,1,1988
1154,4,2,2005
1155,4,2,1991
1156,5,1,1986
1157,4,0,1980
1158,4,3,1984
1159,4,2,1985
1160,3,1,1975
1161,4,3,2011
1162,5,1,1980
1163,5,1,1985
1164,5,2,1991
1165,4,2,1976
1166,5,0,1988
1167,4,1,1984
1168,4,0,2014
1169,6,2,1975
1170,5,3,1978
1171,4,2,1975
1172,4,1,1980
1173,3,1,1985
1174,3,1,1976
1175,3,2,1985
1176,4,0,1976
1177,4,2,1976
1178,5,0,1975
1179,4,1,2005
1180,3,3,1976
1181,5,0,1982
1182,3,3,1978
1183,4,3,1977
1184,4,4,1987
1185,5,1,1984
1186,4,0,1977
1187,4,3,1991
1188,6,3,1983
1189,3,0,1976
1190,4,0,1975
1191,6,1,1977
1192,3,1,1976
1193,3,0,1982
1194,3,0,1980
1195,5,1,2009
1196,4,0,1991
1197,5,1,1985
1198,4,1,1981
1199,5,0,1979
1200,3,1,1980
1201,4,0,1981
1202,3,1,1979
1203,4,4,1987
1204,4,1,1984
1205,5,2,1980
1206,3,0,1977
1207,4,2,1976
1208,3,2,1977
1209,4,0,1983
1210,4,2,1982
1211,4,1,1985
1212,4,0,1995
1213,4,4,1978
1214,3,1,1981
1215,2,1,1976
1216,5,0,1980
1217,6,1,1979
1218,4,2,1984
1219,4,2,1985
1220,5,2,1991
1221,5,0,1977
1222,4,2,1975
1223,4,2,1986
1224,3,1,1977
1225,3,0,1984
1226,4,3,1984
1227,4,1,1998
1228,4,4,1987
1229,4,4,1987
1230,5,3,2004
1231,5,1,1985
1232,3,1,1975
1233,5,2,1979
1234,6,1,1981
1235,4,1,1983
1236,4,0,1976
1237,3,2,1982
1238,4,1,1991
1239,4,1,1988
1240,3,1,1977
1241,4,1,1977
1242,4,4,1981
1243,4,2,1984
1244,5,2,1988
1245,4,1,1976
1246,4,1,1979
1247,4,0,1981
1248,3,3,1976
1249,5,3,1976
1250,5,0,1976
1251,4,2,1984
1252,3,1,1975
1253,5,1,1977
1254,4,1,1980
1255,6,0,1979
1256,3,0,1976
1257,7,0,1982
1258,3,0,1984
1259,3,0,1975
1260,3,3,1976
1261,5,0,1988
1262,4,0,1978
1263,4,1,1985
1264,3,0,1984
1265,3,1,1984
1266,5,2,1979
1267,4,1,1978
1268,3,2,1981
1269,5,2,1979
1270,5,3,1978
1271,3,3,1980
1272,4,1,1984
1273,5,0,1981
1274,3,2,1979
1275,3,0,1975
1276,4,1,1981
1277,3,0,1985
1278,4,1,1975
1279,6,0,1978
1280,4,3,1980
1281,3,1,1986
1282,4,1,1984
1283,5,1,1983
1284,4,1,1976
1285,4,2,1981
1286,4,0,1983
1287,5,5,1987
1288,4,2,1979
1289,3,0,1975
1290,4,1,1983
1291,5,4,1978
1292,4,1,1976
1293,4,0,1977
1294,4,1,1982
1295,3,2,1979
1296,4,4,1987
1297,4,1,1981
1298,5,0,1991
1299,4,2,1992
1300,4,3,1988
1301,3,0,1984
1302,4,4,1981
1303,5,3,1984
1304,4,1,1976
1305,5,2,1979
1306,7,2,1979
1307,6,6,1987
1308,5,0,1986
1309,4,1,1984
1310,4,2,1981
1311,4,1,1977
1312,4,1,1978
1313,4,3,1978
1314,4,4,1975
1315,4,0,1983
1316,4,1,1978
1317,4,1,2015
1318,3,1,2010
1319,4,0,1989
1320,4,1,1977
1321,5,1,1979
1322,4,3,1979
1323,5,0,1989
1324,4,2,2007
1325,3,2,1975
1326,4,0,1991
1327,4,2,1984
1328,3,3,1975
1329,6,2,1981
1330,3,0,1976
1331,4,2,1982
1332,3,2,1975
1333,5,3,1981
1334,8,2,1976
1335,5,1,1983
1336,4,1,1982
1337,3,2,1980
1338,4,1,1980
1339,4,1,1991
1340,3,1,1976
1341,4,1,1982
1342,5,1,2008
1343,4,3,1978
1344,4,1,1978
1345,4,1,1975
1346,4,2,1978
1347,4,0,1991
1348,3,0,1977
1349,4,0,1986
1350,3,1,1975
1351,3,1,1978
1352,3,3,1981
1353,5,2,1975
1354,4,1,1979
1355,3,2,1978
1356,5,0,1993
1357,6,2,1977
1358,4,3,1978
1359,4,1,1975
1360,4,1,1976
1361,4,1,2003
1362,5,3,1978
1363,4,0,1983
1364,4,1,2011
1365,4,2,1979
1366,4,2,1975
1367,3,3,1975
1368,3,2,1981
1369,4,1,1975
1370,4,0,1976
1371,4,0,1978
1372,3,3,1983
1373,5,2,1990
1374,5,2,1979
1375,5,0,1991
1376,4,2,1982
1377,4,2,1991
1378,5,1,2005
1379,3,1,1986
1380,4,1,1986
1381,5,0,1976
1382,4,1,1975
1383,4,1,1979
1384,4,0,1981
1385,6,1,1991
1386,4,1,1986
1387,5,1,1985
1388,5,0,1976
1389,5,1,1977
1390,4,0,1991
1391,3,0,1978
1392,4,1,1985
1393,5,1,1977
1394,4,2,1986
1395,4,0,1976
1396,4,3,1978
1397,3,2,1984
1398,5,3,1982
1399,3,1,1977
1400,5,1,1985
1401,3,1,1977
1402,4,2,1980
1403,4,0,1975
1404,6,1,1982
1405,5,1,1979
1406,5,0,1983
1407,4,4,1982
1408,4,1,1979
1409,5,0,1979
1410,4,1,1978
1411,4,1,1989
1412,3,1,1978
1413,4,4,1976
1414,3,3,1975
1415,4,2,2003
1416,6,3,1979
1417,4,2,2008
1418,4,1,1978
1419,3,1,1977
1420,4,1,1981
1421,4,1,1985
1422,4,3,1983
1423,4,1,1984
1424,6,2,1983
1425,5,2,1975
1426,4,2,1983
1427,3,2,1975
1428,5,3,1991
1429,3,1,1976
1430,3,2,1980
1431,3,2,1978
1432,3,3,1977
1433,3,1,1976
1434,3,3,1977
1435,4,1,1989
1436,4,1,1984
1437,4,2,1996
1438,4,0,1978
1439,3,0,1988
1440,6,4,1986
1441,4,2,1984
1442,4,0,1981
1443,5,1,1975
1444,5,0,1988
1445,5,2,1985
1446,3,3,1982
1447,3,2,1977
1448,3,2,1976
1449,4,1,1976
1450,3,1,1975
1451,4,1,1977
1452,3,0,1975
1453,3,1,1976
1454,4,1,1990
1455,4,3,2005
1456,4,2,1999
1457,3,1,1978
1458,6,0,1977
1459,3,1,1981
1460,3,0,1975
1461,4,3,1982
1462,5,2,1984
1463,4,3,1976
1464,4,2,1977
1465,4,4,1979
1466,3,1,1984
1467,4,0,1991
1468,3,0,1978
1469,3,1,1976
1470,3,0,1979
1471,4,1,1980
1472,5,1,1983
1473,3,1,1976
1474,4,1,2016
1475,4,1,1991
1476,5,2,1979
1477,4,1,2003
1478,5,2,1982
1479,4,1,1975
1480,3,3,1977
1481,4,0,1985
1482,4,1,1986
1483,5,0,1977
1484,4,1,1978
1485,5,3,1976
1486,5,2,1979
1487,5,1,1988
1488,4,2,1976
1489,3,2,1976
1490,4,2,1978
1491,4,4,1975
1492,3,2,1985
1493,5,0,1983
1494,4,1,1979
1495,4,4,1987
1496,5,1,1981
1497,5,1,1985
1498,5,1,1979
1499,4,1,1988
1500,4,0,1985
1501,6,1,2008
1502,4,0,1980
1503,5,1,1976
1504,4,1,1978
1505,5,0,1985
1506,3,2,1982
1507,4,0,1984
1508,4,2,1979
1509,4,0,1976
1510,4,0,1977
1511,4,0,1976
1512,3,1,1979
1513,5,5,1987
1514,3,0,1977
1515,4,1,1978
1516,4,1,1980
1517,4,2,2018
1518,6,0,1982
1519,5,1,1978
1520,3,2,1978
1521,5,1,1984
1522,3,2,1980
1523,4,0,1978
1524,3,2,1978
1525,4,0,2010
1526,4,4,1987
1527,4,3,1991
1528,4,3,1980
1529,6,3,1992
1530,4,3,1978
1531,3,0,1983
1532,4,0,1977
1533,4,1,1976
1534,5,1,1977
1535,4,2,1979
1536,4,2,1979
1537,5,2,1977
1538,6,0,1976
1539,3,1,1975
1540,5,1,1980
1541,3,0,1975
1542,3,0,1976
1543,4,1,1980
1544,4,0,1978
1545,5,0,1986
1546,4,0,1980
1547,3,1,2008
1548,4,3,1979
1549,4,0,1977
1550,4,2,1975
1551,4,0,1997
1552,4,2,1977
1553,4,3,1977
1554,4,0,1986
1555,5,2,1976
1556,5,0,1983
1557,5,0,1983
1558,5,2,2004
1559,6,1,1989
1560,6,0,1982
1561,3,0,1977
1562,3,1,1983
1563,4,1,1985
1564,6,0,1983
1565,5,0,1977
1566,4,1,1980
1567,4,4,1987
1568,4,0,1978
1569,3,1,1979
1570,3,2,1975
1571,4,1,1981
1572,3,2,1975
1573,5,2,1982
1574,4,2,1980
1575,4,1,1981
1576,3,1,1980
1577,4,3,2012
1578,4,1,1984
1579,4,1,1980
1580,4,1,1975
1581,4,2,1979
1582,4,0,1977
1583,5,1,1978
1584,5,1,1978
1585,4,3,1977
1586,4,2,1978
1587,4,0,1975
1588,4,1,1979
1589,6,2,1977
1590,4,0,1982
1591,4,3,1976
1592,4,2,1975
1593,3,1,1980
1594,4,0,1993
1595,4,0,1977
1596,4,1,2009
1597,5,3,1981
1598,5,2,1982
1599,3,2,1985
1600,4,1,1976
1601,3,0,1975
1602,4,1,1979
1603,4,2,1977
1604,5,2,1976
1605,5,0,1985
1606,4,1,1985
1607,3,0,1982
1608,5,3,1981
1609,5,2,1991
1610,3,3,1977
1611,5,1,1978
1612,3,3,1983
1613,4,1,1980
1614,5,3,1985
1615,4,2,1975
1616,4,2,2004
1617,4,2,1985
1618,3,0,1982
1619,6,1,1980
1620,4,0,1982
1621,4,2,2011
1622,4,1,1979
1623,6,1,2006
1624,5,2,1977
1625,4,1,1984
1626,4,2,1990
1627,3,2,1977
1628,4,2,1980
1629,4,4,1978
1630,4,3,2011
1631,4,4,1987
1632,3,0,1985
1633,4,4,1977
1634,6,2,1978
1635,4,1,1979
1636,4,1,1982
1637,4,2,1980
1638,3,2,1977
1639,4,1,1978
1640,4,1,1978
1641,4,1,1980
1642,5,2,1984
1643,4,4,1980
1644,4,1,1980
1645,4,2,1978
1646,5,0,1985
1647,4,1,1983
1648,5,1,1993
1649,4,1,1976
1650,4,3,1982
1651,3,2,1975
1652,4,4,1987
1653,4,3,2018
1654,3,1,1991
1655,3,1,1976
1656,4,1,1977
1657,4,0,1979
1658,5,0,1980
1659,3,2,1978
1660,3,0,1981
1661,3,0,1988
1662,6,0,1976
1663,4,0,1979
1664,3,0,1981
1665,4,2,1979
1666,5,0,2004
1667,3,1,1976
1668,4,0,1983
1669,4,0,1979
1670,4,3,1982
1671,4,1,1978
1672,3,2,1976
1673,4,0,1977
1674,5,0,1980
1675,4,3,1977
1676,4,1,1979
1677,4,0,1984
1678,3,1,1976
1679,5,0,1981
1680,3,2,1975
1681,5,2,1979
1682,4,2,1976
1683,5,1,1983
1684,4,2,1978
1685,4,1,1986
1686,3,1,1976
1687,4,0,1977
1688,4,4,1983
1689,5,1,1980
1690,4,1,1977
1691,4,2,1976
1692,4,1,1986
1693,4,1,1975
1694,4,2,1985
1695,4,0,2006
1696,5,1,1977
1697,3,2,1995
1698,3,1,1976
1699,3,0,1978
1700,3,1,1976
1701,3,1,1976
1702,3,0,1981
1703,4,2,1978
1704,4,1,1989
1705,5,1,1984
1706,5,0,1982
1707,4,0,2010
1708,3,1,1981
1709,4,1,2003
1710,8,2,1976
1711,5,2,1982
1712,5,1,2007
1713,4,2,1979
1714,4,1,1978
1715,4,3,1985
1716,4,1,1984
1717,3,1,1978
1718,4,1,1981
1719,3,2,1976
1720,4,1,1979
1721,3,1,1976
1722,3,3,1981
1723,5,1,1983
1724,4,3,1991
1725,5,2,1988
1726,4,1,2013
1727,4,3,1980
1728,4,1,1975
1729,3,0,1976
1730,4,0,1977
1731,3,0,1978
1732,4,1,1983
1733,5,2,1984
1734,4,1,1975
1735,3,0,1983
1736,3,1,1978
1737,4,0,1980
1738,5,3,1981
1739,5,2,1979
1740,3,1,1982
1741,4,2,1978
1742,4,1,1983
1743,4,2,1979
1744,6,1,1981
1745,4,1,1977
1746,3,3,1983
1747,4,0,1978
1748,3,0,1977
1749,3,2,1975
1750,4,0,1979
1751,4,3,1981
1752,4,3,1976
1753,4,1,1984
1754,3,2,1976
1755,5,1,1985
1756,3,3,1978
1757,5,1,1984
1758,3,1,1980
1759,6,1,1979
1760,5,2,1991
1761,4,3,1982
1762,3,0,1982
1763,6,0,1983
1764,4,0,1980
1765,4,4,1982
1766,4,1,1976
1767,4,4,1987
1768,4,1,1983
1769,4,2,1979
1770,5,4,1977
1771,4,1,1979
1772,4,1,1979
1773,4,2,1985
1774,4,2,1979
1775,4,2,1988
1776,4,0,1982
1777,3,2,1978
1778,3,1,1981
1779,5,2,1988
1780,3,0,1980
1781,3,2,1976
1782,3,3,1981
1783,4,0,1976
1784,4,3,1982
1785,5,4,1975
1786,4,2,1977
1787,4,0,1979
1788,4,1,1994
1789,4,3,1980
1790,5,5,1987
1791,3,1,1978
1792,5,2,1976
1793,4,0,1991
1794,3,0,1975
1795,4,1,1975
1796,3,2,1978
1797,4,2,1977
1798,3,2,1976
1799,4,0,1976
1800,4,4,1985
1801,4,1,1977
1802,3,1,1977
1803,3,0,1976
1804,4,1,1980
1805,4,1,1981
1806,3,3,1987
1807,4,2,1986
1808,5,1,1991
1809,3,0,1980
1810,4,0,1979
1811,4,1,1976
1812,5,3,1977
1813,4,0,1985
1814,4,4,1977
1815,4,1,1978
1816,6,2,1979
1817,5,2,1981
1818,5,3,1976
1819,4,1,1980
1820,4,1,1983
1821,3,1,1984
1822,4,1,1982
1823,4,1,1979
1824,6,0,1989
1825,3,1,1991
1826,4,0,1991
1827,4,0,1980
1828,4,2,1990
1829,6,0,1984
1830,4,1,1985
1831,4,1,1975
1832,4,0,1991
1833,5,5,1987
1834,6,0,1975
1835,5,2,1977
1836,3,1,1976
1837,4,1,1977
1838,3,2,1976
1839,3,0,1977
1840,4,2,1976
1841,4,1,1983
1842,5,2,1979
1843,3,1,1979
1844,3,0,1976
1845,4,4,1987
1846,4,1,1976
1847,7,1,1975
1848,3,0,1975
1849,4,3,1980
1850,5,5,1985
1851,3,2,1979
1852,4,0,2008
1853,4,1,1975
1854,4,1,1975
1855,4,0,1981
1856,4,2,1976
1857,3,2,1977
1858,3,1,1978
1859,5,1,1978
1860,6,1,1978
1861,5,0,1977
1862,3,0,1976
1863,3,2,1986
1864,5,0,1978
1865,4,3,1979
1866,4,3,1980
1867,4,3,1980
1868,3,3,1983
1869,5,1,1985
1870,3,1,1976
1871,3,2,1979
1872,5,1,1976
1873,5,1,1982
1874,4,0,1981
1875,4,0,1981
1876,6,2,2011
1877,4,1,1978
1878,4,3,1975
1879,3,1,1983
1880,4,1,1975
1881,5,1,1981
1882,5,2,1976
1883,5,1,1976
1884,3,0,1979
1885,4,1,1986
1886,4,0,1977
1887,5,2,1981
1888,5,1,1982
1889,4,2,1985
1890,5,5,1987
1891,3,1,1981
1892,4,2,1994
1893,4,1,1982
1894,3,3,1984
1895,3,0,1978
1896,3,0,1984
1897,4,0,1977
1898,4,0,1976
1899,5,2,1977
1900,5,1,1982
1901,5,0,1982
1902,5,2,1975
1903,5,5,1981
1904,5,0,1988
1905,7,0,1979
1906,4,2,1986
1907,4,1,1975
1908,5,0,1986
1909,5,0,2003
1910,4,2,2005
1911,3,1,1986
1912,4,0,1977
1913,4,2,1989
1914,4,0,1986
1915,3,0,1980
1916,4,2,1978
1917,4,1,1986
1918,6,6,1987
1919,4,0,1977
1920,3,1,1978
1921,4,1,1976
1922,3,1,1982
1923,3,2,2004
1924,5,1,1976
1925,4,0,1986
1926,4,2,1983
1927,4,1,1981
1928,4,3,1977
1929,3,3,1977
1930,4,4,1987
1931,3,2,1981
1932,4,3,2005
1933,4,0,1978
1934,4,1,1977
1935,4,0,1985
1936,3,0,1980
1937,4,0,1982
1938,5,1,1977
1939,3,1,1984
1940,5,1,1981
1941,3,2,1980
1942,3,1,1978
1943,4,4,1979
1944,4,1,1980
1945,5,0,1991
1946,4,3,1979
1947,5,3,1978
1948,4,2,1981
1949,4,0,1979
1950,4,1,1977
1951,3,2,1976
1952,3,1,1980
1953,4,1,1981
1954,3,2,1978
1955,4,2,1976
1956,4,1,1984
1957,5,4,2007
1958,4,1,1982
1959,4,0,1979
1960,3,1,1977
1961,5,1,1984
1962,4,2,1980
1963,4,3,1978
1964,4,4,1987
1965,3,1,1976
1966,5,0,1978
1967,3,2,1982
1968,4,1,1980
1969,6,1,1977
1970,4,2,1978
1971,5,1,1982
1972,3,0,1980
1973,4,1,1984
1974,5,1,1977
1975,5,1,1977
1976,4,3,1977
1977,4,2,2011
1978,4,2,1976
1979,4,3,1975
1980,3,2,1977
1981,5,1,1980
1982,4,2,1976
1983,4,1,1982
1984,4,0,1976
1985,7,1,1981
1986,5,2,1978
1987,4,2,1997
1988,4,0,1981
1989,3,2,1997
1990,5,1,1978
1991,5,0,1975
1992,6,0,1983
1993,6,0,1979
1994,5,1,1982
1995,3,1,1977
1996,4,2,1981
1997,4,3,1976
1998,5,2,1975
1999,5,2,1980
2000,3,1,1977
