"group","start_year","end_year","n_years","n_usable","valid","beta","p_slope","r2","ec","ic","rho_ce","s_slope","s_e","s_i","s_n","s_ce","w_slope","w_e","w_i","w_n","w_ce","p_out","P_miss","S_cov","S_ESS","acf1","p_inf","f_cook","f_lev","s_stab","f_beta_pos","s_fit_e","s_acf","s_shift","z_shift","s_drift","dsi_base","dsi","dsi_r","f_miss","f_inf","f_stab","f_fite","check_dsi_r"
"Anchovy",1972,2024,53,49,TRUE,-1.38257160465709e-07,0.925502683574747,0.000187995364522217,2.39893976185909,9.96253447694129,0.901224489795918,0,1,1,1,0.950612244897959,0,0.2,0.2,0.1,0.0950612244897959,0.591836734693878,0.900719226005058,1,0.338128173367053,0.780942970874719,0.410662224073303,0.0816326530612245,0.0612244897959184,0.387755102040816,0.183673469387755,1,0,0.21417931954873,1.96455170112818,0.000503400393086928,59.5061224489796,35.2179092044981,11.8304615457357,0.900719226005058,0.410662224073303,0.908163265306122,1,11.8304615457357
"Anchovy",1973,2024,52,48,TRUE,-4.04164546789866e-07,0.787526068637695,0.0015951874566289,2.35876544679343,9.96253447694129,0.89502822405558,0,1,1,1,0.94751411202779,0,0.2,0.2,0.1,0.094751411202779,0.583333333333333,0.892358657278195,1,0.2823910485213,0.792635944181287,0.329427083333333,0.104166666666667,0.0625,0.861111111111111,0.0416666666666667,1,0,0.138956684893367,2.15260828776658,0.00362174552416076,59.4751411202779,34.6938323201621,9.98636966318157,0.892358657278195,0.329427083333333,0.979166666666667,1,9.98636966318157
"Anchovy",1974,2024,51,47,TRUE,-5.45870330892181e-07,0.721433447316044,0.00285244164095653,2.32181012819598,9.96253447694129,0.890379278445883,0,1,1,1,0.945189639222942,0,0.2,0.2,0.1,0.0945189639222942,0.574468085106383,0.900053375703311,1,0.333689171355408,0.772943651085623,0.246265278406519,0.127659574468085,0.0638297872340425,0.929078014184397,0.0212765957446809,1,0,0,2.612649435067,0.00536926516311282,59.4518963922294,34.1532170763871,7.48959204262246,0.900053375703311,0.246265278406519,0.98936170212766,1,7.48959204262246
"Anchovy",1975,2024,50,46,TRUE,-9.69893420235538e-07,0.51050732166292,0.00990451774625142,2.29389414677437,9.96253447694129,0.886401480111008,0,1,1,1,0.943200740055504,0,0.2,0.2,0.1,0.0943200740055504,0.673913043478261,0.931166920048494,1,0.541112800323296,0.704878712945084,0.30765595463138,0.108695652173913,0.0652173913043478,1,0,1,0,0.0374650505967413,2.40633737350815,0.0245069044533257,59.432007400555,40.0520049873306,11.4740602475938,0.931166920048494,0.30765595463138,1,1,11.4740602475938
"Anchovy",1976,2024,49,45,TRUE,-1.55276707707237e-06,0.236563442047634,0.0324230705812161,2.26700740796373,7.02138112517345,0.886166007905138,0,1,1,1,0.943083003952569,0,0.2,0.2,0.1,0.0943083003952569,0.666666666666667,0.932264831370882,1,0.548432209139216,0.696043312712244,0.345679012345679,0.111111111111111,0.0444444444444444,1,0,1,0,0.126880334073245,2.18279916481689,0.0484146089788425,59.4308300395257,39.6205533596838,12.7682933074966,0.932264831370882,0.345679012345679,1,1,12.7682933074966
"Anchovy",1977,2024,48,44,TRUE,-2.14150314456143e-06,0.0770631794198466,0.0725429050829888,2.23346041260523,5.27635941138576,0.87906976744186,0.614684102900767,1,1,1,0.93953488372093,0.215139436015268,0.2,0.2,0.1,0.093953488372093,0.659090909090909,0.914255934291415,1,0.428372895276103,0.727335896957604,0.421487603305785,0.0909090909090909,0.0454545454545455,1,0,1,0,0.122105904537675,2.19473523865581,0.0688518772123634,80.9092924387361,53.3265791073488,20.5492662117526,0.914255934291415,0.421487603305785,1,1,20.5492662117526
"Anchovy",1978,2024,47,43,TRUE,-2.67108073782184e-06,0.0254601670918096,0.115950268737533,2.18956310922426,5.27635941138576,0.870582905466626,0.872699164540952,1,1,1,0.935291452733313,0.305444707589333,0.2,0.2,0.1,0.0935291452733313,0.767441860465116,0.937263567562297,1,0.581757117081981,0.671055822345401,0.49972958355868,0.0697674418604651,0.0465116279069767,1,0,1,0,0.117276925494183,2.20680768626454,0.110857528339514,89.8973852862665,68.9910166150417,32.3138973060163,0.937263567562297,0.49972958355868,1,1,32.3138973060163
"Anchovy",1979,2024,46,42,TRUE,-3.46054315633455e-06,0.00222649746637426,0.210772593198017,2.11191544761452,4.91629543190788,0.861113361964184,0.988867512668129,1,1,1,0.930556680982092,0.346103629433845,0.2,0.2,0.1,0.0930556680982092,0.642857142857143,0.904390258796659,1,0.362601725311063,0.736275615372503,0.217687074829932,0.142857142857143,0.0476190476190476,1,0,1,0,0.0913857945272015,2.271535513682,0.163327290427887,93.9159297532054,60.3745262699178,11.8861787075868,0.904390258796659,0.217687074829932,1,1,11.8861787075868
"Anchovy",1980,2024,45,41,TRUE,-3.89163387294462e-06,0.000688190178106,0.258530745224663,2.06836765569572,4.91629543190788,0.850696864111498,0.99655904910947,1,1,1,0.925348432055749,0.348795667188315,0.2,0.2,0.1,0.0925348432055749,0.634146341463415,0.913154358607653,1,0.421029057384354,0.709892516990709,0.29506246281975,0.121951219512195,0.0487804878048781,1,0,1,0,0.100717960459102,2.24820509885225,0.257526629919136,94.1330510393889,59.6941299274174,16.0838415488104,0.913154358607653,0.29506246281975,1,1,16.0838415488104
"Anchovy",1981,2024,44,40,TRUE,-4.42799195540972e-06,0.000109748268273182,0.328842865785592,2.0263360175307,4.91629543190788,0.83921200750469,0.999451258658634,1,1,1,0.919606003752345,0.349807940530522,0.2,0.2,0.1,0.0919606003752345,0.75,0.921380327208743,1,0.475868848058285,0.6834459031796,0.375,0.1,0.05,1,0,1,0,0.107118226375664,2.23220443406084,0.398843168390754,94.1768540905756,70.6326405679317,24.4048220542869,0.921380327208743,0.375,1,1,24.4048220542869
"Anchovy",1982,2024,43,39,TRUE,-5.06052882283565e-06,1.01636714053613e-05,0.413355508827952,1.91516100081489,4.91629543190788,0.826518218623482,0.999949181642973,1,1,1,0.913259109311741,0.349982213575041,0.2,0.2,0.1,0.0913259109311741,0.871794871794872,0.914171917880345,1,0.427812785868968,0.692580025585499,0.362261669953978,0.102564102564103,0.0512820512820513,1,0,1,0,0.115695015719721,2.2107624607007,0.207891351892472,94.1308124506215,82.0627595723367,27.1766785916785,0.914171917880345,0.362261669953978,1,1,27.1766785916785
"Anchovy",1983,2024,42,38,TRUE,-5.53268062593621e-06,2.30249405747736e-06,0.466521124997701,1.78451138924838,4.91629543190788,0.812452128241602,0.999988487529713,1,1,1,0.906226064120801,0.349995970635399,0.2,0.2,0.1,0.0906226064120801,0.736842105263158,0.911758826328532,1,0.411725508856882,0.69041691778957,0.25207756232687,0.131578947368421,0.0526315789473684,1,0,1,0,0.127588442751171,2.18102889312207,0.279420033381803,94.0618577047479,69.3087372561301,15.9295003243255,0.911758826328532,0.25207756232687,1,1,15.9295003243255
"Anchovy",1984,2024,41,37,TRUE,-5.90962054051743e-06,8.60656122146251e-07,0.504049975804199,1.64942157862985,4.91629543190788,0.796823138928402,0.999995696719389,1,1,1,0.898411569464201,0.349998493851786,0.2,0.2,0.1,0.0898411569464201,0.72972972972973,0.882518262021602,1,0.216788413477346,0.755809789495058,0.335281227173119,0.108108108108108,0.0540540540540541,1,0,1,0,0.138526404315947,2.15368398921013,0.14127784293344,93.9839650798206,68.5828934366259,20.2931161923504,0.882518262021602,0.335281227173119,1,1,20.2931161923504
"Anchovy",1985,2024,40,36,TRUE,-5.8908688012498e-06,1.78991237649624e-06,0.493482608956844,1.62373430679617,4.91629543190788,0.78970398970399,0.999991050438118,1,1,1,0.894851994851995,0.349996867653341,0.2,0.2,0.1,0.0894851994851995,0.722222222222222,0.879289225973428,1,0.195261506489523,0.757398303031852,0.320987654320988,0.111111111111111,0.0555555555555556,1,0,1,0,0.127835699289715,2.18041075177571,0.0681862904088346,93.948206713854,67.8514826266724,19.1504693659119,0.879289225973428,0.320987654320988,1,1,19.1504693659119
"Anchovy",1986,2024,39,35,TRUE,-5.96881778852548e-06,2.12403936176016e-06,0.498917692762699,1.6071014204571,4.91629543190788,0.783193277310924,0.999989379803191,1,1,1,0.891596638655462,0.349996282931117,0.2,0.2,0.1,0.0891596638655462,0.714285714285714,0.884796402894376,1,0.231976019295839,0.735781020853093,0.306122448979592,0.114285714285714,0.0571428571428571,1,0,1,0,0.136231826454157,2.15942043386461,0.0247816220430259,93.9155946796663,67.0825676283331,18.1697187350412,0.884796402894376,0.306122448979592,1,1,18.1697187350412
"Anchovy",1987,2024,38,34,TRUE,-6.34980906792973e-06,6.66158052630427e-07,0.543222660945094,1.57978579806059,4.91629543190788,0.775401069518716,0.999996669209737,1,1,1,0.887700534759358,0.349998834223408,0.2,0.2,0.1,0.0887700534759358,0.705882352941177,0.903114335508925,1,0.354095570059502,0.677725353504911,0.498269896193772,0.0588235294117647,0.0588235294117647,1,0,1,0,0.148907139275301,2.12773215181175,0.039036037161135,93.8768887699344,66.2660391317184,29.8193654851351,0.903114335508925,0.498269896193772,1,1,29.8193654851351
"Anchovy",1988,2024,37,33,TRUE,-6.87455136145936e-06,4.62929039793773e-08,0.623859760629174,1.55373788062666,4.91629543190788,0.769050802139037,0.99999976853548,1,1,1,0.884525401069519,0.349999918987418,0.2,0.2,0.1,0.0884525401069519,0.696969696969697,0.901638100803702,1,0.344254005358012,0.672134664393571,0.485766758494031,0.0606060606060606,0.0606060606060606,1,0,1,0,0.16085901965624,2.0978524508594,0.0115170462026961,93.845245909437,65.407292603547,28.6474665254899,0.901638100803702,0.485766758494031,1,1,28.6474665254899
"Anchovy",1989,2024,36,32,TRUE,-7.29189084601556e-06,9.61756353266985e-09,0.671737702826163,1.52682830580143,4.91629543190788,0.760263929618768,0.999999951912182,1,1,1,0.880131964809384,0.349999983169264,0.2,0.2,0.1,0.0880131964809384,0.6875,0.908243200394614,1,0.38828800263076,0.642623998849043,0.580078125,0.03125,0.0625,1,0,1,0,0.173291836952637,2.06677040761841,0.020865767877166,93.8013179650202,64.4884061009514,33.9758465519654,0.908243200394614,0.580078125,1,1,33.9758465519654
"Anchovy",1990,2024,35,31,TRUE,-7.53975579313287e-06,3.18321722731984e-09,0.707154590607078,1.50904564846561,4.91629543190788,0.749596774193549,0.999999984083914,1,1,1,0.874798387096774,0.34999999442937,0.2,0.2,0.1,0.0874798387096774,0.67741935483871,0.912071758056128,1,0.413811720374189,0.619568900476173,0.703433922996878,0.032258064516129,0.032258064516129,1,0,1,0,0.186624967515019,2.03343758121245,0.00348561386835713,93.7479833139047,63.5066983739355,40.7447681989144,0.912071758056128,0.703433922996878,1,1,40.7447681989144
"Anchovy",1991,2024,34,30,TRUE,-7.64254314787455e-06,1.99305394499154e-09,0.72899720494331,1.49989554579945,4.91629543190788,0.733481646273637,0.99999999003473,1,1,1,0.866740823136819,0.349999996512156,0.2,0.2,0.1,0.0866740823136819,0.666666666666667,0.913777042878342,1,0.425180285855615,0.60158253326738,0.694444444444445,0.0333333333333333,0.0333333333333333,1,0,1,0,0.200444210308984,1.99888947422754,0.00311911662943373,93.6674078825837,62.4449385883892,39.6255217541791,0.913777042878342,0.694444444444445,1,1,39.6255217541791
"Anchovy",1996,2024,29,29,TRUE,-7.8175515320464e-06,1.70053050678774e-09,0.744951615123841,1.48063120663887,4.91629543190788,0.713300492610837,0.999999991497347,1,1,1,0.856650246305419,0.349999997024072,0.2,0.2,0.1,0.0856650246305419,0.655172413793103,0.910739048168497,1,0.404926987789982,0.597621454170354,0.684898929845422,0.0344827586206897,0.0344827586206897,1,0,1,0.00396424304941057,0.209671770801301,1.97582057299675,6.70521139291986e-05,93.5665021654613,61.3021910739229,38.2381121403108,0.910739048168497,0.684898929845422,1,1,38.2381121403108
"Anchovy",1997,2024,28,28,TRUE,-7.58161551788066e-06,1.2646637552825e-08,0.718372928685825,1.52090694197906,4.91629543190788,0.760262725779967,0.999999936766812,1,1,1,0.880131362889984,0.349999977868384,0.2,0.2,0.1,0.0880131362889984,0.642857142857143,0.91440808395732,1,0.42938722638213,0.571020672523221,0.528061224489796,0.0714285714285714,0.0357142857142857,1,0,1,0.0482988791279657,0.200220641276451,1.99944839680887,7.27926183026908e-05,93.8013114157383,60.3008430529746,29.1170732650915,0.91440808395732,0.528061224489796,1,1,29.1170732650915
"Anchovy",1998,2024,27,27,TRUE,-7.08370994497199e-06,1.4485283942037e-07,0.675831189781397,1.38686781512916,3.65147007278178,0.819291819291819,0.999999275735803,1,1,1,0.90964590964591,0.349999746507531,0.2,0.2,0.1,0.090964590964591,0.62962962962963,0.909189055251879,1,0.394593701679196,0.573173636166343,0.814814814814815,0.037037037037037,0,1,0,1,0.0447106063894285,0.162991956171785,2.09252010957054,2.59296189904027e-06,94.0964337472122,59.2459027297262,43.8905918247577,0.909189055251879,0.814814814814815,1,1,43.8905918247577
"Anchovy",1999,2024,26,26,TRUE,-6.86943995472752e-06,7.38192690472671e-07,0.646885499749647,1.42287446945496,3.48857611603803,0.865299145299145,0.999996309036548,1,1,1,0.932649572649573,0.349998708162792,0.2,0.2,0.1,0.0932649572649573,0.615384615384615,0.911634877030986,1,0.410899180206572,0.547977364504154,0.652366863905326,0.0384615384615385,0.0384615384615385,1,0,1,0.0867043924930774,0.15848518949713,2.10378702625717,2.36697421346973e-05,94.3263665427749,58.0469947955538,34.5217311367547,0.911634877030986,0.652366863905326,1,1,34.5217311367547
"Anchovy",2000,2024,25,25,TRUE,-6.82612740200875e-06,9.12752227177113e-07,0.656624978474686,1.42746213387492,3.48857611603803,0.861538461538462,0.999995436238864,1,1,1,0.930769230769231,0.349998402683602,0.2,0.2,0.1,0.0930769230769231,0.6,0.906927025395913,1,0.37951350263942,0.547472438521925,0.8,0.04,0,1,0,1,0.0875459357967917,0.173025118644849,2.06743720338788,0.000416213160094292,94.3075325760525,56.5845195456315,41.0544239959812,0.906927025395913,0.8,1,1,41.0544239959812
"Anchovy",2001,2024,24,24,TRUE,-6.81824634366356e-06,1.4326234147911e-06,0.659808561490056,1.42910550646084,3.48857611603803,0.853043478260869,0.999992836882926,1,1,1,0.926521739130435,0.349997492909024,0.2,0.2,0.1,0.0926521739130435,0.583333333333333,0.898592436943717,1,0.32394957962478,0.561029411885545,0.791666666666667,0.0416666666666667,0,1,0,1,0.0649509801907583,0.189021052757205,2.02744736810699,0,94.2649666822067,54.9878972312873,39.1176026222495,0.898592436943717,0.791666666666667,1,1,39.1176026222495
"Anchovy",2002,2024,23,23,TRUE,-6.82082399051389e-06,2.47321567449669e-06,0.6602831678888,1.43095921536011,3.48857611603803,0.842885375494071,0.999987633921627,1,1,1,0.921442687747036,0.34999567187257,0.2,0.2,0.1,0.0921442687747036,0.565217391304348,0.893279931784386,1,0.288532878562573,0.563501726092347,0.782608695652174,0.0434782608695652,0,1,0,1,0.0608304565127556,0.19867496917293,2.00331257706768,0,94.2139940647273,53.2513879496285,37.227440500488,0.893279931784386,0.782608695652174,1,1,37.227440500488
"Anchovy",2003,2024,22,22,TRUE,-6.80406214161018e-06,4.73913890370214e-06,0.657359224649627,1.44501944786199,3.48857611603803,0.828345567476002,0.999976304305481,1,1,1,0.914172783738001,0.349991706506918,0.2,0.2,0.1,0.0914172783738001,0.545454545454545,0.888090997652545,1,0.253939984350303,0.565674555413444,0.772727272727273,0.0454545454545455,0,1,0,1,0.0572090743109271,0.215537810047445,1.96115547488139,0.000160122227878061,94.1408984880718,51.3495809934937,35.2387595650175,0.888090997652545,0.772727272727273,1,1,35.2387595650175
"Anchovy",2004,2024,21,21,TRUE,-6.90911064357741e-06,1.60190003926017e-05,0.633391548864318,1.26005392416294,3.48857611603803,0.812987012987013,0.999919904998037,1,1,1,0.906493506493506,0.349971966749313,0.2,0.2,0.1,0.0906493506493506,0.523809523809524,0.885289605238636,1,0.235264034924238,0.557443024336222,0.761904761904762,0.0476190476190476,0,1,0,1,0.070928292772963,0.226241646615803,1.93439588346049,1.45565661708365e-05,94.0621317398664,49.2706404351681,33.2333606252988,0.885289605238636,0.761904761904762,1,1,33.2333606252988
"Anchovy",2005,2024,20,20,TRUE,-7.10634087897652e-06,1.83436850595994e-05,0.648590641198099,1.2850798768556,3.48857611603803,0.825563909774436,0.999908281574702,1,1,1,0.912781954887218,0.349967898551146,0.2,0.2,0.1,0.0912781954887218,0.5,0.877141932640734,1,0.180946217604893,0.573337647676575,0.75,0.05,0,1,0,1,0.0444372538723755,0.238972557530725,1.90256860617319,0,94.1246094039868,47.0623047019934,30.9602406756252,0.877141932640734,0.75,1,1,30.9602406756252
"Anchovy",2006,2024,19,19,TRUE,-7.18830200659442e-06,4.13348533275019e-05,0.637850136313256,1.32512832927845,3.48857611603803,0.817543859649123,0.999793325733362,1,1,0.916666666666667,0.908771929824561,0.349927664006677,0.2,0.2,0.0916666666666667,0.0908771929824562,0.473684210526316,0.87238908891775,1,0.149260592785002,0.574229036895262,0.736842105263158,0.0526315789473684,0,1,0,1,0.0429516051745641,0.257079289221371,1.85730177694657,0,93.24715236558,44.1697037521168,28.392860347214,0.87238908891775,0.736842105263158,1,1,28.392860347214
"Anchovy",2007,2024,18,18,TRUE,-7.23876462113176e-06,9.94466298609468e-05,0.622511004839973,1.37073258229323,3.48857611603803,0.801857585139319,0.999502766850695,1,1,0.833333333333333,0.900928792569659,0.349825968397743,0.2,0.2,0.0833333333333333,0.0900928792569659,0.444444444444445,0.868294027436772,1,0.121960182911816,0.571808746624143,0.722222222222222,0.0555555555555556,0,1,0,1,0.0469854222930952,0.275304337834244,1.81173915541439,0.00294327801122113,92.3252180988043,41.0334302661352,25.7321150849595,0.868294027436772,0.722222222222222,1,1,25.7321150849595
"Anchovy",2008,2024,17,17,TRUE,-7.43733109816614e-06,0.000193324258878634,0.615231915389127,1.42511663296388,3.48857611603803,0.78921568627451,0.999033378705607,1,1,0.75,0.894607843137255,0.349661682546962,0.2,0.2,0.075,0.0894607843137255,0.411764705882353,0.863923374297828,1,0.0928224953188503,0.570616768560947,0.705882352941177,0.0588235294117647,0,1,0,1,0.048972052398422,0.294972112996737,1.76256971750816,0.00294327801122113,91.4122466860688,37.6403368707342,22.9541412981682,0.863923374297828,0.705882352941177,1,1,22.9541412981682
"Anchovy",2009,2024,16,16,TRUE,-7.65386388445276e-06,0.000456301202323665,0.596253521217577,1.49771672047741,3.48857611603803,0.755882352941176,0.997718493988382,1,1,0.666666666666667,0.877941176470588,0.349201472895934,0.2,0.2,0.0666666666666667,0.0877941176470588,0.375,0.859301860015516,1,0.0620124001034433,0.570739149909487,0.47265625,0.0625,0.0625,1,0,1,0.048768083484188,0.314199465347771,1.71450133663057,0.0010560039803624,90.3662257209659,33.8873346453622,13.7634898933558,0.859301860015516,0.47265625,1,1,13.7634898933558
"Anchovy",2010,2024,15,15,TRUE,-7.86222674565462e-06,0.00130991248312051,0.561059416026656,1.59115926542268,3.48857611603803,0.707142857142857,0.993450437584397,1,1,0.583333333333333,0.853571428571428,0.347707653154539,0.2,0.2,0.0583333333333333,0.0853571428571429,0.666666666666667,0.855509400889343,1,0.0367293392622902,0.565719283355196,0.222222222222222,0.0666666666666667,0.133333333333333,1,0,1,0.0571345277413402,0.331818835980508,1.67045291004873,0.00554402089690229,89.1398129345015,59.4265419563344,11.2977700679976,0.855509400889343,0.222222222222222,1,1,11.2977700679976
"Anchovy",2011,2024,14,14,TRUE,-8.39561123597489e-06,0.00338264075766438,0.52486460055752,1.7127806178401,3.48857611603803,0.63956043956044,0.983086796211678,1,1,0.5,0.81978021978022,0.344080378674087,0.2,0.2,0.05,0.081978021978022,1,0.853508576084706,1,0.0233905072313739,0.548038064197198,0.413265306122449,0.0714285714285714,0.0714285714285714,1,0,1,0.086603226338004,0.350618641422697,1.62345339644326,0.0210499260565284,87.6058400652109,87.6058400652109,30.9008122483254,0.853508576084706,0.413265306122449,1,1,30.9008122483254
"Anchovy",2012,2024,13,13,TRUE,-1.0192045709457e-05,0.00764562676411918,0.490862316862908,1.19390406233105,3.48857611603803,0.549450549450549,0.961771866179404,1,1,0.416666666666667,0.774725274725275,0.336620153162791,0.2,0.2,0.0416666666666667,0.0774725274725275,1,0.857210583868625,1,0.0480705591241667,0.486693244020128,0.378698224852071,0.0769230769230769,0.0769230769230769,1,0,1,0.188844593299786,0.367832548746656,1.58041862813336,0.0507679474015389,85.5759347301986,85.5759347301986,27.7800130556883,0.857210583868625,0.378698224852071,1,1,27.7800130556883
"Anchovy",2013,2024,12,12,TRUE,-1.1415259079348e-05,0.00754952046613815,0.526616556814992,1.25475328865794,3.48857611603803,0.482517482517483,0.962252397669309,1,1,0.333333333333333,0.741258741258741,0.336788339184258,0.2,0.2,0.0333333333333333,0.0741258741258741,1,0.861073400073443,1,0.0738226671562852,0.413873554984334,0.0972222222222223,0.166666666666667,0.0833333333333333,1,0,1,0.310210741692777,0.383264869861993,1.54183782534502,0.0662059055948192,84.4247546643466,84.4247546643466,7.06765797006064,0.861073400073443,0.0972222222222223,1,1,7.06765797006064
"Anchovy",2014,2024,11,11,TRUE,-1.41178667677141e-05,0.0079345242629536,0.561548759320096,1.17283664525892,3.48857611603803,0.345454545454545,0.960327378685232,1,1,0.25,0.672727272727273,0.336114582539831,0.2,0.2,0.025,0.0672727272727273,1,0.887612773150777,1,0.250751821005178,0.135406773266137,0.0495867768595041,0.181818181818182,0.0909090909090909,1,0,1,0.774322044556438,0.40778872094874,1.48052819762815,0.011034317599137,82.8387309812558,82.8387309812558,3.64605201969737,0.887612773150777,0.0495867768595041,1,1,3.64605201969737
"Anchovy",2015,2024,10,10,TRUE,-1.86694446426647e-05,0.00217327739676164,0.711162316670481,1.25671582372905,3.48857611603803,0.175757575757576,0.989133613016192,1,1,0.166666666666667,0.587878787878788,0.346196764555667,0.2,0.2,0.0166666666666667,0.0587878787878788,1,0.883710358458803,1,0.22473572305869,0.0853699877178343,0.5,0,0.1,1,0,1,0.857716687136943,0.411003160488652,1.47249209877837,0.0396822835963147,82.1651310010213,82.1651310010213,36.3050886848635,0.883710358458803,0.5,1,1,36.3050886848635
"Anchovy",2016,2024,9,9,TRUE,-1.98962742545152e-05,0.00171725707242612,0.775555938078447,1.22380625968518,3.48857611603803,0.116666666666667,0.991413714637869,1,1,0.0833333333333333,0.558333333333333,0.346994800123254,0.2,0.2,0.00833333333333333,0.0558333333333333,1,0.880861873526006,1,0.205745823506706,0.0132842745451243,0.444444444444445,0,0.111111111111111,1,0,1,0.977859542424793,0.399824491834352,1.50043877041412,NA,81.1161466789921,81.1161466789921,31.7564981941632,0.880861873526006,0.444444444444445,1,1,31.7564981941632
"Anchovy",2017,2024,8,8,TRUE,-2.17154061264436e-05,0.0277968787226615,0.581462318884797,0.673600898169643,2.49163719056944,0.0238095238095238,0.861015606386693,0.673600898169643,1,0,0.511904761904762,0.301355462235342,0.134720179633929,0.2,0,0.0511904761904762,1,0.871178970096397,1,0.141193133975982,0.00291201554203229,1,0,0,1,0,1,0.99514664076328,0.404539486027161,1.4886512849321,NA,68.7266118059747,68.7266118059747,59.873178891344,0.871178970096397,1,1,1,59.873178891344
"Demersal",1971,2024,54,52,TRUE,-4.01515471728793e-08,1.46518265967714e-15,0.723346071480064,1.63683274562353,5.74253865516001,0.181849227354222,0.999999999999993,1,1,1,0.590924613677111,0.349999999999997,0.2,0.2,0.1,0.0590924613677111,1,0.85877883011913,1,0.0585255341275353,0.868858510042587,0.574704142011834,0.0384615384615385,0.0576923076923077,1,0,1,0,0.219170669317928,1.95207332670518,2.31998936264515e-05,90.9092461367708,90.9092461367708,44.8676903154279,0.85877883011913,0.574704142011834,1,1,44.8676903154279
"Demersal",1972,2024,53,51,TRUE,-3.94387227260924e-08,1.49151436605509e-14,0.704009577232112,1.48976086287862,5.48795397339087,0.133393665158371,0.999999999999925,1,1,1,0.566696832579185,0.349999999999974,0.2,0.2,0.1,0.0566696832579185,1,0.859925177175061,1,0.0661678478337415,0.864189218241718,0.646289888504421,0.0392156862745098,0.0392156862745098,1,0,1,0,0.212136804734289,1.96965798816428,4.62303216523845e-05,90.6669683257892,90.6669683257892,50.389160167354,0.859925177175061,0.646289888504421,1,1,50.389160167354
"Demersal",1973,2024,52,50,TRUE,-3.84102535228736e-08,8.7409387167738e-14,0.689614554943731,1.47139455783582,5.12765192376843,0.134981992797119,0.999999999999563,1,1,1,0.567490996398559,0.349999999999847,0.2,0.2,0.1,0.0567490996398559,1,0.855099293054046,1,0.0339952870269758,0.870481319632447,0.64,0.04,0.04,1,0,1,0,0.204411052345174,1.98897236913706,0.000308785451363861,90.6749099639703,90.6749099639703,49.6230729010754,0.855099293054046,0.64,1,1,49.6230729010754
"Demersal",1974,2024,51,49,TRUE,-3.76842789622366e-08,3.16487860165489e-13,0.680431923723057,1.45715292549419,5.12765192376843,0.157142857142857,0.999999999998418,1,1,1,0.578571428571429,0.349999999999446,0.2,0.2,0.1,0.0578571428571429,1,0.850880318303965,1,0.0058687886931011,0.875874223638706,0.623073719283632,0.0204081632653061,0.0612244897959184,1,0,1,0,0.195976526688763,2.01005868327809,0.000258794323484077,90.7857142856589,90.7857142856589,48.1310600139009,0.850880318303965,0.623073719283632,1,1,48.1310600139009
"Demersal",1975,2024,50,48,TRUE,-3.67498233155867e-08,2.48004088854913e-12,0.659441679435277,1.34067393700523,5.12765192376843,0.118975249674338,0.9999999999876,1,1,1,0.559487624837169,0.34999999999566,0.2,0.2,0.1,0.0559487624837169,1,0.85,1,0,0.881584336489071,0.709201388888889,0.0208333333333333,0.0416666666666667,1,0,1,0,0.186435964060586,2.03391008984854,0.000157666617236702,90.5948762479377,90.5948762479377,54.6125102520663,0.85,0.709201388888889,1,1,54.6125102520663
"Demersal",1976,2024,49,47,TRUE,-3.61061291384098e-08,1.04905003895038e-11,0.645808395784174,1.32635137452422,5.12765192376843,0.126965772432932,0.999999999947548,1,1,1,0.563482886216466,0.349999999981642,0.2,0.2,0.1,0.0563482886216466,1,0.850462703949041,1,0.00308469299360535,0.871421580810415,0.61973743775464,0.0425531914893617,0.0425531914893617,1,0,1,0,0.174223678428797,2.06444080392801,3.32531774135636e-06,90.6348288603288,90.6348288603288,47.7703171045538,0.850462703949041,0.61973743775464,1,1,47.7703171045538
"Demersal",1977,2024,48,46,TRUE,-3.46604465005869e-08,6.13893012231082e-11,0.625577118787296,1.24669083939526,4.57892844300611,0.143139068763491,0.999999999693054,1,1,1,0.571569534381745,0.349999999892569,0.2,0.2,0.1,0.0571569534381745,1,0.85,1,0,0.872792509227915,0.794423440453686,0.0217391304347826,0.0217391304347826,1,0,1,0,0.161579250048271,2.09605187487932,1.01861284785448e-05,90.7156953330743,90.7156953330743,61.2566735712019,0.85,0.794423440453686,1,1,61.2566735712019
"Demersal",1978,2024,47,45,TRUE,-3.3659090445528e-08,1.59828043965656e-10,0.617681513204706,1.23593438158839,4.57892844300611,0.184057971014493,0.99999999920086,1,1,1,0.592028985507246,0.349999999720301,0.2,0.2,0.1,0.0592028985507246,1,0.85,1,0,0.866873517318128,0.691358024691358,0.0444444444444444,0.0222222222222222,1,0,1,0,0.145452480663447,2.13636879834138,3.97843451748207e-07,90.9202898271025,90.9202898271025,53.4297011823467,0.85,0.691358024691358,1,1,53.4297011823467
"Demersal",1979,2024,46,44,TRUE,-3.22181784357007e-08,6.19463401103442e-10,0.601877558914859,1.22225846630047,4.47464940668824,0.234249471458774,0.999999996902683,1,1,1,0.617124735729387,0.349999998915939,0.2,0.2,0.1,0.0617124735729387,1,0.851064607899087,1,0.00709738599391407,0.861378104456482,0.684917355371901,0.0454545454545455,0.0227272727272727,1,0,1,0,0.12878174201212,2.1780456449697,4.50245676898595e-06,91.1712472488878,91.1712472488878,53.1445333138374,0.851064607899087,0.684917355371901,1,1,53.1445333138374
"Demersal",1980,2024,45,43,TRUE,-3.06555477749125e-08,2.28599319096147e-09,0.585611094980677,1.20873181558835,4.32650125854009,0.289036544850498,0.999999988570034,1,1,1,0.644518272425249,0.349999995999512,0.2,0.2,0.1,0.0644518272425249,1,0.850186425390668,1,0.0012428359377881,0.860060472020255,0.575446187128177,0.0697674418604651,0.0232558139534884,1,0,1,0,0.109464120835572,2.22633969791107,1.18387091026017e-07,91.4451823242037,91.4451823242037,44.7383243109221,0.850186425390668,0.575446187128177,1,1,44.7383243109221
"Demersal",1981,2024,44,42,TRUE,-2.91183393930684e-08,8.39939324995104e-09,0.567946059066379,1.19542925156753,4.32650125854009,0.336682602706426,0.999999958003034,1,1,1,0.668341301353213,0.349999985301062,0.2,0.2,0.1,0.0668341301353213,1,0.85,1,0,0.868268625458055,0.566326530612245,0.0714285714285714,0.0238095238095238,1,0,1,0,0.0858578437607042,2.28535539059824,1.35202752954747e-06,91.6834115436383,91.6834115436383,44.1343361180728,0.85,0.566326530612245,1,1,44.1343361180728
"Demersal",1982,2024,43,41,TRUE,-2.81065299932621e-08,2.16189862273567e-08,0.556623224877335,1.18500103493639,4.32650125854009,0.374564459930314,0.999999891905069,1,1,1,0.687282229965157,0.349999962166774,0.2,0.2,0.1,0.0687282229965157,1,0.85292193132886,1,0.0194795421924006,0.847006985592839,0.556811421772754,0.0731707317073171,0.024390243902439,1,0,1,0,0.043460736081735,2.39134815979566,3.08961871160265e-06,91.872818516329,91.872818516329,43.6319333313602,0.85292193132886,0.556811421772754,1,1,43.6319333313602
"Demersal",1983,2024,42,40,TRUE,-2.69207867834509e-08,3.74630271060902e-08,0.553620053272712,1.17571732452921,4.32650125854009,0.425703564727955,0.999999812684864,1,1,1,0.712851782363978,0.349999934439703,0.2,0.2,0.1,0.0712851782363978,0.875,0.851753087136931,1,0.0116872475795368,0.845909463347162,0.546875,0.075,0.025,1,0,1,0,0,2.55214007226997,2.37384496989946e-05,92.12851126761,80.6124473591588,37.5494770545928,0.851753087136931,0.546875,1,1,37.5494770545928
"Demersal",1984,2024,41,39,TRUE,-2.56135387185862e-08,9.68410846844025e-08,0.540819571456069,1.16439579907376,4.32650125854009,0.472267206477733,0.999999515794577,1,1,1,0.736133603238866,0.349999830528102,0.2,0.2,0.1,0.0736133603238866,0.743589743589744,0.866257816417677,1,0.108385442784511,0.807246251308124,0.299802761341223,0.102564102564103,0.0769230769230769,1,0,1,0,0,2.72461198509783,3.28859743487481e-06,92.3613190851988,68.6789295761735,17.8363634209488,0.866257816417677,0.299802761341223,1,1,17.8363634209488
"Demersal",1985,2024,40,38,TRUE,-2.28632064048847e-08,5.83675755099807e-07,0.504706944530503,1.1474778894304,4.01438331535419,0.521610679505416,0.999997081621224,1,1,1,0.760805339752708,0.349998978567429,0.2,0.2,0.1,0.0760805339752708,0.605263157894737,0.877341415181468,1,0.182276101209787,0.774950910080605,0.366343490304709,0.0789473684210526,0.0789473684210526,1,0,1,0,0,2.51284286589286,1.21825076570549e-05,92.6079512542699,56.0521810223213,18.0156371232046,0.877341415181468,0.366343490304709,1,1,18.0156371232046
"Demersal",1986,2024,39,37,TRUE,-1.98731323009411e-08,4.42913590525656e-06,0.456757518237356,1.113776955931,3.50449478604818,0.548127074442864,0.999977854320474,1,1,1,0.774063537221432,0.349992249012166,0.2,0.2,0.1,0.0774063537221432,0.594594594594595,0.899577420055464,1,0.330516133703093,0.71277767913937,0.532505478451424,0.0540540540540541,0.0540540540540541,1,0,1,0,0.192096519868783,2.01975870032804,1.55711188491117e-05,92.7398602734309,55.14261962204,26.4149638098118,0.899577420055464,0.532505478451424,1,1,26.4149638098118
"Demersal",1987,2024,38,36,TRUE,-1.73345313440478e-08,1.60507597849402e-05,0.425946473096389,1.1001212758476,2.69830996044588,0.603603603603604,0.999919746201075,1,1,1,0.801801801801802,0.349971911170376,0.2,0.2,0.1,0.0801801801801802,0.722222222222222,0.9225814881861,1,0.483876587907331,0.645159104702705,0.502314814814815,0.0277777777777778,0.0833333333333333,1,0,1,0,0.508424468598782,1.22893882850304,3.45260377452301e-05,93.0152091350557,67.1776510419846,31.1318935829673,0.9225814881861,0.502314814814815,1,1,31.1318935829673
"Demersal",1988,2024,37,35,TRUE,-1.66239683905709e-08,1.06009375047864e-05,0.44920756754647,1.09567432736873,2.39410284070478,0.655742296918768,0.999946995312476,1,1,1,0.827871148459384,0.349981448359367,0.2,0.2,0.1,0.0827871148459384,0.714285714285714,0.919089416180912,1,0.460596107872748,0.644332985422329,0.612244897959184,0.0285714285714286,0.0571428571428571,1,0,1,0,0.445043844372751,1.38739038906812,0.00031742953786508,93.2768563205305,66.6263259432361,37.4911536817028,0.919089416180912,0.612244897959184,1,1,37.4911536817028
"Demersal",1989,2024,36,34,TRUE,-1.65354341363762e-08,9.08209050625642e-06,0.464555320251585,1.09471159057146,2.39410284070478,0.675171886936593,0.999954589547469,1,1,1,0.837585943468296,0.349984106341614,0.2,0.2,0.1,0.0837585943468296,0.558823529411765,0.91938781758293,1,0.462585450552865,0.63305304977235,0.498269896193772,0.0588235294117647,0.0588235294117647,1,0,1,0,0.420237751342322,1.44940562164419,0.00194696551622981,93.3742700688444,52.1797391561189,23.9037092619026,0.91938781758293,0.498269896193772,1,1,23.9037092619026
"Demersal",1990,2024,35,33,TRUE,-1.78891659030176e-08,5.90021298995613e-06,0.489361206234971,1.02242404858557,2.39410284070478,0.644719251336898,0.99997049893505,1,1,1,0.822359625668449,0.349989674627268,0.2,0.2,0.1,0.0822359625668449,0.696969696969697,0.915733496698783,1,0.438223311325221,0.632268898225664,0.719926538108356,0.0303030303030303,0.0303030303030303,1,0,1,0,0.429481368344786,1.42629657913803,0.000487622617827956,93.2225637194113,64.9733019862563,42.8343540419039,0.915733496698783,0.719926538108356,1,1,42.8343540419039
"Demersal",1991,2024,34,32,TRUE,-1.91189175744323e-08,3.03346160870489e-06,0.521908308645366,1.03561558220698,2.39410284070478,0.61950146627566,0.999984832691956,1,1,1,0.80975073313783,0.349994691442185,0.2,0.2,0.1,0.080975073313783,0.6875,0.919748523743179,1,0.46499015828786,0.609066805749061,0.47265625,0.0625,0.0625,1,0,1,0,0.435016752255923,1.41245811936019,0.000746890736438095,93.0969764755968,64.0041713269728,27.8242062228829,0.919748523743179,0.47265625,1,1,27.8242062228829
"Demersal",1992,2024,33,31,TRUE,-2.0639919054615e-08,7.89917875575438e-07,0.574431379277446,1.04822940576284,2.39410284070478,0.6,0.999996050410622,1,1,1,0.8,0.349998617643718,0.2,0.2,0.1,0.08,0.67741935483871,0.916081444193565,1,0.440542961290434,0.607496727159159,0.568158168574402,0.032258064516129,0.0645161290322581,1,0,1,0,0.434935342908636,1.41266164272841,0.000116430610087688,92.9998617643718,62.9999063565099,32.7901380631899,0.916081444193565,0.568158168574402,1,1,32.7901380631899
"Demersal",1993,2024,32,30,TRUE,-2.05829035436807e-08,6.33625405082537e-07,0.593719223288002,1.04763272291288,2.39410284070478,0.640044493882091,0.999996831872975,1,1,1,0.820022246941046,0.349998891155541,0.2,0.2,0.1,0.0820022246941046,0.666666666666667,0.936839245004868,1,0.578928300032451,0.529833459984856,0.555555555555556,0.0333333333333333,0.0666666666666667,1,0,1,0.116944233358573,0.41147929664403,1.47130175838993,0.000396199008076284,93.2001115849646,62.1334077233097,32.3383415450473,0.936839245004868,0.555555555555556,1,1,32.3383415450473
"Demersal",1996,2024,29,29,TRUE,-2.00947592569246e-08,2.53665447815454e-07,0.632505554549177,1.04408266513786,2.38173318950018,0.708374384236453,0.999998731672761,1,1,1,0.854187192118226,0.349999556085466,0.2,0.2,0.1,0.0854187192118226,0.827586206896552,0.899181670774975,1,0.327877805166499,0.634817611298931,0.542211652794293,0.0344827586206897,0.0689655172413793,1,0,1,0,0.350344421993113,1.62413894501722,6.70521139291986e-05,93.5418275297289,77.4139262314998,37.7429104515117,0.899181670774975,0.542211652794293,1,1,37.7429104515117
"Demersal",1997,2024,28,28,TRUE,-2.01284625648243e-08,4.40612873092588e-07,0.63156849473526,1.04912632532987,2.38173318950018,0.713191023535851,0.999997796935635,1,1,1,0.856595511767926,0.349999228927472,0.2,0.2,0.1,0.0856595511767926,0.821428571428571,0.894938701679562,1,0.299591344530411,0.63591861344908,0.674744897959184,0.0357142857142857,0.0357142857142857,1,0,1,0,0.35957341642937,1.60106645892658,7.27926183026908e-05,93.5658780104264,76.8576855085646,46.4109225035411,0.894938701679562,0.674744897959184,1,1,46.4109225035411
"Demersal",1998,2024,27,27,TRUE,-2.01282382305248e-08,7.39656097215078e-07,0.631561273717097,1.0493861186336,2.38173318950018,0.700854700854701,0.999996301719514,1,1,1,0.85042735042735,0.34999870560183,0.2,0.2,0.1,0.085042735042735,0.814814814814815,0.891016294619771,1,0.27344196413181,0.635993055635358,0.663923182441701,0.037037037037037,0.037037037037037,1,0,1,0,0.364232388447338,1.58941902888166,2.59296189904027e-06,93.5041440644565,76.1885618302979,45.0705912569954,0.891016294619771,0.663923182441701,1,1,45.0705912569954
"Demersal",1999,2024,26,26,TRUE,-2.01150703105987e-08,1.26488582947771e-06,0.631017612289221,1.04702418708667,2.38173318950018,0.694358974358974,0.999993675570853,1,1,1,0.847179487179487,0.349997786449798,0.2,0.2,0.1,0.0847179487179487,0.807692307692308,0.888591644553156,1,0.257277630354374,0.630696660578414,0.652366863905326,0.0384615384615385,0.0384615384615385,1,0,1,0,0.362877674931252,1.59280581267187,2.36697421346973e-05,93.4715735167747,75.496270917395,43.764263002462,0.888591644553156,0.652366863905326,1,1,43.764263002462
"Demersal",2000,2024,25,25,TRUE,-2.03722490022006e-08,1.14510475597377e-06,0.649924859098844,1.0513457152874,2.38173318950018,0.708461538461538,0.99999427447622,1,1,1,0.854230769230769,0.349997996066677,0.2,0.2,0.1,0.0854230769230769,0.8,0.894460924254558,1,0.296406161697054,0.59401254944965,0.64,0.04,0.04,1,0,1,0.00997908425058347,0.353584993708296,1.61603751572926,6.1906115704646e-07,93.5421072989754,74.8336858391803,42.8389169926966,0.894460924254558,0.64,1,1,42.8389169926966
"Demersal",2001,2024,24,24,TRUE,-2.11900653032618e-08,5.62628260309461e-07,0.687010834973818,1.0622166690655,2.38173318950018,0.709565217391304,0.999997186858698,1,1,1,0.854782608695652,0.349999015400544,0.2,0.2,0.1,0.0854782608695652,0.791666666666667,0.897161612869507,1,0.314410752463382,0.566593727729694,0.791666666666667,0.0416666666666667,0,1,0,1,0.0556771204505102,0.348753949010711,1.62811512747322,0,93.547727627011,74.058617704717,52.6003512179231,0.897161612869507,0.791666666666667,1,1,52.6003512179231
"Demersal",2002,2024,23,23,TRUE,-2.21734214710182e-08,2.69841659188759e-07,0.723838160479438,1.07596143074531,2.38173318950018,0.706521739130435,0.999998650791704,1,1,1,0.853260869565217,0.349999527777096,0.2,0.2,0.1,0.0853260869565217,0.782608695652174,0.895094465226948,1,0.300629768179652,0.556138401977603,0.782608695652174,0.0434782608695652,0,1,0,1,0.0731026633706608,0.348230713223882,1.62942321694029,0,93.5325614733618,73.1993959356745,51.2768145599829,0.895094465226948,0.782608695652174,1,1,51.2768145599829
"Demersal",2003,2024,22,22,TRUE,-2.30069542886449e-08,1.98889125913147e-07,0.749027459872794,1.0905138295984,2.38173318950018,0.700734048560135,0.99999900555437,1,1,1,0.850367024280068,0.34999965194403,0.2,0.2,0.1,0.0850367024280068,0.772727272727273,0.894049391294605,1,0.293662608630699,0.540396521780464,0.597107438016529,0.0454545454545455,0.0454545454545455,1,0,1,0.0993391303658933,0.351710095217026,1.62072476195743,0.000160122227878061,93.5036354372036,72.2528092014755,38.5716955471619,0.894049391294605,0.597107438016529,1,1,38.5716955471619
"Demersal",2004,2024,21,21,TRUE,-2.39167481329419e-08,1.76682419644426e-07,0.769825972554741,1.10823106372514,2.38173318950018,0.690909090909091,0.999999116587902,1,1,1,0.845454545454545,0.349999690805766,0.2,0.2,0.1,0.0845454545454545,0.761904761904762,0.887586780611244,1,0.250578537408292,0.54723335601352,0.761904761904762,0,0.0476190476190476,1,0,1,0.0879444066441337,0.358773084748718,1.6030672881282,1.45565661708365e-05,93.454514535122,71.2034396458073,48.1517956294621,0.887586780611244,0.761904761904762,1,1,48.1517956294621
"Demersal",2005,2024,20,20,TRUE,-2.40727838037029e-08,2.56819854411312e-07,0.779358420765695,1.11284981599522,2.38173318950018,0.693233082706767,0.999998715900728,1,1,1,0.846616541353383,0.349999550565255,0.2,0.2,0.1,0.0846616541353384,0.75,0.889243635967724,1,0.261624239784829,0.51686303215062,0.75,0,0.05,1,0,1,0.138561613082301,0.351565216065724,1.62108695983569,0,93.4661204700593,70.0995903525445,46.7517109537085,0.889243635967724,0.75,1,1,46.7517109537085
"Demersal",2006,2024,19,19,TRUE,-2.44919140825976e-08,2.80720541406664e-07,0.796423170792336,1.12289513807008,2.38173318950018,0.703508771929825,0.999998596397293,1,1,0.916666666666667,0.851754385964912,0.349999508739053,0.2,0.2,0.0916666666666667,0.0851754385964912,0.736842105263158,0.887485456972107,1,0.249903046480712,0.500071439435265,0.736842105263158,0,0.0526315789473684,1,0,1,0.166547600941225,0.346393308277665,1.63401672930584,0,92.684161400221,68.2935926106892,44.6596833394264,0.887485456972107,0.736842105263158,1,1,44.6596833394264
"Demersal",2007,2024,18,18,TRUE,-2.46568280529671e-08,3.99381783629633e-07,0.807936684235772,1.12786086610659,2.38173318950018,0.700722394220846,0.999998003091082,1,1,0.833333333333333,0.850361197110423,0.349999301081879,0.2,0.2,0.0833333333333333,0.0850361197110423,0.722222222222222,0.873299676236103,1,0.155331174907352,0.545853530627615,0.722222222222222,0,0.0555555555555556,1,0,1,0.0902441156206421,0.333170604696543,1.66707348825864,0.00294327801122113,91.8368754126254,66.3266322424517,41.833296890063,0.873299676236103,0.722222222222222,1,1,41.833296890063
"Demersal",2008,2024,17,17,TRUE,-2.45842007971651e-08,1.13496787250048e-06,0.803103550891251,1.1437390946562,2.38173318950018,0.683823529411765,0.999994325160637,1,1,0.75,0.841911764705882,0.349998013806223,0.2,0.2,0.075,0.0841911764705883,0.705882352941177,0.86746097645594,1,0.116406509706265,0.551194639065429,0.705882352941177,0,0.0588235294117647,1,0,1,0.0813422682242856,0.344397999458886,1.63900500135279,0.00294327801122113,90.9189190276811,64.1780604901279,39.297856249281,0.86746097645594,0.705882352941177,1,1,39.297856249281
"Demersal",2009,2024,16,16,TRUE,-2.45831184267864e-08,2.23558101078048e-06,0.807681402654189,1.14368437415528,2.38173318950018,0.673529411764706,0.999988822094946,1,1,0.666666666666667,0.836764705882353,0.349996087733231,0.2,0.2,0.0666666666666667,0.0836764705882353,0.6875,0.862887411762537,1,0.0859160784169157,0.549823431385199,1,0,0,1,0,1,0.083627614358002,0.32154921089503,1.69612697276242,0.0010560039803624,90.0339224988133,61.8983217179341,53.411282619633,0.862887411762537,1,1,1,53.411282619633
"Demersal",2010,2024,15,15,TRUE,-2.50843449965293e-08,8.20582654315913e-06,0.794392874073928,1.18478312290133,2.38173318950018,0.639285714285714,0.999958970867284,1,1,0.583333333333333,0.819642857142857,0.349985639803549,0.2,0.2,0.0583333333333333,0.0819642857142857,0.666666666666667,0.860243038752915,1,0.0682869250194322,0.53626553664853,0.666666666666667,0,0.0666666666666667,1,0,1,0.106224105585783,0.332794978192663,1.66801255451834,0.000132000497545299,89.0283258851168,59.3522172567446,34.0382211531101,0.860243038752915,0.666666666666667,1,1,34.0382211531101
"Demersal",2011,2024,14,14,TRUE,-2.68795545557969e-08,1.7776686572295e-05,0.796240267709252,1.2395349657842,2.38173318950018,0.586813186813187,0.999911116567138,1,1,0.5,0.793406593406593,0.349968890798498,0.2,0.2,0.05,0.0793406593406594,1,0.864979331818993,1,0.0998622121266198,0.471566359301952,0.642857142857143,0,0.0714285714285714,1,0,1,0.21405606783008,0.343614396530528,1.64096400867368,0.000245337133525929,87.9309550139158,87.9309550139158,48.8947234590918,0.864979331818993,0.642857142857143,1,1,48.8947234590918
"Demersal",2012,2024,13,13,TRUE,-2.837256972165e-08,1.05098373324964e-05,0.840272761348399,1.26921123719934,2.38173318950018,0.516483516483517,0.999947450813337,1,1,0.416666666666667,0.758241758241758,0.349981607784668,0.2,0.2,0.0416666666666667,0.0758241758241758,1,0.86543424522803,1,0.102894968186869,0.427651572721834,0.142011834319527,0.0769230769230769,0.153846153846154,1,0,1,0.287247378796944,0.317012421318995,1.70746894670251,0.00343471986936357,86.7472450275511,86.7472450275511,10.6614016368326,0.86543424522803,0.142011834319527,1,1,10.6614016368326
"Demersal",2013,2024,12,12,TRUE,-3.15295379860165e-08,1.62835726361945e-05,0.855935007001257,1.34384899901577,2.38173318950018,0.398601398601399,0.999918582136819,1,1,0.333333333333333,0.699300699300699,0.349971503747887,0.2,0.2,0.0333333333333333,0.0699300699300699,1,0.857871813807482,1,0.0524787587165493,0.438774781497359,0.340277777777778,0.0833333333333333,0.0833333333333333,1,0,1,0.268708697504401,0.321444664759508,1.69638833810123,0.00551715879956851,85.323490701129,85.323490701129,24.9071824213889,0.857871813807482,0.340277777777778,1,1,24.9071824213889
"Demersal",2014,2024,11,11,TRUE,-3.74585975436211e-08,0.000222215168293066,0.795919532944015,0.914081087172521,1.96732802661281,0.227272727272727,0.998888924158535,0.914081087172521,0.976237528491811,0.25,0.613636363636364,0.349611123455487,0.182816217434504,0.195247505698362,0.025,0.0613636363636364,1,0.872352653086443,1,0.149017687242954,0.264886579872604,0.0495867768595041,0.181818181818182,0.0909090909090909,1,0,1,0.558522366878994,0.292120494006066,1.76969876498483,0.0662059055948195,81.403848295199,81.403848295199,3.52129899331057,0.872352653086443,0.0495867768595041,1,1,3.52129899331057
"Demersal",2015,2024,10,10,TRUE,-4.74520869426139e-08,0.000188570837228472,0.840699124701147,0.786343418467226,1.96732802661281,-0.0303030303030303,0.999057145813858,0.786343418467226,0.976237528491811,0.166666666666667,0.484848484848485,0.34967000103485,0.157268683693445,0.195247505698362,0.0166666666666667,0.0484848484848485,1,0.85,1,0,0.406221876703468,0.25,0.1,0.1,1,0,1,0.322963538827554,0.278242463674921,1.8043938408127,0.249998386656776,76.7337705578173,76.7337705578173,16.3059262435362,0.85,0.25,1,1,16.3059262435362
"Demersal",2016,2024,9,9,TRUE,-4.6519019768859e-08,0.000548429506458479,0.836692978839336,0.797704241787836,1.96732802661281,0.0333333333333333,0.997257852467708,0.797704241787836,0.976237528491811,0.0833333333333333,0.516666666666667,0.349040248363698,0.159540848357567,0.195247505698362,0.00833333333333333,0.0516666666666667,1,0.85,1,0,0.388816330347969,0.197530864197531,0.111111111111111,0.111111111111111,1,0,1,0.351972782753386,0.401975371652522,1.49506157086869,NA,76.3828602419627,76.3828602419627,12.824776534453,0.85,0.197530864197531,1,1,12.824776534453
"Demersal",2017,2024,8,8,TRUE,-4.00012054053813e-08,0.0172898836783443,0.63888536677928,0.545109790759833,1.59589437162683,0.261904761904762,0.913550581608278,0.545109790759833,0.674365166238716,0,0.630952380952381,0.319742703562897,0.109021958151967,0.134873033247743,0,0.0630952380952381,1,0.852014605478467,1,0.0134307031897791,0.226496269417887,0,0.25,0,1,0,1,0.622506217636856,0.711728325508041,0.720679186229899,NA,62.6732933057845,62.6732933057845,0,0.852014605478467,0,1,1,0
"Pelagic",1971,2024,54,52,TRUE,-1.21531964972446e-06,0.394723221939927,0.01452572119638,1.06203662924529,11.8321689166262,0.585417911722018,0,1,1,1,0.792708955861009,0,0.2,0.2,0.1,0.0792708955861009,0.807692307692308,1,1,1,0.558587302499779,0.574704142011834,0.0384615384615385,0.0576923076923077,1,0,1,0.069021162500368,0,3.13311156777869,6.71254753059946e-05,57.9270895586101,46.7872646434928,26.8888347840191,1,0.574704142011834,1,1,26.8888347840191
"Pelagic",1972,2024,53,51,TRUE,-4.519774758468e-07,0.677080517541206,0.00356930798074502,1.06627201757994,6.14663736273309,0.647330316742081,0,1,1,1,0.823665158371041,0,0.2,0.2,0.1,0.0823665158371041,0.803921568627451,1,1,1,0.414275092977815,0.498269896193772,0.0588235294117647,0.0588235294117647,1,0,1,0.309541511703642,0.050477508468697,2.37380622882826,3.07779415755224e-05,58.2366515837104,46.8177002927868,23.327850664918,1,0.498269896193772,1,1,23.327850664918
"Pelagic",1973,2024,52,50,TRUE,-1.35424088048982e-06,0.127950801498972,0.0476076579486194,1.05915563191078,2.91252452093829,0.630060024009604,0.36024599250514,1,1,1,0.815030012004802,0.126086097376799,0.2,0.2,0.1,0.0815030012004802,0.6,1,1,1,0.447732207647516,0.42,0.08,0.06,1,0,1,0.253779653920807,0.246952272439393,1.88261931890152,0,70.7589098577279,42.4553459146367,17.8312452841474,1,0.42,1,1,17.8312452841474
"Pelagic",1974,2024,51,49,TRUE,-1.91422477857851e-06,0.0282665089373198,0.0982903330893244,1.02531227806011,2.8445660945803,0.606938775510204,0.858667455313401,1,1,1,0.803469387755102,0.30053360935969,0.2,0.2,0.1,0.0803469387755102,0.591836734693878,1,1,1,0.434839572525939,0.410662224073303,0.0816326530612245,0.0612244897959184,1,0,1,0.275267379123435,0.587949355805861,1.03012661048535,5.02676199094637e-07,88.0880548135201,52.133746726369,21.409360379925,1,0.410662224073303,1,1,21.409360379925
"Pelagic",1975,2024,50,48,TRUE,-2.33035575074587e-06,0.00798506908676066,0.14326289323778,1.01704361381386,2.8445660945803,0.582066869300912,0.960074654566197,1,1,1,0.791033434650456,0.336026129098169,0.2,0.2,0.1,0.0791033434650456,0.6875,1,1,1,0.386797021736183,0.47265625,0.0625,0.0625,1,0,1,0.355338297106362,0.695189748387004,0.762025629032491,5.19334881040772e-07,91.5129472563214,62.915151238721,29.7372394526767,1,0.47265625,1,1,29.7372394526767
"Pelagic",1976,2024,49,47,TRUE,-2.3797254126257e-06,0.00451872287962383,0.165682162183434,1.01618960734731,2.5433005214864,0.595282146160962,0.977406385601881,1,1,1,0.797641073080481,0.342092234960658,0.2,0.2,0.1,0.0797641073080481,0.787234042553192,1,1,1,0.467911448889613,0.463558171118153,0.0638297872340425,0.0638297872340425,1,0,1,0.220147585183979,0.638955769292472,0.90261057676882,5.34462898530421e-07,92.1856342268706,72.5716694977492,33.6411903873677,1,0.463558171118153,1,1,33.6411903873677
"Pelagic",1977,2024,48,46,TRUE,-2.36749089206844e-06,0.00513751081404036,0.164701392582202,1.01497365272254,2.5433005214864,0.608757323465927,0.974312445929798,1,1,1,0.804378661732963,0.341009356075429,0.2,0.2,0.1,0.0804378661732963,0.782608695652174,1,1,1,0.446880806198593,0.454158790170132,0.0652173913043478,0.0652173913043478,1,0,1,0.255198656335678,0.642911597370188,0.892721006574529,1.6633689267696e-06,92.1447222248726,72.1132608716394,32.7508713126869,1,0.454158790170132,1,1,32.7508713126869
"Pelagic",1978,2024,47,45,TRUE,-2.46445694252684e-06,0.00245580844214262,0.194087543383925,1.01689528056295,2.5433005214864,0.605797101449275,0.987720957789287,1,1,1,0.802898550724638,0.34570233522625,0.2,0.2,0.1,0.0802898550724638,0.888888888888889,0.977339970020755,1,0.848933133471698,0.602554136253249,0.444444444444445,0.0666666666666667,0.0666666666666667,1,0,1,0,0.658778126313001,0.853054684217497,9.26857423543791e-06,92.5992190298714,82.3104169154413,35.7534490669036,0.977339970020755,0.444444444444445,1,1,35.7534490669036
"Pelagic",1979,2024,46,44,TRUE,-2.51469094595007e-06,0.00170453934186554,0.211098423093971,1.01544914240182,2.5433005214864,0.611557434813249,0.991477303290672,1,1,1,0.805778717406624,0.347017056151735,0.2,0.2,0.1,0.0805778717406624,0.886363636363636,0.946116292813639,1,0.640775285424257,0.6597533182741,0.434400826446281,0.0681818181818182,0.0681818181818182,1,0,1,0,0.620006948723664,0.94998262819084,4.8951862655521e-06,92.7594927892398,82.2186413359171,33.7913435715429,0.946116292813639,0.434400826446281,1,1,33.7913435715429
"Pelagic",1980,2024,45,43,TRUE,-2.5331641298014e-06,0.00184949627342216,0.212791071147685,1.01851262112481,2.5433005214864,0.596043491392329,0.990752518632889,1,1,1,0.798021745696164,0.346763381521511,0.2,0.2,0.1,0.0798021745696164,0.883720930232558,0.939153431657152,1,0.594356211047681,0.666953791751918,0.424012979989183,0.0697674418604651,0.0697674418604651,1,0,1,0,0.615105526512153,0.962236183719617,3.40212007273932e-05,92.6565556091128,81.8825375150299,32.6067109910374,0.939153431657152,0.424012979989183,1,1,32.6067109910374
"Pelagic",1981,2024,44,42,TRUE,-2.5193780482674e-06,0.00213853956047447,0.212246793265821,1.01968954185029,2.5433005214864,0.59581881533101,0.989307302197628,1,1,1,0.797909407665505,0.34625755576917,0.2,0.2,0.1,0.0797909407665505,0.880952380952381,0.931446267549625,1,0.542975116997501,0.676151151477024,0.413265306122449,0.0714285714285714,0.0714285714285714,1,0,1,0,0.594320134149689,1.01419966462578,0.000112352428029839,92.604849653572,81.5804627900516,31.4031286899588,0.931446267549625,0.413265306122449,1,1,31.4031286899588
"Pelagic",1982,2024,43,41,TRUE,-2.53939363774833e-06,0.00231557566618883,0.214141752627815,1.02298747421938,2.5433005214864,0.577700348432056,0.988422121669056,1,1,1,0.788850174216028,0.34594774258417,0.2,0.2,0.1,0.0788850174216028,0.878048780487805,0.925158435982744,1,0.501056239884959,0.682566161990502,0.402141582391434,0.0731707317073171,0.0731707317073171,1,0,1,0,0.58782972032654,1.03042569918365,0.000572352015932657,92.4832760005772,81.2048277078239,30.2118239286014,0.925158435982744,0.402141582391434,1,1,30.2118239286014
"Pelagic",1983,2024,42,40,TRUE,-2.50712430099248e-06,0.00304281745523994,0.20871317723147,1.02724222181459,2.5433005214864,0.567729831144465,0.9847859127238,1,1,1,0.783864915572233,0.34467506945333,0.2,0.2,0.1,0.0783864915572233,0.875,0.914375095582289,1,0.42916730388193,0.699791443641325,0.46875,0.05,0.075,1,0,1,0,0.56211245689582,1.09471885776045,0.00181255721159829,92.3061561010554,80.7678865884234,34.6181925090324,0.914375095582289,0.46875,1,1,34.6181925090324
"Pelagic",1984,2024,41,39,TRUE,-2.47976664312339e-06,0.00275651408088652,0.217641985458112,1.02637726371892,2.5433005214864,0.582995951417004,0.986217429595567,1,1,1,0.791497975708502,0.345176100358449,0.2,0.2,0.1,0.0791497975708502,0.871794871794872,0.898946665250427,1,0.326311101669516,0.729016527605815,0.378698224852071,0.0769230769230769,0.0769230769230769,1,0,1,0,0.576812257273814,1.05796935681546,0.00535831818099227,92.4325897929299,80.5822577681953,27.4325782339671,0.898946665250427,0.378698224852071,1,1,27.4325782339671
"Pelagic",1985,2024,40,38,TRUE,-2.60892636322071e-06,0.00293313899100967,0.220543849060013,1.03922154571003,2.5433005214864,0.553561658824817,0.985334305044952,1,1,1,0.776780829412408,0.344867006765733,0.2,0.2,0.1,0.0776780829412408,0.868421052631579,0.901164136445209,1,0.341094242968057,0.716438963117032,0.445983379501385,0.0789473684210526,0.0526315789473684,1,0,1,0,0.554832486263052,1.11291878434237,0.0256303660282842,92.2545089706974,80.1157577903425,32.198861709836,0.901164136445209,0.445983379501385,1,1,32.198861709836
"Pelagic",1986,2024,39,37,TRUE,-2.72257585518031e-06,0.00160064346801509,0.250640318957956,1.04264128523681,2.5433005214864,0.526789947842579,0.991996782659925,1,1,1,0.76339497392129,0.347198873930974,0.2,0.2,0.1,0.076339497392129,0.864864864864865,0.902129469736457,1,0.347529798243048,0.706340076340468,0.335281227173119,0.108108108108108,0.0540540540540541,1,0,1,0,0.568447125680029,1.07888218579993,0.079703645916223,92.3538371323103,79.8735888711873,24.1591308501163,0.902129469736457,0.335281227173119,1,1,24.1591308501163
"Pelagic",1987,2024,38,36,TRUE,-3.02076322505869e-06,0.000573017422113654,0.298043801205823,1.05253061224052,2.5433005214864,0.488030888030888,0.997134912889432,1,1,1,0.744015444015444,0.348997219511301,0.2,0.2,0.1,0.0744015444015444,0.722222222222222,0.90466850144096,1,0.364456676273068,0.691600181449363,0.12037037037037,0.166666666666667,0.0555555555555556,1,0,1,0,0.573181442108224,1.06704639472944,0.248626666836329,92.3398763912845,66.6899107270388,7.26221667391298,0.90466850144096,0.12037037037037,1,1,7.26221667391298
"Pelagic",1988,2024,37,35,TRUE,-3.35235678981059e-06,0.000159132160547774,0.354997320871876,1.0627290165125,2.5433005214864,0.444257703081233,0.999204339197261,1,1,1,0.722128851540616,0.349721518719041,0.2,0.2,0.1,0.0722128851540616,0.571428571428571,0.915034694308862,1,0.433564628725745,0.65514557708113,0.204081632653061,0.142857142857143,0.0571428571428571,1,0,1,0,0.578642377949034,1.05339405512741,0.455973781624287,92.1934403873103,52.6819659356059,9.83792379499531,0.915034694308862,0.204081632653061,1,1,9.83792379499531
"Pelagic",1989,2024,36,34,TRUE,-4.36257316318889e-06,7.38159810346624e-06,0.471238271807381,1.0477429979908,2.5433005214864,0.393735676088617,0.999963092009483,1,1,1,0.696867838044309,0.349987082203319,0.2,0.2,0.1,0.0696867838044309,0.558823529411765,0.938126164627467,1,0.587507764183116,0.581614450042247,0.35121107266436,0.117647058823529,0.0294117647058824,1,0,1,0.0306425832629224,0.565070590596257,1.08732352350936,0.655606558802013,91.967386600775,51.3935395710213,16.9331586598125,0.938126164627467,0.35121107266436,1,1,16.9331586598125
"Pelagic",1990,2024,35,33,TRUE,-4.91603740576101e-06,2.25476808830209e-07,0.58420899988925,1.0579077351941,2.5433005214864,0.344585561497326,0.999998872615956,1,1,1,0.672292780748663,0.349999605415585,0.2,0.2,0.1,0.0672292780748663,0.696969696969697,0.967695155825385,1,0.784634372169231,0.485306629988811,0.462809917355372,0.0909090909090909,0.0303030303030303,1,0,1,0.191155616685315,0.576380773264821,1.05904806683795,0.64918068390623,91.7228883490451,63.9280736978193,28.6307577302741,0.967695155825385,0.462809917355372,1,1,28.6307577302741
"Pelagic",1991,2024,34,32,TRUE,-6.41479431982061e-06,1.09203288426852e-09,0.715508891135057,0.757143476242315,2.5433005214864,0.281158357771261,0.999999994539836,0.757143476242315,1,1,0.640579178885631,0.349999998088942,0.151428695248463,0.2,0.1,0.0640579178885631,0.6875,0.929361967242133,1,0.529079781614219,0.581027595543779,0.365234375,0.09375,0.0625,1,0,1,0.0316206740937016,0.478237563317919,1.3044060917052,0.602811241317168,86.5486611225969,59.5022045217853,20.1971270583537,0.929361967242133,0.365234375,1,1,20.1971270583537
"Pelagic",1992,2024,33,31,TRUE,-6.40772647349752e-06,2.40116621090167e-09,0.712722649995991,0.754181728199669,2.5433005214864,0.295564516129032,0.999999987994169,0.754181728199669,1,1,0.647782258064516,0.349999995797959,0.150836345639934,0.2,0.1,0.0647782258064516,0.67741935483871,0.926969241409537,1,0.513128276063579,0.5747162624229,0.349635796045786,0.0967741935483871,0.0645161290322581,1,0,1,0.0421395626285006,0.429394998287015,1.42651250428246,0.470931669354858,86.5614567244344,58.6384061681653,19.0048029393804,0.926969241409537,0.349635796045786,1,1,19.0048029393804
"Pelagic",1993,2024,32,30,TRUE,-6.64361116490235e-06,3.91390717274819e-10,0.758430603725155,0.758144505540006,2.5433005214864,0.245383759733037,0.999999998043046,0.758144505540006,1,1,0.622691879866518,0.349999999315066,0.151628901108001,0.2,0.1,0.0622691879866518,0.666666666666667,0.903137294780766,1,0.354248631871775,0.634683971793172,0.444444444444445,0.0666666666666667,0.0666666666666667,1,0,1,0,0.342511869101834,1.64372032724542,0.566312419362428,86.3898088409719,57.5932058939813,23.1175876305964,0.903137294780766,0.444444444444445,1,1,23.1175876305964
"Pelagic",1996,2024,29,29,TRUE,-6.70343819600583e-06,6.56232219900587e-10,0.762137558296714,0.761682840496042,2.5433005214864,0.219211822660098,0.999999996718839,0.761682840496042,1,1,0.609605911330049,0.349999998851594,0.152336568099208,0.2,0.1,0.0609605911330049,0.655172413793103,0.916072341546138,1,0.440482276974254,0.580456831805532,0.429250891795482,0.0689655172413793,0.0689655172413793,1,0,1,0.0325719469907793,0.267109757990646,1.83222560502339,0.460067401874405,86.3297158083807,56.5608482882494,22.2411321902285,0.916072341546138,0.429250891795482,1,1,22.2411321902285
"Pelagic",1997,2024,28,28,TRUE,-6.14876933374718e-06,7.71168300577554e-10,0.772319509902306,0.753454548551808,2.29002402836053,0.339354132457581,0.999999996144158,0.753454548551808,1,1,0.66967706622879,0.349999998650455,0.150690909710362,0.2,0.1,0.066967706622879,0.821428571428571,0.937970610688948,1,0.586470737926319,0.492478916751126,0.528061224489796,0.0357142857142857,0.0714285714285714,1,0,1,0.179201805414789,0.483939551054537,1.29015112236366,0.380902106635916,86.7658614983696,71.271957659375,35.3014217900701,0.937970610688948,0.528061224489796,1,1,35.3014217900701
"Pelagic",1998,2024,27,27,TRUE,-5.67354639916447e-06,6.60847110475337e-10,0.788202162256991,0.745863358266165,1.87744682962948,0.477411477411477,0.999999996695764,0.745863358266165,0.908772050367466,1,0.738705738705739,0.349999998843518,0.149172671653233,0.181754410073493,0.1,0.0738705738705739,0.814814814814815,0.922560462360652,1,0.483736415737679,0.526951488136018,0.444444444444445,0,0.111111111111111,1,0,1,0.121747519773303,0.413251681644031,1.46687079588992,0.18992908094338,85.4797654440817,69.6501792507333,28.5584451435817,0.922560462360652,0.444444444444445,1,1,28.5584451435817
"Pelagic",1999,2024,26,26,TRUE,-5.65883084637825e-06,8.38615700527111e-10,0.797724387291094,0.745282912752978,1.87744682962948,0.514529914529914,0.999999995806921,0.745282912752978,0.908772050367466,1,0.757264957264957,0.349999998532422,0.149056582550596,0.181754410073493,0.1,0.0757264957264957,0.807692307692308,0.928670053115203,1,0.524467020768017,0.486825450355683,0.341715976331361,0.0384615384615385,0.115384615384615,1,0,1,0.188624249407195,0.397869938091682,1.50532515477079,0.342802960989527,85.6537486883007,69.1818739405506,21.9542723082137,0.928670053115203,0.341715976331361,1,1,21.9542723082137
"Pelagic",2000,2024,25,25,TRUE,-5.75684285167956e-06,6.75080300233207e-10,0.815001211249482,0.748781303194132,1.87744682962948,0.487692307692308,0.999999996624598,0.748781303194132,0.908772050367466,1,0.743846153846154,0.349999998818609,0.149756260638826,0.181754410073493,0.1,0.0743846153846154,0.8,0.94419884700454,1,0.6279923133636,0.408324304516384,0.48,0.04,0.08,1,0,1,0.319459492472693,0.398101681621767,1.50474579594558,0.479395660455376,85.5895284915544,68.4716227932436,31.032397101077,0.94419884700454,0.48,1,1,31.032397101077
"Pelagic",2001,2024,24,24,TRUE,-5.52948944525572e-06,1.00729315234388e-09,0.822589291144811,0.742494872060093,1.73955459386065,0.567826086956522,0.999999994963534,0.742494872060093,0.798717956943478,1,0.783913043478261,0.349999998237237,0.148498974412019,0.159743591388696,0.1,0.0783913043478261,0.791666666666667,0.937709335930507,1,0.58472890620338,0.408908138048028,0.461805555555556,0.0416666666666667,0.0833333333333333,1,0,1,0.318486436586619,0.316910824127015,1.70772293968246,0.238068588240429,83.6633868385777,66.2335145805407,28.6817201440871,0.937709335930507,0.461805555555556,1,1,28.6817201440871
"Pelagic",2002,2024,23,23,TRUE,-5.42372842130228e-06,3.55091749740538e-09,0.816235507041183,0.736098598832728,1.73955459386065,0.58300395256917,0.999999982245413,0.736098598832728,0.798717956943478,1,0.791501976284585,0.349999993785894,0.147219719766546,0.159743591388696,0.1,0.0791501976284585,0.782608695652174,0.924681956895183,1,0.497879712634551,0.43607321839636,0.44234404536862,0.0434782608695652,0.0869565217391304,1,0,1,0.273211302672733,0.257271720177145,1.85682069955714,0.0111892635620874,83.6113502569594,65.4349697663161,26.7647058581044,0.924681956895183,0.44234404536862,1,1,26.7647058581044
"Pelagic",2003,2024,22,22,TRUE,-5.42795024824502e-06,8.35391730627336e-09,0.816506378390113,0.734874354027056,1.73955459386065,0.608130999435347,0.999999958230413,0.734874354027056,0.798717956943478,1,0.804065499717674,0.349999985380645,0.146974870805411,0.159743591388696,0.1,0.0804065499717674,0.772727272727273,0.918140860841967,1,0.454272405613116,0.438190287337108,0.421487603305785,0.0454545454545455,0.0909090909090909,1,0,1,0.269682854438153,0.254007697516351,1.86498075620912,0.032948523433369,83.7124997546519,64.6869316285946,25.0328716498006,0.918140860841967,0.421487603305785,1,1,25.0328716498006
"Pelagic",2004,2024,21,21,TRUE,-5.43465511705334e-06,2.05690557758593e-08,0.815956108878952,0.737641625343874,1.73955459386065,0.579220779220779,0.999999897154721,0.737641625343874,0.798717956943478,1,0.78961038961039,0.349999964004152,0.147528325068775,0.159743591388696,0.1,0.078961038961039,0.761904761904762,0.912781417964372,1,0.418542786429146,0.435257189999617,0.580498866213152,0.0476190476190476,0.0476190476190476,1,0,1,0.274571350000638,0.258599489648527,1.85350127587868,0.00947291418797232,83.6232919422662,63.7129843369647,33.7595084253382,0.912781417964372,0.580498866213152,1,1,33.7595084253382
"Pelagic",2005,2024,20,20,TRUE,-5.46930588864799e-06,4.85002580664069e-08,0.816245095259775,0.742512015477874,1.73955459386065,0.547368421052632,0.99999975749871,0.742512015477874,0.798717956943478,1,0.773684210526316,0.349999915124548,0.148502403095575,0.159743591388696,0.1,0.0773684210526316,1,0.906193661256357,1,0.374624408375714,0.437762914137,0.5625,0.05,0.05,1,0,1,0.270395143105,0.263919700141035,1.84020074964741,0.0103890261484118,83.561433066145,83.561433066145,42.5940980456464,0.906193661256357,0.5625,1,1,42.5940980456464
"Pelagic",2006,2024,19,19,TRUE,-5.46925765865512e-06,1.16262395513195e-07,0.816244960550267,0.742638280923281,1.73955459386065,0.580701754385965,0.999999418688022,0.742638280923281,0.798717956943478,0.916666666666667,0.790350877192982,0.349999796540808,0.148527656184656,0.159743591388696,0.0916666666666667,0.0790350877192982,1,0.900496151554993,1,0.336641010366617,0.436159255519335,0.542936288088643,0.0526315789473684,0.0526315789473684,1,0,1,0.273067907467775,0.25830497760897,1.85423755597757,0.00156761280363604,82.8972798500124,82.8972798500124,40.5294780330898,0.900496151554993,0.542936288088643,1,1,40.5294780330898
"Pelagic",2007,2024,18,18,TRUE,-5.44856379806672e-06,1.51342577062674e-07,0.829630222867258,0.743631393799897,1.73955459386065,0.603715170278638,0.999999243287115,0.743631393799897,0.798717956943478,0.833333333333333,0.801857585139319,0.34999973515049,0.148726278759979,0.159743591388696,0.0833333333333333,0.0801857585139319,0.722222222222222,0.916664403375142,1,0.444429355834283,0.320999389906669,0.722222222222222,0,0.0555555555555556,1,0,1,0.465001016822219,0.264877400219215,1.83780649945196,0.00438072026908053,82.198869714643,59.3658503494644,39.3022946271582,0.916664403375142,0.722222222222222,1,1,39.3022946271582
"Pelagic",2008,2024,17,17,TRUE,-5.35174116577752e-06,7.2561601334204e-08,0.862974068452381,0.746774568465121,1.73955459386065,0.676470588235294,0.999999637191993,0.746774568465121,0.798717956943478,0.75,0.838235294117647,0.349999873017198,0.149354913693024,0.159743591388696,0.075,0.0838235294117647,1,0.926952029403586,1,0.51301352935724,0.224577093470508,1,0,0,1,0,1,0.62570484421582,0.270846182862352,1.82288454284412,0,81.7921907510682,81.7921907510682,75.8174372060679,0.926952029403586,1,1,1,75.8174372060679
"Pelagic",2009,2024,16,16,TRUE,-5.26950189422745e-06,1.04845035774497e-07,0.875168647560337,0.751277552432609,1.73955459386065,0.726470588235294,0.999999475774821,0.751277552432609,0.798717956943478,0.666666666666667,0.863235294117647,0.349999816521187,0.150255510486522,0.159743591388696,0.0666666666666667,0.0863235294117647,1,0.944751310702771,1,0.631675404685142,0.0722840209005003,1,0,0,1,0,1,0.879526631832499,0.276321921054906,1.80919519736273,6.60002487726968e-05,81.2989114474836,81.2989114474836,76.8072531487187,0.944751310702771,1,1,1,76.8072531487187
"Pelagic",2010,2024,15,15,TRUE,-5.18516581908992e-06,7.87313952408685e-08,0.898590176620951,0.755310876381927,1.73955459386065,0.785714285714286,0.999999606343024,0.755310876381927,0.798717956943478,0.583333333333333,0.892857142857143,0.349999862220058,0.151062175276385,0.159743591388696,0.0583333333333333,0.0892857142857143,1,0.941316651363026,1,0.60877767575351,0.0318075026300577,1,0,0,1,0,1,0.946987495616571,0.2798693088041,1.80032672798975,0.000132000497545299,80.8424676504187,80.8424676504187,76.0983609366159,0.941316651363026,1,1,1,76.0983609366159
"Pelagic",2011,2024,14,14,TRUE,-5.1657077589753e-06,2.53464385846159e-07,0.898808160246356,0.759602633392532,1.73955459386065,0.802197802197802,0.999998732678071,0.759602633392532,0.798717956943478,0.5,0.901098901098901,0.349999556437325,0.151920526678507,0.159743591388696,0.05,0.0901098901098901,1,0.933162985347274,1,0.554419902315162,0.017008669113409,1,0,0,1,0,1,0.971652218144318,0.267270732710076,1.83182316822481,0.000245337133525929,80.1773564614417,80.1773564614417,74.8185413128115,0.933162985347274,1,1,1,74.8185413128115
"Pelagic",2012,2024,13,13,TRUE,-5.03536906320986e-06,2.97604705100468e-06,0.872652974429893,0.739097784009383,1.63142063418139,0.824175824175824,0.999985119764745,0.739097784009383,0.706128804495044,0.416666666666667,0.912087912087912,0.349994791917661,0.147819556801877,0.141225760899009,0.0416666666666667,0.0912087912087912,0.615384615384615,0.923315611994433,1,0.488770746629551,0.0120930420912531,0.615384615384615,0.0769230769230769,0,1,0,1,0.979844929847912,0.253192342612834,1.86701914346791,0.00343471986936357,77.1915567494004,47.5024964611695,26.9906440561896,0.923315611994433,0.615384615384615,1,1,26.9906440561896
"Pelagic",2013,2024,12,12,TRUE,-4.94832319846717e-06,2.30731403732331e-05,0.845686665854893,0.762023300921913,1.63142063418139,0.79020979020979,0.999884634298134,0.762023300921913,0.706128804495044,0.333333333333333,0.895104895104895,0.349959622004347,0.152404660184383,0.141225760899009,0.0333333333333333,0.0895104895104895,0.583333333333333,0.909342924280283,1,0.395619495201887,0.0384439222644653,0.340277777777778,0.0833333333333333,0.0833333333333333,1,0,1,0.935926796225891,0.238089486485986,1.90477628378504,0.0662059055948192,76.6433865931561,44.7086421793411,13.8341589137373,0.909342924280283,0.340277777777778,1,1,13.8341589137373
"Pelagic",2014,2024,11,11,TRUE,-5.31404022098771e-06,0.000144807646736337,0.814076415732493,0.619956646104704,1.63142063418139,0.736363636363636,0.999275961766318,0.619956646104704,0.706128804495044,0.25,0.868181818181818,0.349746586618211,0.123991329220941,0.141225760899009,0.025,0.0868181818181818,1,0.888704251471585,1,0.258028343143901,-0.12614574508958,0.0909090909090909,0.181818181818182,0,1,0,1,0.789757091517366,0.2091118238634,1.9772204403415,0.127446368270027,72.6781858556343,72.6781858556343,5.87176479628584,0.888704251471585,0.0909090909090909,1,1,5.87176479628584
"Pelagic",2015,2024,10,10,TRUE,-6.26130460154179e-06,8.29265417178902e-05,0.86984307139774,0.625363746507562,1.63142063418139,0.648484848484848,0.999585367291411,0.625363746507562,0.706128804495044,0.166666666666667,0.824242424242424,0.349854878551994,0.125072749301512,0.141225760899009,0.0166666666666667,0.0824242424242424,1,0.85,1,0,-0.41122111825779,0,0.1,0.2,1,0,1,0.314631469570349,0.299288937542475,1.75177765614381,0.49796015176996,71.5244297843424,71.5244297843424,0,0.85,0,1,1,0
"Pelagic",2016,2024,9,9,TRUE,-6.40274337527904e-06,0.000732993103573144,0.82289878576412,0.64983038564439,1.63142063418139,0.683333333333333,0.996335034482134,0.64983038564439,0.706128804495044,0.0833333333333333,0.841666666666667,0.348717262068747,0.129966077128878,0.141225760899009,0.00833333333333333,0.0841666666666667,1,0.85,1,0,-0.419686535992478,0.197530864197531,0.111111111111111,0.111111111111111,1,0,1,0.300522440012536,0.562877492621926,1.09280626844518,NA,71.2409100096634,71.2409100096634,11.9614367423632,0.85,0.197530864197531,1,1,11.9614367423632
"Pelagic",2017,2024,8,8,TRUE,-1.75771381781662e-06,0.407237572890649,0.116851760876847,0.27241099024959,1.14951733259113,0.80952380952381,0,0.27241099024959,0.201028219387757,0,0.904761904761905,0,0.0544821980499181,0.0402056438775515,0,0.0904761904761905,1,0.85,1,0,-0.455847189478039,0.375,0,0.125,1,0,1,0.240254684203268,0.705100129560389,0.737249676099028,NA,18.516403240366,18.516403240366,5.90210353286666,0.85,0.375,1,1,5.90210353286666
