"start_year","end_year","n_years","DSI","DSIr","valid","species","variant"
1971,2024,54,54.0741056945275,29.9925814758841,TRUE,"Demersal","Effort collapsed to one shared series per year (as in the published Figure 7)"
1972,2024,53,54.2660633484163,34.1734327033981,TRUE,"Demersal","Effort collapsed to one shared series per year (as in the published Figure 7)"
1973,2024,52,54.2674669867947,31.3665959183673,TRUE,"Demersal","Effort collapsed to one shared series per year (as in the published Figure 7)"
1974,2024,51,54.4280612244898,31.2989121459808,TRUE,"Demersal","Effort collapsed to one shared series per year (as in the published Figure 7)"
1975,2024,50,48.6231726733247,27.8114417863777,TRUE,"Demersal","Effort collapsed to one shared series per year (as in the published Figure 7)"
1976,2024,49,48.5180929793139,27.7394571386419,TRUE,"Demersal","Effort collapsed to one shared series per year (as in the published Figure 7)"
1977,2024,48,48.4778318518816,27.4110523145096,TRUE,"Demersal","Effort collapsed to one shared series per year (as in the published Figure 7)"
1978,2024,47,42.4882886839409,24.1096239728656,TRUE,"Demersal","Effort collapsed to one shared series per year (as in the published Figure 7)"
1979,2024,46,36.1793997052982,20.5500307535689,TRUE,"Demersal","Effort collapsed to one shared series per year (as in the published Figure 7)"
1980,2024,45,35.9329367225527,20.3922779226301,TRUE,"Demersal","Effort collapsed to one shared series per year (as in the published Figure 7)"
1981,2024,44,42.2409235957571,23.7007274335572,TRUE,"Demersal","Effort collapsed to one shared series per year (as in the published Figure 7)"
1982,2024,43,35.3398487294978,19.8741292087626,TRUE,"Demersal","Effort collapsed to one shared series per year (as in the published Figure 7)"
1983,2024,42,28.0698874296435,15.7902749757511,TRUE,"Demersal","Effort collapsed to one shared series per year (as in the published Figure 7)"
1984,2024,41,34.7686079103083,17.4397779928958,TRUE,"Demersal","Effort collapsed to one shared series per year (as in the published Figure 7)"
1985,2024,40,34.2732995087566,17.4618189496003,TRUE,"Demersal","Effort collapsed to one shared series per year (as in the published Figure 7)"
1986,2024,39,41.3271308292645,18.0876681711186,TRUE,"Demersal","Effort collapsed to one shared series per year (as in the published Figure 7)"
1987,2024,38,41.026312026312,17.8362101464416,TRUE,"Demersal","Effort collapsed to one shared series per year (as in the published Figure 7)"
1988,2024,37,48.9699879951981,20.8200290026243,TRUE,"Demersal","Effort collapsed to one shared series per year (as in the published Figure 7)"
1989,2024,36,49.0327146901541,19.9459927515096,TRUE,"Demersal","Effort collapsed to one shared series per year (as in the published Figure 7)"
1990,2024,35,49.0459406903257,19.3287549249812,TRUE,"Demersal","Effort collapsed to one shared series per year (as in the published Figure 7)"
1991,2024,34,49.0321435117302,18.7068908045528,TRUE,"Demersal","Effort collapsed to one shared series per year (as in the published Figure 7)"
1992,2024,33,49.0594432882414,18.0356001656258,TRUE,"Demersal","Effort collapsed to one shared series per year (as in the published Figure 7)"
1993,2024,32,38.9454949944383,21.3394579108687,TRUE,"Demersal","Effort collapsed to one shared series per year (as in the published Figure 7)"
1996,2024,29,75.0394017880915,58.4478317606917,TRUE,"Demersal","Effort collapsed to one shared series per year (as in the published Figure 7)"
1997,2024,28,74.4476783056633,57.4714836412507,TRUE,"Demersal","Effort collapsed to one shared series per year (as in the published Figure 7)"
1998,2024,27,74.6580543479966,70.3187147109219,TRUE,"Demersal","Effort collapsed to one shared series per year (as in the published Figure 7)"
1999,2024,26,74.6649734875701,56.6252326719999,TRUE,"Demersal","Effort collapsed to one shared series per year (as in the published Figure 7)"
2000,2024,25,74.0375820767916,69.1453649156248,TRUE,"Demersal","Effort collapsed to one shared series per year (as in the published Figure 7)"
2001,2024,24,73.2696338040767,68.0044169040587,TRUE,"Demersal","Effort collapsed to one shared series per year (as in the published Figure 7)"
2002,2024,23,72.3869626829695,66.7781179794559,TRUE,"Demersal","Effort collapsed to one shared series per year (as in the published Figure 7)"
2003,2024,22,71.3623370464577,65.5223959248634,TRUE,"Demersal","Effort collapsed to one shared series per year (as in the published Figure 7)"
2004,2024,21,70.421304226217,64.5611396292991,TRUE,"Demersal","Effort collapsed to one shared series per year (as in the published Figure 7)"
2005,2024,20,69.4440565143273,63.6431952596966,TRUE,"Demersal","Effort collapsed to one shared series per year (as in the published Figure 7)"
2006,2024,19,67.835798656243,62.4156366550012,TRUE,"Demersal","Effort collapsed to one shared series per year (as in the published Figure 7)"
2007,2024,18,66.1774265131275,26.7842454344941,TRUE,"Demersal","Effort collapsed to one shared series per year (as in the published Figure 7)"
2008,2024,17,90.2176501680994,33.7065788769552,TRUE,"Demersal","Effort collapsed to one shared series per year (as in the published Figure 7)"
2009,2024,16,61.9070741779467,26.1777429141778,TRUE,"Demersal","Effort collapsed to one shared series per year (as in the published Figure 7)"
2010,2024,15,58.9882057979435,11.6548101144245,TRUE,"Demersal","Effort collapsed to one shared series per year (as in the published Figure 7)"
2011,2024,14,55.4486803636671,9.11297383137123,TRUE,"Demersal","Effort collapsed to one shared series per year (as in the published Figure 7)"
2012,2024,13,53.509880007815,18.5848517449015,TRUE,"Demersal","Effort collapsed to one shared series per year (as in the published Figure 7)"
2013,2024,12,85.8998964684626,45.4523308658076,TRUE,"Demersal","Effort collapsed to one shared series per year (as in the published Figure 7)"
2014,2024,11,83.2672046990349,39.7492542218905,TRUE,"Demersal","Effort collapsed to one shared series per year (as in the published Figure 7)"
2015,2024,10,79.9950118077099,17.3257908703621,TRUE,"Demersal","Effort collapsed to one shared series per year (as in the published Figure 7)"
2016,2024,9,80.9223769840698,13.8390609167991,TRUE,"Demersal","Effort collapsed to one shared series per year (as in the published Figure 7)"
2017,2024,8,47.7392053504577,15.5942129444282,TRUE,"Demersal","Effort collapsed to one shared series per year (as in the published Figure 7)"
1971,2000,30,53.6754241926656,30.0670447715833,TRUE,"Demersal","Effort collapsed to one shared series per year (as in the published Figure 7)"
1972,2000,29,54.0079365079365,28.9042475014697,TRUE,"Demersal","Effort collapsed to one shared series per year (as in the published Figure 7)"
1973,2000,28,53.8017094017094,28.1424326101249,TRUE,"Demersal","Effort collapsed to one shared series per year (as in the published Figure 7)"
1974,2000,27,53.8576923076923,27.4674230769231,TRUE,"Demersal","Effort collapsed to one shared series per year (as in the published Figure 7)"
1975,2000,26,53.5739130434783,26.563731884058,TRUE,"Demersal","Effort collapsed to one shared series per year (as in the published Figure 7)"
1976,2000,25,53.4486166007905,25.6785744973363,TRUE,"Demersal","Effort collapsed to one shared series per year (as in the published Figure 7)"
1977,2000,24,53.3088650479955,24.7159283404343,TRUE,"Demersal","Effort collapsed to one shared series per year (as in the published Figure 7)"
1978,2000,23,53.4025974025974,23.7768707482993,TRUE,"Demersal","Effort collapsed to one shared series per year (as in the published Figure 7)"
1979,2000,22,53.5563909774436,22.7614661654135,TRUE,"Demersal","Effort collapsed to one shared series per year (as in the published Figure 7)"
1980,2000,21,52.8947368421053,21.2970914127424,TRUE,"Demersal","Effort collapsed to one shared series per year (as in the published Figure 7)"
1981,2000,20,51.9349845201238,19.0748862897986,TRUE,"Demersal","Effort collapsed to one shared series per year (as in the published Figure 7)"
1982,2000,19,50.968137254902,16.2648320357555,TRUE,"Demersal","Effort collapsed to one shared series per year (as in the published Figure 7)"
1983,2000,18,50.6078431372549,13.7115625,TRUE,"Demersal","Effort collapsed to one shared series per year (as in the published Figure 7)"
1984,2000,17,33.1388888888889,7.98094907407408,TRUE,"Demersal","Effort collapsed to one shared series per year (as in the published Figure 7)"
1985,2000,16,31.0478806907378,6.40916965687374,TRUE,"Demersal","Effort collapsed to one shared series per year (as in the published Figure 7)"
1986,2000,15,28.8193857424627,2.96995031101639,TRUE,"Demersal","Effort collapsed to one shared series per year (as in the published Figure 7)"
1987,2000,14,23.9689905960084,1.73896598211047,TRUE,"Demersal","Effort collapsed to one shared series per year (as in the published Figure 7)"
1988,2000,13,20.1650625535014,0.12365569745524,TRUE,"Demersal","Effort collapsed to one shared series per year (as in the published Figure 7)"
1989,2000,12,36.3632207420253,0,TRUE,"Demersal","Effort collapsed to one shared series per year (as in the published Figure 7)"
1990,2000,11,36.1965540753586,0,TRUE,"Demersal","Effort collapsed to one shared series per year (as in the published Figure 7)"
1991,2000,10,36.5060778848824,0,TRUE,"Demersal","Effort collapsed to one shared series per year (as in the published Figure 7)"
1992,2000,9,NA,NA,FALSE,"Demersal","Effort collapsed to one shared series per year (as in the published Figure 7)"
1993,2000,8,NA,NA,FALSE,"Demersal","Effort collapsed to one shared series per year (as in the published Figure 7)"
1971,1990,20,13.5657894736842,5.51322162828948,TRUE,"Demersal","Effort collapsed to one shared series per year (as in the published Figure 7)"
1972,1990,19,89.0366192376249,27.1686434562864,TRUE,"Demersal","Effort collapsed to one shared series per year (as in the published Figure 7)"
1973,1990,18,87.8925562815555,24.4353435536809,TRUE,"Demersal","Effort collapsed to one shared series per year (as in the published Figure 7)"
1974,1990,17,87.1124077489005,21.9322427653012,TRUE,"Demersal","Effort collapsed to one shared series per year (as in the published Figure 7)"
1975,1990,16,59.4246199541535,13.2092216957712,TRUE,"Demersal","Effort collapsed to one shared series per year (as in the published Figure 7)"
1976,1990,15,57.1752364924713,11.0262099386769,TRUE,"Demersal","Effort collapsed to one shared series per year (as in the published Figure 7)"
1977,1990,14,54.7595871712892,8.54920085429312,TRUE,"Demersal","Effort collapsed to one shared series per year (as in the published Figure 7)"
1978,1990,13,51.77404181886,6.24964765150736,TRUE,"Demersal","Effort collapsed to one shared series per year (as in the published Figure 7)"
1979,1990,12,48.1381127578543,13.92328053031,TRUE,"Demersal","Effort collapsed to one shared series per year (as in the published Figure 7)"
1980,1990,11,79.6360550191539,20.1393659800505,TRUE,"Demersal","Effort collapsed to one shared series per year (as in the published Figure 7)"
1981,1990,10,74.1769685325571,31.5252116263367,TRUE,"Demersal","Effort collapsed to one shared series per year (as in the published Figure 7)"
1982,1990,9,70.7554740240872,26.729845742433,TRUE,"Demersal","Effort collapsed to one shared series per year (as in the published Figure 7)"
1983,1990,8,65.7996816564547,20.9736485279949,TRUE,"Demersal","Effort collapsed to one shared series per year (as in the published Figure 7)"
