"group_key","start_year","end_year","n_years","n_usable","frac_usable","beta","p_slope","ec","ic","rho_ce","s_drift","dsi_base","dsi","dsi_r","valid","species","fleet"
"Anchovy",1972,2024,53,49,1,-1.38257160465709e-07,0.925502683574747,2.39893976185909,9.96253447694129,0.901224489795918,0.000503400393086928,59.5061224489796,35.2179092044981,11.8304615457357,TRUE,"Anchovy","ALL_FLEET"
"Anchovy",1973,2024,52,48,1,-4.04164546789866e-07,0.787526068637695,2.35876544679343,9.96253447694129,0.89502822405558,0.00362174552416076,59.4751411202779,34.6938323201621,9.98636966318157,TRUE,"Anchovy","ALL_FLEET"
"Anchovy",1974,2024,51,47,1,-5.45870330892181e-07,0.721433447316044,2.32181012819598,9.96253447694129,0.890379278445883,0.00536926516311282,59.4518963922294,34.1532170763871,7.48959204262246,TRUE,"Anchovy","ALL_FLEET"
"Anchovy",1975,2024,50,46,1,-9.69893420235538e-07,0.51050732166292,2.29389414677437,9.96253447694129,0.886401480111008,0.0245069044533257,59.432007400555,40.0520049873306,11.4740602475938,TRUE,"Anchovy","ALL_FLEET"
"Anchovy",1976,2024,49,45,1,-1.55276707707237e-06,0.236563442047634,2.26700740796373,7.02138112517345,0.886166007905138,0.0484146089788425,59.4308300395257,39.6205533596838,12.7682933074966,TRUE,"Anchovy","ALL_FLEET"
"Anchovy",1977,2024,48,44,1,-2.14150314456143e-06,0.0770631794198466,2.23346041260523,5.27635941138576,0.87906976744186,0.0688518772123634,80.9092924387361,53.3265791073488,20.5492662117526,TRUE,"Anchovy","ALL_FLEET"
"Anchovy",1978,2024,47,43,1,-2.67108073782184e-06,0.0254601670918096,2.18956310922426,5.27635941138576,0.870582905466626,0.110857528339514,89.8973852862665,68.9910166150417,32.3138973060163,TRUE,"Anchovy","ALL_FLEET"
"Anchovy",1979,2024,46,42,1,-3.46054315633455e-06,0.00222649746637426,2.11191544761452,4.91629543190788,0.861113361964184,0.163327290427887,93.9159297532054,60.3745262699178,11.8861787075868,TRUE,"Anchovy","ALL_FLEET"
"Anchovy",1980,2024,45,41,1,-3.89163387294462e-06,0.000688190178106,2.06836765569572,4.91629543190788,0.850696864111498,0.257526629919136,94.1330510393889,59.6941299274174,16.0838415488104,TRUE,"Anchovy","ALL_FLEET"
"Anchovy",1981,2024,44,40,1,-4.42799195540972e-06,0.000109748268273182,2.0263360175307,4.91629543190788,0.83921200750469,0.398843168390754,94.1768540905756,70.6326405679317,24.4048220542869,TRUE,"Anchovy","ALL_FLEET"
"Anchovy",1982,2024,43,39,1,-5.06052882283565e-06,1.01636714053613e-05,1.91516100081489,4.91629543190788,0.826518218623482,0.207891351892472,94.1308124506215,82.0627595723367,27.1766785916785,TRUE,"Anchovy","ALL_FLEET"
"Anchovy",1983,2024,42,38,1,-5.53268062593621e-06,2.30249405747736e-06,1.78451138924838,4.91629543190788,0.812452128241602,0.279420033381803,94.0618577047479,69.3087372561301,15.9295003243255,TRUE,"Anchovy","ALL_FLEET"
"Anchovy",1984,2024,41,37,1,-5.90962054051743e-06,8.60656122146251e-07,1.64942157862985,4.91629543190788,0.796823138928402,0.14127784293344,93.9839650798206,68.5828934366259,20.2931161923504,TRUE,"Anchovy","ALL_FLEET"
"Anchovy",1985,2024,40,36,1,-5.8908688012498e-06,1.78991237649624e-06,1.62373430679617,4.91629543190788,0.78970398970399,0.0681862904088346,93.948206713854,67.8514826266724,19.1504693659119,TRUE,"Anchovy","ALL_FLEET"
"Anchovy",1986,2024,39,35,1,-5.96881778852548e-06,2.12403936176016e-06,1.6071014204571,4.91629543190788,0.783193277310924,0.0247816220430259,93.9155946796663,67.0825676283331,18.1697187350412,TRUE,"Anchovy","ALL_FLEET"
"Anchovy",1987,2024,38,34,1,-6.34980906792973e-06,6.66158052630427e-07,1.57978579806059,4.91629543190788,0.775401069518716,0.039036037161135,93.8768887699344,66.2660391317184,29.8193654851351,TRUE,"Anchovy","ALL_FLEET"
"Anchovy",1988,2024,37,33,1,-6.87455136145936e-06,4.62929039793773e-08,1.55373788062666,4.91629543190788,0.769050802139037,0.0115170462026961,93.845245909437,65.407292603547,28.6474665254899,TRUE,"Anchovy","ALL_FLEET"
"Anchovy",1989,2024,36,32,1,-7.29189084601556e-06,9.61756353266985e-09,1.52682830580143,4.91629543190788,0.760263929618768,0.020865767877166,93.8013179650202,64.4884061009514,33.9758465519654,TRUE,"Anchovy","ALL_FLEET"
"Anchovy",1990,2024,35,31,1,-7.53975579313287e-06,3.18321722731984e-09,1.50904564846561,4.91629543190788,0.749596774193549,0.00348561386835713,93.7479833139047,63.5066983739355,40.7447681989144,TRUE,"Anchovy","ALL_FLEET"
"Anchovy",1991,2024,34,30,1,-7.64254314787455e-06,1.99305394499154e-09,1.49989554579945,4.91629543190788,0.733481646273637,0.00311911662943373,93.6674078825837,62.4449385883892,39.6255217541791,TRUE,"Anchovy","ALL_FLEET"
"Anchovy",1996,2024,29,29,1,-7.8175515320464e-06,1.70053050678774e-09,1.48063120663887,4.91629543190788,0.713300492610837,6.70521139291986e-05,93.5665021654613,61.3021910739229,38.2381121403108,TRUE,"Anchovy","ALL_FLEET"
"Anchovy",1997,2024,28,28,1,-7.58161551788066e-06,1.2646637552825e-08,1.52090694197906,4.91629543190788,0.760262725779967,7.27926183026908e-05,93.8013114157383,60.3008430529746,29.1170732650915,TRUE,"Anchovy","ALL_FLEET"
"Anchovy",1998,2024,27,27,1,-7.08370994497199e-06,1.4485283942037e-07,1.38686781512916,3.65147007278178,0.819291819291819,2.59296189904027e-06,94.0964337472122,59.2459027297262,43.8905918247577,TRUE,"Anchovy","ALL_FLEET"
"Anchovy",1999,2024,26,26,1,-6.86943995472752e-06,7.38192690472671e-07,1.42287446945496,3.48857611603803,0.865299145299145,2.36697421346973e-05,94.3263665427749,58.0469947955538,34.5217311367547,TRUE,"Anchovy","ALL_FLEET"
"Anchovy",2000,2024,25,25,1,-6.82612740200875e-06,9.12752227177113e-07,1.42746213387492,3.48857611603803,0.861538461538462,0.000416213160094292,94.3075325760525,56.5845195456315,41.0544239959812,TRUE,"Anchovy","ALL_FLEET"
"Anchovy",2001,2024,24,24,1,-6.81824634366356e-06,1.4326234147911e-06,1.42910550646084,3.48857611603803,0.853043478260869,0,94.2649666822067,54.9878972312873,39.1176026222495,TRUE,"Anchovy","ALL_FLEET"
"Anchovy",2002,2024,23,23,1,-6.82082399051389e-06,2.47321567449669e-06,1.43095921536011,3.48857611603803,0.842885375494071,0,94.2139940647273,53.2513879496285,37.227440500488,TRUE,"Anchovy","ALL_FLEET"
"Anchovy",2003,2024,22,22,1,-6.80406214161018e-06,4.73913890370214e-06,1.44501944786199,3.48857611603803,0.828345567476002,0.000160122227878061,94.1408984880718,51.3495809934937,35.2387595650175,TRUE,"Anchovy","ALL_FLEET"
"Anchovy",2004,2024,21,21,1,-6.90911064357741e-06,1.60190003926017e-05,1.26005392416294,3.48857611603803,0.812987012987013,1.45565661708365e-05,94.0621317398664,49.2706404351681,33.2333606252988,TRUE,"Anchovy","ALL_FLEET"
"Anchovy",2005,2024,20,20,1,-7.10634087897652e-06,1.83436850595994e-05,1.2850798768556,3.48857611603803,0.825563909774436,0,94.1246094039868,47.0623047019934,30.9602406756252,TRUE,"Anchovy","ALL_FLEET"
"Anchovy",2006,2024,19,19,1,-7.18830200659442e-06,4.13348533275019e-05,1.32512832927845,3.48857611603803,0.817543859649123,0,93.24715236558,44.1697037521168,28.392860347214,TRUE,"Anchovy","ALL_FLEET"
"Anchovy",2007,2024,18,18,1,-7.23876462113176e-06,9.94466298609468e-05,1.37073258229323,3.48857611603803,0.801857585139319,0.00294327801122113,92.3252180988043,41.0334302661352,25.7321150849595,TRUE,"Anchovy","ALL_FLEET"
"Anchovy",2008,2024,17,17,1,-7.43733109816614e-06,0.000193324258878634,1.42511663296388,3.48857611603803,0.78921568627451,0.00294327801122113,91.4122466860688,37.6403368707342,22.9541412981682,TRUE,"Anchovy","ALL_FLEET"
"Anchovy",2009,2024,16,16,1,-7.65386388445276e-06,0.000456301202323665,1.49771672047741,3.48857611603803,0.755882352941176,0.0010560039803624,90.3662257209659,33.8873346453622,13.7634898933558,TRUE,"Anchovy","ALL_FLEET"
"Anchovy",2010,2024,15,15,1,-7.86222674565462e-06,0.00130991248312051,1.59115926542268,3.48857611603803,0.707142857142857,0.00554402089690229,89.1398129345015,59.4265419563344,11.2977700679976,TRUE,"Anchovy","ALL_FLEET"
"Anchovy",2011,2024,14,14,1,-8.39561123597489e-06,0.00338264075766438,1.7127806178401,3.48857611603803,0.63956043956044,0.0210499260565284,87.6058400652109,87.6058400652109,30.9008122483254,TRUE,"Anchovy","ALL_FLEET"
"Anchovy",2012,2024,13,13,1,-1.0192045709457e-05,0.00764562676411918,1.19390406233105,3.48857611603803,0.549450549450549,0.0507679474015389,85.5759347301986,85.5759347301986,27.7800130556883,TRUE,"Anchovy","ALL_FLEET"
"Anchovy",2013,2024,12,12,1,-1.1415259079348e-05,0.00754952046613815,1.25475328865794,3.48857611603803,0.482517482517483,0.0662059055948192,84.4247546643466,84.4247546643466,7.06765797006064,TRUE,"Anchovy","ALL_FLEET"
"Anchovy",2014,2024,11,11,1,-1.41178667677141e-05,0.0079345242629536,1.17283664525892,3.48857611603803,0.345454545454545,0.011034317599137,82.8387309812558,82.8387309812558,3.64605201969737,TRUE,"Anchovy","ALL_FLEET"
"Anchovy",2015,2024,10,10,1,-1.86694446426647e-05,0.00217327739676164,1.25671582372905,3.48857611603803,0.175757575757576,0.0396822835963147,82.1651310010213,82.1651310010213,36.3050886848635,TRUE,"Anchovy","ALL_FLEET"
"Anchovy",2016,2024,9,9,1,-1.98962742545152e-05,0.00171725707242612,1.22380625968518,3.48857611603803,0.116666666666667,NA,81.1161466789921,81.1161466789921,31.7564981941632,TRUE,"Anchovy","ALL_FLEET"
"Anchovy",2017,2024,8,8,1,-2.17154061264436e-05,0.0277968787226615,0.673600898169643,2.49163719056944,0.0238095238095238,NA,68.7266118059747,68.7266118059747,59.873178891344,TRUE,"Anchovy","ALL_FLEET"
"Demersal",1971,2024,54,52,1,-4.01515471728793e-08,1.46518265967714e-15,1.63683274562353,5.74253865516001,0.181849227354222,2.31998936264515e-05,90.9092461367708,90.9092461367708,44.8676903154279,TRUE,"Demersal","ALL_FLEET"
"Demersal",1972,2024,53,51,1,-3.94387227260924e-08,1.49151436605509e-14,1.48976086287862,5.48795397339087,0.133393665158371,4.62303216523845e-05,90.6669683257892,90.6669683257892,50.389160167354,TRUE,"Demersal","ALL_FLEET"
"Demersal",1973,2024,52,50,1,-3.84102535228736e-08,8.7409387167738e-14,1.47139455783582,5.12765192376843,0.134981992797119,0.000308785451363861,90.6749099639703,90.6749099639703,49.6230729010754,TRUE,"Demersal","ALL_FLEET"
"Demersal",1974,2024,51,49,1,-3.76842789622366e-08,3.16487860165489e-13,1.45715292549419,5.12765192376843,0.157142857142857,0.000258794323484077,90.7857142856589,90.7857142856589,48.1310600139009,TRUE,"Demersal","ALL_FLEET"
"Demersal",1975,2024,50,48,1,-3.67498233155867e-08,2.48004088854913e-12,1.34067393700523,5.12765192376843,0.118975249674338,0.000157666617236702,90.5948762479377,90.5948762479377,54.6125102520663,TRUE,"Demersal","ALL_FLEET"
"Demersal",1976,2024,49,47,1,-3.61061291384098e-08,1.04905003895038e-11,1.32635137452422,5.12765192376843,0.126965772432932,3.32531774135636e-06,90.6348288603288,90.6348288603288,47.7703171045538,TRUE,"Demersal","ALL_FLEET"
"Demersal",1977,2024,48,46,1,-3.46604465005869e-08,6.13893012231082e-11,1.24669083939526,4.57892844300611,0.143139068763491,1.01861284785448e-05,90.7156953330743,90.7156953330743,61.2566735712019,TRUE,"Demersal","ALL_FLEET"
"Demersal",1978,2024,47,45,1,-3.3659090445528e-08,1.59828043965656e-10,1.23593438158839,4.57892844300611,0.184057971014493,3.97843451748207e-07,90.9202898271025,90.9202898271025,53.4297011823467,TRUE,"Demersal","ALL_FLEET"
"Demersal",1979,2024,46,44,1,-3.22181784357007e-08,6.19463401103442e-10,1.22225846630047,4.47464940668824,0.234249471458774,4.50245676898595e-06,91.1712472488878,91.1712472488878,53.1445333138374,TRUE,"Demersal","ALL_FLEET"
"Demersal",1980,2024,45,43,1,-3.06555477749125e-08,2.28599319096147e-09,1.20873181558835,4.32650125854009,0.289036544850498,1.18387091026017e-07,91.4451823242037,91.4451823242037,44.7383243109221,TRUE,"Demersal","ALL_FLEET"
"Demersal",1981,2024,44,42,1,-2.91183393930684e-08,8.39939324995104e-09,1.19542925156753,4.32650125854009,0.336682602706426,1.35202752954747e-06,91.6834115436383,91.6834115436383,44.1343361180728,TRUE,"Demersal","ALL_FLEET"
"Demersal",1982,2024,43,41,1,-2.81065299932621e-08,2.16189862273567e-08,1.18500103493639,4.32650125854009,0.374564459930314,3.08961871160265e-06,91.872818516329,91.872818516329,43.6319333313602,TRUE,"Demersal","ALL_FLEET"
"Demersal",1983,2024,42,40,1,-2.69207867834509e-08,3.74630271060902e-08,1.17571732452921,4.32650125854009,0.425703564727955,2.37384496989946e-05,92.12851126761,80.6124473591588,37.5494770545928,TRUE,"Demersal","ALL_FLEET"
"Demersal",1984,2024,41,39,1,-2.56135387185862e-08,9.68410846844025e-08,1.16439579907376,4.32650125854009,0.472267206477733,3.28859743487481e-06,92.3613190851988,68.6789295761735,17.8363634209488,TRUE,"Demersal","ALL_FLEET"
"Demersal",1985,2024,40,38,1,-2.28632064048847e-08,5.83675755099807e-07,1.1474778894304,4.01438331535419,0.521610679505416,1.21825076570549e-05,92.6079512542699,56.0521810223213,18.0156371232046,TRUE,"Demersal","ALL_FLEET"
"Demersal",1986,2024,39,37,1,-1.98731323009411e-08,4.42913590525656e-06,1.113776955931,3.50449478604818,0.548127074442864,1.55711188491117e-05,92.7398602734309,55.14261962204,26.4149638098118,TRUE,"Demersal","ALL_FLEET"
"Demersal",1987,2024,38,36,1,-1.73345313440478e-08,1.60507597849402e-05,1.1001212758476,2.69830996044588,0.603603603603604,3.45260377452301e-05,93.0152091350557,67.1776510419846,31.1318935829673,TRUE,"Demersal","ALL_FLEET"
"Demersal",1988,2024,37,35,1,-1.66239683905709e-08,1.06009375047864e-05,1.09567432736873,2.39410284070478,0.655742296918768,0.00031742953786508,93.2768563205305,66.6263259432361,37.4911536817028,TRUE,"Demersal","ALL_FLEET"
"Demersal",1989,2024,36,34,1,-1.65354341363762e-08,9.08209050625642e-06,1.09471159057146,2.39410284070478,0.675171886936593,0.00194696551622981,93.3742700688444,52.1797391561189,23.9037092619026,TRUE,"Demersal","ALL_FLEET"
"Demersal",1990,2024,35,33,1,-1.78891659030176e-08,5.90021298995613e-06,1.02242404858557,2.39410284070478,0.644719251336898,0.000487622617827956,93.2225637194113,64.9733019862563,42.8343540419039,TRUE,"Demersal","ALL_FLEET"
"Demersal",1991,2024,34,32,1,-1.91189175744323e-08,3.03346160870489e-06,1.03561558220698,2.39410284070478,0.61950146627566,0.000746890736438095,93.0969764755968,64.0041713269728,27.8242062228829,TRUE,"Demersal","ALL_FLEET"
"Demersal",1992,2024,33,31,1,-2.0639919054615e-08,7.89917875575438e-07,1.04822940576284,2.39410284070478,0.6,0.000116430610087688,92.9998617643718,62.9999063565099,32.7901380631899,TRUE,"Demersal","ALL_FLEET"
"Demersal",1993,2024,32,30,1,-2.05829035436807e-08,6.33625405082537e-07,1.04763272291288,2.39410284070478,0.640044493882091,0.000396199008076284,93.2001115849646,62.1334077233097,32.3383415450473,TRUE,"Demersal","ALL_FLEET"
"Demersal",1996,2024,29,29,1,-2.00947592569246e-08,2.53665447815454e-07,1.04408266513786,2.38173318950018,0.708374384236453,6.70521139291986e-05,93.5418275297289,77.4139262314998,37.7429104515117,TRUE,"Demersal","ALL_FLEET"
"Demersal",1997,2024,28,28,1,-2.01284625648243e-08,4.40612873092588e-07,1.04912632532987,2.38173318950018,0.713191023535851,7.27926183026908e-05,93.5658780104264,76.8576855085646,46.4109225035411,TRUE,"Demersal","ALL_FLEET"
"Demersal",1998,2024,27,27,1,-2.01282382305248e-08,7.39656097215078e-07,1.0493861186336,2.38173318950018,0.700854700854701,2.59296189904027e-06,93.5041440644565,76.1885618302979,45.0705912569954,TRUE,"Demersal","ALL_FLEET"
"Demersal",1999,2024,26,26,1,-2.01150703105987e-08,1.26488582947771e-06,1.04702418708667,2.38173318950018,0.694358974358974,2.36697421346973e-05,93.4715735167747,75.496270917395,43.764263002462,TRUE,"Demersal","ALL_FLEET"
"Demersal",2000,2024,25,25,1,-2.03722490022006e-08,1.14510475597377e-06,1.0513457152874,2.38173318950018,0.708461538461538,6.1906115704646e-07,93.5421072989754,74.8336858391803,42.8389169926966,TRUE,"Demersal","ALL_FLEET"
"Demersal",2001,2024,24,24,1,-2.11900653032618e-08,5.62628260309461e-07,1.0622166690655,2.38173318950018,0.709565217391304,0,93.547727627011,74.058617704717,52.6003512179231,TRUE,"Demersal","ALL_FLEET"
"Demersal",2002,2024,23,23,1,-2.21734214710182e-08,2.69841659188759e-07,1.07596143074531,2.38173318950018,0.706521739130435,0,93.5325614733618,73.1993959356745,51.2768145599829,TRUE,"Demersal","ALL_FLEET"
"Demersal",2003,2024,22,22,1,-2.30069542886449e-08,1.98889125913147e-07,1.0905138295984,2.38173318950018,0.700734048560135,0.000160122227878061,93.5036354372036,72.2528092014755,38.5716955471619,TRUE,"Demersal","ALL_FLEET"
"Demersal",2004,2024,21,21,1,-2.39167481329419e-08,1.76682419644426e-07,1.10823106372514,2.38173318950018,0.690909090909091,1.45565661708365e-05,93.454514535122,71.2034396458073,48.1517956294621,TRUE,"Demersal","ALL_FLEET"
"Demersal",2005,2024,20,20,1,-2.40727838037029e-08,2.56819854411312e-07,1.11284981599522,2.38173318950018,0.693233082706767,0,93.4661204700593,70.0995903525445,46.7517109537085,TRUE,"Demersal","ALL_FLEET"
"Demersal",2006,2024,19,19,1,-2.44919140825976e-08,2.80720541406664e-07,1.12289513807008,2.38173318950018,0.703508771929825,0,92.684161400221,68.2935926106892,44.6596833394264,TRUE,"Demersal","ALL_FLEET"
"Demersal",2007,2024,18,18,1,-2.46568280529671e-08,3.99381783629633e-07,1.12786086610659,2.38173318950018,0.700722394220846,0.00294327801122113,91.8368754126254,66.3266322424517,41.833296890063,TRUE,"Demersal","ALL_FLEET"
"Demersal",2008,2024,17,17,1,-2.45842007971651e-08,1.13496787250048e-06,1.1437390946562,2.38173318950018,0.683823529411765,0.00294327801122113,90.9189190276811,64.1780604901279,39.297856249281,TRUE,"Demersal","ALL_FLEET"
"Demersal",2009,2024,16,16,1,-2.45831184267864e-08,2.23558101078048e-06,1.14368437415528,2.38173318950018,0.673529411764706,0.0010560039803624,90.0339224988133,61.8983217179341,53.411282619633,TRUE,"Demersal","ALL_FLEET"
"Demersal",2010,2024,15,15,1,-2.50843449965293e-08,8.20582654315913e-06,1.18478312290133,2.38173318950018,0.639285714285714,0.000132000497545299,89.0283258851168,59.3522172567446,34.0382211531101,TRUE,"Demersal","ALL_FLEET"
"Demersal",2011,2024,14,14,1,-2.68795545557969e-08,1.7776686572295e-05,1.2395349657842,2.38173318950018,0.586813186813187,0.000245337133525929,87.9309550139158,87.9309550139158,48.8947234590918,TRUE,"Demersal","ALL_FLEET"
"Demersal",2012,2024,13,13,1,-2.837256972165e-08,1.05098373324964e-05,1.26921123719934,2.38173318950018,0.516483516483517,0.00343471986936357,86.7472450275511,86.7472450275511,10.6614016368326,TRUE,"Demersal","ALL_FLEET"
"Demersal",2013,2024,12,12,1,-3.15295379860165e-08,1.62835726361945e-05,1.34384899901577,2.38173318950018,0.398601398601399,0.00551715879956851,85.323490701129,85.323490701129,24.9071824213889,TRUE,"Demersal","ALL_FLEET"
"Demersal",2014,2024,11,11,1,-3.74585975436211e-08,0.000222215168293066,0.914081087172521,1.96732802661281,0.227272727272727,0.0662059055948195,81.403848295199,81.403848295199,3.52129899331057,TRUE,"Demersal","ALL_FLEET"
"Demersal",2015,2024,10,10,1,-4.74520869426139e-08,0.000188570837228472,0.786343418467226,1.96732802661281,-0.0303030303030303,0.249998386656776,76.7337705578173,76.7337705578173,16.3059262435362,TRUE,"Demersal","ALL_FLEET"
"Demersal",2016,2024,9,9,1,-4.6519019768859e-08,0.000548429506458479,0.797704241787836,1.96732802661281,0.0333333333333333,NA,76.3828602419627,76.3828602419627,12.824776534453,TRUE,"Demersal","ALL_FLEET"
"Demersal",2017,2024,8,8,1,-4.00012054053813e-08,0.0172898836783443,0.545109790759833,1.59589437162683,0.261904761904762,NA,62.6732933057845,62.6732933057845,0,TRUE,"Demersal","ALL_FLEET"
"Pelagic",1971,2024,54,52,1,-1.21531964972446e-06,0.394723221939927,1.06203662924529,11.8321689166262,0.585417911722018,6.71254753059946e-05,57.9270895586101,46.7872646434928,26.8888347840191,TRUE,"Pelagic","ALL_FLEET"
"Pelagic",1972,2024,53,51,1,-4.519774758468e-07,0.677080517541206,1.06627201757994,6.14663736273309,0.647330316742081,3.07779415755224e-05,58.2366515837104,46.8177002927868,23.327850664918,TRUE,"Pelagic","ALL_FLEET"
"Pelagic",1973,2024,52,50,1,-1.35424088048982e-06,0.127950801498972,1.05915563191078,2.91252452093829,0.630060024009604,0,70.7589098577279,42.4553459146367,17.8312452841474,TRUE,"Pelagic","ALL_FLEET"
"Pelagic",1974,2024,51,49,1,-1.91422477857851e-06,0.0282665089373198,1.02531227806011,2.8445660945803,0.606938775510204,5.02676199094637e-07,88.0880548135201,52.133746726369,21.409360379925,TRUE,"Pelagic","ALL_FLEET"
"Pelagic",1975,2024,50,48,1,-2.33035575074587e-06,0.00798506908676066,1.01704361381386,2.8445660945803,0.582066869300912,5.19334881040772e-07,91.5129472563214,62.915151238721,29.7372394526767,TRUE,"Pelagic","ALL_FLEET"
"Pelagic",1976,2024,49,47,1,-2.3797254126257e-06,0.00451872287962383,1.01618960734731,2.5433005214864,0.595282146160962,5.34462898530421e-07,92.1856342268706,72.5716694977492,33.6411903873677,TRUE,"Pelagic","ALL_FLEET"
"Pelagic",1977,2024,48,46,1,-2.36749089206844e-06,0.00513751081404036,1.01497365272254,2.5433005214864,0.608757323465927,1.6633689267696e-06,92.1447222248726,72.1132608716394,32.7508713126869,TRUE,"Pelagic","ALL_FLEET"
"Pelagic",1978,2024,47,45,1,-2.46445694252684e-06,0.00245580844214262,1.01689528056295,2.5433005214864,0.605797101449275,9.26857423543791e-06,92.5992190298714,82.3104169154413,35.7534490669036,TRUE,"Pelagic","ALL_FLEET"
"Pelagic",1979,2024,46,44,1,-2.51469094595007e-06,0.00170453934186554,1.01544914240182,2.5433005214864,0.611557434813249,4.8951862655521e-06,92.7594927892398,82.2186413359171,33.7913435715429,TRUE,"Pelagic","ALL_FLEET"
"Pelagic",1980,2024,45,43,1,-2.5331641298014e-06,0.00184949627342216,1.01851262112481,2.5433005214864,0.596043491392329,3.40212007273932e-05,92.6565556091128,81.8825375150299,32.6067109910374,TRUE,"Pelagic","ALL_FLEET"
"Pelagic",1981,2024,44,42,1,-2.5193780482674e-06,0.00213853956047447,1.01968954185029,2.5433005214864,0.59581881533101,0.000112352428029839,92.604849653572,81.5804627900516,31.4031286899588,TRUE,"Pelagic","ALL_FLEET"
"Pelagic",1982,2024,43,41,1,-2.53939363774833e-06,0.00231557566618883,1.02298747421938,2.5433005214864,0.577700348432056,0.000572352015932657,92.4832760005772,81.2048277078239,30.2118239286014,TRUE,"Pelagic","ALL_FLEET"
"Pelagic",1983,2024,42,40,1,-2.50712430099248e-06,0.00304281745523994,1.02724222181459,2.5433005214864,0.567729831144465,0.00181255721159829,92.3061561010554,80.7678865884234,34.6181925090324,TRUE,"Pelagic","ALL_FLEET"
"Pelagic",1984,2024,41,39,1,-2.47976664312339e-06,0.00275651408088652,1.02637726371892,2.5433005214864,0.582995951417004,0.00535831818099227,92.4325897929299,80.5822577681953,27.4325782339671,TRUE,"Pelagic","ALL_FLEET"
"Pelagic",1985,2024,40,38,1,-2.60892636322071e-06,0.00293313899100967,1.03922154571003,2.5433005214864,0.553561658824817,0.0256303660282842,92.2545089706974,80.1157577903425,32.198861709836,TRUE,"Pelagic","ALL_FLEET"
"Pelagic",1986,2024,39,37,1,-2.72257585518031e-06,0.00160064346801509,1.04264128523681,2.5433005214864,0.526789947842579,0.079703645916223,92.3538371323103,79.8735888711873,24.1591308501163,TRUE,"Pelagic","ALL_FLEET"
"Pelagic",1987,2024,38,36,1,-3.02076322505869e-06,0.000573017422113654,1.05253061224052,2.5433005214864,0.488030888030888,0.248626666836329,92.3398763912845,66.6899107270388,7.26221667391298,TRUE,"Pelagic","ALL_FLEET"
"Pelagic",1988,2024,37,35,1,-3.35235678981059e-06,0.000159132160547774,1.0627290165125,2.5433005214864,0.444257703081233,0.455973781624287,92.1934403873103,52.6819659356059,9.83792379499531,TRUE,"Pelagic","ALL_FLEET"
"Pelagic",1989,2024,36,34,1,-4.36257316318889e-06,7.38159810346624e-06,1.0477429979908,2.5433005214864,0.393735676088617,0.655606558802013,91.967386600775,51.3935395710213,16.9331586598125,TRUE,"Pelagic","ALL_FLEET"
"Pelagic",1990,2024,35,33,1,-4.91603740576101e-06,2.25476808830209e-07,1.0579077351941,2.5433005214864,0.344585561497326,0.64918068390623,91.7228883490451,63.9280736978193,28.6307577302741,TRUE,"Pelagic","ALL_FLEET"
"Pelagic",1991,2024,34,32,1,-6.41479431982061e-06,1.09203288426852e-09,0.757143476242315,2.5433005214864,0.281158357771261,0.602811241317168,86.5486611225969,59.5022045217853,20.1971270583537,TRUE,"Pelagic","ALL_FLEET"
"Pelagic",1992,2024,33,31,1,-6.40772647349752e-06,2.40116621090167e-09,0.754181728199669,2.5433005214864,0.295564516129032,0.470931669354858,86.5614567244344,58.6384061681653,19.0048029393804,TRUE,"Pelagic","ALL_FLEET"
"Pelagic",1993,2024,32,30,1,-6.64361116490235e-06,3.91390717274819e-10,0.758144505540006,2.5433005214864,0.245383759733037,0.566312419362428,86.3898088409719,57.5932058939813,23.1175876305964,TRUE,"Pelagic","ALL_FLEET"
"Pelagic",1996,2024,29,29,1,-6.70343819600583e-06,6.56232219900587e-10,0.761682840496042,2.5433005214864,0.219211822660098,0.460067401874405,86.3297158083807,56.5608482882494,22.2411321902285,TRUE,"Pelagic","ALL_FLEET"
"Pelagic",1997,2024,28,28,1,-6.14876933374718e-06,7.71168300577554e-10,0.753454548551808,2.29002402836053,0.339354132457581,0.380902106635916,86.7658614983696,71.271957659375,35.3014217900701,TRUE,"Pelagic","ALL_FLEET"
"Pelagic",1998,2024,27,27,1,-5.67354639916447e-06,6.60847110475337e-10,0.745863358266165,1.87744682962948,0.477411477411477,0.18992908094338,85.4797654440817,69.6501792507333,28.5584451435817,TRUE,"Pelagic","ALL_FLEET"
"Pelagic",1999,2024,26,26,1,-5.65883084637825e-06,8.38615700527111e-10,0.745282912752978,1.87744682962948,0.514529914529914,0.342802960989527,85.6537486883007,69.1818739405506,21.9542723082137,TRUE,"Pelagic","ALL_FLEET"
"Pelagic",2000,2024,25,25,1,-5.75684285167956e-06,6.75080300233207e-10,0.748781303194132,1.87744682962948,0.487692307692308,0.479395660455376,85.5895284915544,68.4716227932436,31.032397101077,TRUE,"Pelagic","ALL_FLEET"
"Pelagic",2001,2024,24,24,1,-5.52948944525572e-06,1.00729315234388e-09,0.742494872060093,1.73955459386065,0.567826086956522,0.238068588240429,83.6633868385777,66.2335145805407,28.6817201440871,TRUE,"Pelagic","ALL_FLEET"
"Pelagic",2002,2024,23,23,1,-5.42372842130228e-06,3.55091749740538e-09,0.736098598832728,1.73955459386065,0.58300395256917,0.0111892635620874,83.6113502569594,65.4349697663161,26.7647058581044,TRUE,"Pelagic","ALL_FLEET"
"Pelagic",2003,2024,22,22,1,-5.42795024824502e-06,8.35391730627336e-09,0.734874354027056,1.73955459386065,0.608130999435347,0.032948523433369,83.7124997546519,64.6869316285946,25.0328716498006,TRUE,"Pelagic","ALL_FLEET"
"Pelagic",2004,2024,21,21,1,-5.43465511705334e-06,2.05690557758593e-08,0.737641625343874,1.73955459386065,0.579220779220779,0.00947291418797232,83.6232919422662,63.7129843369647,33.7595084253382,TRUE,"Pelagic","ALL_FLEET"
"Pelagic",2005,2024,20,20,1,-5.46930588864799e-06,4.85002580664069e-08,0.742512015477874,1.73955459386065,0.547368421052632,0.0103890261484118,83.561433066145,83.561433066145,42.5940980456464,TRUE,"Pelagic","ALL_FLEET"
"Pelagic",2006,2024,19,19,1,-5.46925765865512e-06,1.16262395513195e-07,0.742638280923281,1.73955459386065,0.580701754385965,0.00156761280363604,82.8972798500124,82.8972798500124,40.5294780330898,TRUE,"Pelagic","ALL_FLEET"
"Pelagic",2007,2024,18,18,1,-5.44856379806672e-06,1.51342577062674e-07,0.743631393799897,1.73955459386065,0.603715170278638,0.00438072026908053,82.198869714643,59.3658503494644,39.3022946271582,TRUE,"Pelagic","ALL_FLEET"
"Pelagic",2008,2024,17,17,1,-5.35174116577752e-06,7.2561601334204e-08,0.746774568465121,1.73955459386065,0.676470588235294,0,81.7921907510682,81.7921907510682,75.8174372060679,TRUE,"Pelagic","ALL_FLEET"
"Pelagic",2009,2024,16,16,1,-5.26950189422745e-06,1.04845035774497e-07,0.751277552432609,1.73955459386065,0.726470588235294,6.60002487726968e-05,81.2989114474836,81.2989114474836,76.8072531487187,TRUE,"Pelagic","ALL_FLEET"
"Pelagic",2010,2024,15,15,1,-5.18516581908992e-06,7.87313952408685e-08,0.755310876381927,1.73955459386065,0.785714285714286,0.000132000497545299,80.8424676504187,80.8424676504187,76.0983609366159,TRUE,"Pelagic","ALL_FLEET"
"Pelagic",2011,2024,14,14,1,-5.1657077589753e-06,2.53464385846159e-07,0.759602633392532,1.73955459386065,0.802197802197802,0.000245337133525929,80.1773564614417,80.1773564614417,74.8185413128115,TRUE,"Pelagic","ALL_FLEET"
"Pelagic",2012,2024,13,13,1,-5.03536906320986e-06,2.97604705100468e-06,0.739097784009383,1.63142063418139,0.824175824175824,0.00343471986936357,77.1915567494004,47.5024964611695,26.9906440561896,TRUE,"Pelagic","ALL_FLEET"
"Pelagic",2013,2024,12,12,1,-4.94832319846717e-06,2.30731403732331e-05,0.762023300921913,1.63142063418139,0.79020979020979,0.0662059055948192,76.6433865931561,44.7086421793411,13.8341589137373,TRUE,"Pelagic","ALL_FLEET"
"Pelagic",2014,2024,11,11,1,-5.31404022098771e-06,0.000144807646736337,0.619956646104704,1.63142063418139,0.736363636363636,0.127446368270027,72.6781858556343,72.6781858556343,5.87176479628584,TRUE,"Pelagic","ALL_FLEET"
"Pelagic",2015,2024,10,10,1,-6.26130460154179e-06,8.29265417178902e-05,0.625363746507562,1.63142063418139,0.648484848484848,0.49796015176996,71.5244297843424,71.5244297843424,0,TRUE,"Pelagic","ALL_FLEET"
"Pelagic",2016,2024,9,9,1,-6.40274337527904e-06,0.000732993103573144,0.64983038564439,1.63142063418139,0.683333333333333,NA,71.2409100096634,71.2409100096634,11.9614367423632,TRUE,"Pelagic","ALL_FLEET"
"Pelagic",2017,2024,8,8,1,-1.75771381781662e-06,0.407237572890649,0.27241099024959,1.14951733259113,0.80952380952381,NA,18.516403240366,18.516403240366,5.90210353286666,TRUE,"Pelagic","ALL_FLEET"
