"species","start_year","DSI_published","DSIr_published","DSI_corrected","DSIr_corrected","dDSI","dDSIr"
"Anchovy",1972,35.2179092044981,11.8304615457357,35.2179092044981,11.8304615457357,0,0
"Anchovy",1973,34.6938323201621,9.98636966318157,34.6938323201621,9.98636966318157,0,0
"Anchovy",1974,34.1532170763871,7.48959204262246,34.1532170763871,7.48959204262246,0,0
"Anchovy",1975,40.0520049873306,11.4740602475938,40.0520049873306,11.4740602475938,0,0
"Anchovy",1976,39.6205533596838,12.7682933074966,39.6205533596838,12.7682933074966,0,0
"Anchovy",1977,53.3265791073488,20.5492662117526,53.3265791073488,20.5492662117526,0,0
"Anchovy",1978,68.9910166150417,32.3138973060163,68.9910166150417,32.3138973060163,0,0
"Anchovy",1979,60.3745262699178,11.8861787075868,60.3745262699178,11.8861787075868,0,0
"Anchovy",1980,59.6941299274174,16.0838415488104,59.6941299274174,16.0838415488104,0,0
"Anchovy",1981,70.6326405679317,24.4048220542869,70.6326405679317,24.4048220542869,0,0
"Anchovy",1982,82.0627595723367,27.1766785916785,82.0627595723367,27.1766785916785,0,0
"Anchovy",1983,69.3087372561301,15.9295003243255,69.3087372561301,15.9295003243255,0,0
"Anchovy",1984,68.5828934366259,20.2931161923504,68.5828934366259,20.2931161923504,0,0
"Anchovy",1985,67.8514826266724,19.1504693659119,67.8514826266724,19.1504693659119,0,0
"Anchovy",1986,67.0825676283331,18.1697187350412,67.0825676283331,18.1697187350412,0,0
"Anchovy",1987,66.2660391317184,29.8193654851351,66.2660391317184,29.8193654851351,0,0
"Anchovy",1988,65.407292603547,28.6474665254899,65.407292603547,28.6474665254899,0,0
"Anchovy",1989,64.4884061009514,33.9758465519654,64.4884061009514,33.9758465519654,0,0
"Anchovy",1990,63.5066983739355,40.7447681989144,63.5066983739355,40.7447681989144,0,0
"Anchovy",1991,62.4449385883892,39.6255217541791,62.4449385883892,39.6255217541791,0,0
"Anchovy",1996,61.3021910739229,38.2381121403108,61.3021910739229,38.2381121403108,0,0
"Anchovy",1997,60.3008430529746,29.1170732650915,60.3008430529746,29.1170732650915,0,0
"Anchovy",1998,59.2459027297262,43.8905918247577,59.2459027297262,43.8905918247577,0,0
"Anchovy",1999,58.0469947955538,34.5217311367547,58.0469947955538,34.5217311367547,0,0
"Anchovy",2000,56.5845195456315,41.0544239959812,56.5845195456315,41.0544239959812,0,0
"Anchovy",2001,54.9878972312873,39.1176026222495,54.9878972312873,39.1176026222495,0,0
"Anchovy",2002,53.2513879496285,37.227440500488,53.2513879496285,37.227440500488,0,0
"Anchovy",2003,51.3495809934937,35.2387595650175,51.3495809934937,35.2387595650175,0,0
"Anchovy",2004,49.2706404351681,33.2333606252988,49.2706404351681,33.2333606252988,0,0
"Anchovy",2005,47.0623047019934,30.9602406756252,47.0623047019934,30.9602406756252,0,0
"Anchovy",2006,44.1697037521168,28.392860347214,44.1697037521168,28.392860347214,0,0
"Anchovy",2007,41.0334302661352,25.7321150849595,41.0334302661352,25.7321150849595,0,0
"Anchovy",2008,37.6403368707342,22.9541412981682,37.6403368707342,22.9541412981682,0,0
"Anchovy",2009,33.8873346453622,13.7634898933558,33.8873346453622,13.7634898933558,0,0
"Anchovy",2010,59.4265419563344,11.2977700679976,59.4265419563344,11.2977700679976,0,0
"Anchovy",2011,87.6058400652109,30.9008122483254,87.6058400652109,30.9008122483254,0,0
"Anchovy",2012,85.5759347301986,27.7800130556883,85.5759347301986,27.7800130556883,0,0
"Anchovy",2013,84.4247546643466,7.06765797006064,84.4247546643466,7.06765797006064,0,0
"Anchovy",2014,82.8387309812558,3.64605201969737,82.8387309812558,3.64605201969737,0,0
"Anchovy",2015,82.1651310010213,36.3050886848635,82.1651310010213,36.3050886848635,0,0
"Anchovy",2016,81.1161466789921,31.7564981941632,81.1161466789921,31.7564981941632,0,0
"Anchovy",2017,68.7266118059747,59.873178891344,68.7266118059747,59.873178891344,0,0
"Demersal",1971,54.0741056945275,29.9925814758841,90.9092461367708,44.8676903154279,36.8351404422434,14.8751088395438
"Demersal",1972,54.2660633484163,34.1734327033981,90.6669683257892,50.389160167354,36.4009049773729,16.2157274639559
"Demersal",1973,54.2674669867947,31.3665959183673,90.6749099639703,49.6230729010754,36.4074429771756,18.2564769827081
"Demersal",1974,54.4280612244898,31.2989121459808,90.7857142856589,48.1310600139009,36.3576530611691,16.8321478679201
"Demersal",1975,48.6231726733247,27.8114417863777,90.5948762479377,54.6125102520663,41.971703574613,26.8010684656886
"Demersal",1976,48.5180929793139,27.7394571386419,90.6348288603288,47.7703171045538,42.1167358810149,20.030859965912
"Demersal",1977,48.4778318518816,27.4110523145096,90.7156953330743,61.2566735712019,42.2378634811927,33.8456212566923
"Demersal",1978,42.4882886839409,24.1096239728656,90.9202898271025,53.4297011823467,48.4320011431617,29.3200772094811
"Demersal",1979,36.1793997052982,20.5500307535689,91.1712472488878,53.1445333138374,54.9918475435895,32.5945025602685
"Demersal",1980,35.9329367225527,20.3922779226301,91.4451823242037,44.7383243109221,55.5122456016509,24.3460463882921
"Demersal",1981,42.2409235957571,23.7007274335572,91.6834115436383,44.1343361180728,49.4424879478812,20.4336086845156
"Demersal",1982,35.3398487294978,19.8741292087626,91.872818516329,43.6319333313602,56.5329697868312,23.7578041225977
"Demersal",1983,28.0698874296435,15.7902749757511,80.6124473591588,37.5494770545928,52.5425599295152,21.7592020788417
"Demersal",1984,34.7686079103083,17.4397779928958,68.6789295761735,17.8363634209488,33.9103216658652,0.396585428052941
"Demersal",1985,34.2732995087566,17.4618189496003,56.0521810223213,18.0156371232046,21.7788815135647,0.553818173604324
"Demersal",1986,41.3271308292645,18.0876681711186,55.14261962204,26.4149638098118,13.8154887927754,8.32729563869317
"Demersal",1987,41.026312026312,17.8362101464416,67.1776510419846,31.1318935829673,26.1513390156726,13.2956834365257
"Demersal",1988,48.9699879951981,20.8200290026243,66.6263259432361,37.4911536817028,17.656337948038,16.6711246790785
"Demersal",1989,49.0327146901541,19.9459927515096,52.1797391561189,23.9037092619026,3.14702446596478,3.95771651039302
"Demersal",1990,49.0459406903257,19.3287549249812,64.9733019862563,42.8343540419039,15.9273612959306,23.5055991169227
"Demersal",1991,49.0321435117302,18.7068908045528,64.0041713269728,27.8242062228829,14.9720278152426,9.11731541833017
"Demersal",1992,49.0594432882414,18.0356001656258,62.9999063565099,32.7901380631899,13.9404630682685,14.7545378975641
"Demersal",1993,38.9454949944383,21.3394579108687,62.1334077233097,32.3383415450473,23.1879127288714,10.9988836341785
"Demersal",1996,75.0394017880915,58.4478317606917,77.4139262314998,37.7429104515117,2.37452444340823,-20.7049213091801
"Demersal",1997,74.4476783056633,57.4714836412507,76.8576855085646,46.4109225035411,2.4100072029013,-11.0605611377096
"Demersal",1998,74.6580543479966,70.3187147109219,76.1885618302979,45.0705912569954,1.53050748230127,-25.2481234539265
"Demersal",1999,74.6649734875701,56.6252326719999,75.496270917395,43.764263002462,0.831297429824843,-12.8609696695379
"Demersal",2000,74.0375820767916,69.1453649156248,74.8336858391803,42.8389169926966,0.796103762388739,-26.3064479229281
"Demersal",2001,73.2696338040767,68.0044169040587,74.058617704717,52.6003512179231,0.788983900640332,-15.4040656861356
"Demersal",2002,72.3869626829695,66.7781179794559,73.1993959356745,51.2768145599829,0.812433252704977,-15.501303419473
"Demersal",2003,71.3623370464577,65.5223959248634,72.2528092014755,38.5716955471619,0.890472155017804,-26.9507003777015
"Demersal",2004,70.421304226217,64.5611396292991,71.2034396458073,48.1517956294621,0.782135419590219,-16.409343999837
"Demersal",2005,69.4440565143273,63.6431952596966,70.0995903525445,46.7517109537085,0.655533838217167,-16.8914843059881
"Demersal",2006,67.835798656243,62.4156366550012,68.2935926106892,44.6596833394264,0.457793954446217,-17.7559533155748
"Demersal",2007,66.1774265131275,26.7842454344941,66.3266322424517,41.833296890063,0.149205729324166,15.0490514555689
"Demersal",2008,90.2176501680994,33.7065788769552,64.1780604901279,39.297856249281,-26.0395896779715,5.59127737232579
"Demersal",2009,61.9070741779467,26.1777429141778,61.8983217179341,53.411282619633,-0.00875246001260166,27.2335397054553
"Demersal",2010,58.9882057979435,11.6548101144245,59.3522172567446,34.0382211531101,0.364011458801038,22.3834110386856
"Demersal",2011,55.4486803636671,9.11297383137123,87.9309550139158,48.8947234590918,32.4822746502487,39.7817496277206
"Demersal",2012,53.509880007815,18.5848517449015,86.7472450275511,10.6614016368326,33.2373650197361,-7.92345010806886
"Demersal",2013,85.8998964684626,45.4523308658076,85.323490701129,24.9071824213889,-0.576405767333583,-20.5451484444187
"Demersal",2014,83.2672046990349,39.7492542218905,81.403848295199,3.52129899331057,-1.86335640383591,-36.2279552285799
"Demersal",2015,79.9950118077099,17.3257908703621,76.7337705578173,16.3059262435362,-3.26124124989262,-1.01986462682592
"Demersal",2016,80.9223769840698,13.8390609167991,76.3828602419627,12.824776534453,-4.53951674210712,-1.01428438234611
"Demersal",2017,47.7392053504577,15.5942129444282,62.6732933057845,0,14.9340879553268,-15.5942129444282
"Pelagic",1971,44.2417202450926,25.1814200680972,46.7872646434928,26.8888347840191,2.5455443984002,1.707414715922
"Pelagic",1972,44.2389672611126,24.3025176359249,46.8177002927868,23.327850664918,2.57873303167421,-0.974666971006926
"Pelagic",1973,43.8311644657863,23.8441534693878,42.4553459146367,17.8312452841474,-1.37581855114957,-6.01290818524032
"Pelagic",1974,37.8584548104956,20.3853824663679,52.133746726369,21.409360379925,14.2752919158734,1.02397791355709
"Pelagic",1975,37.3781480677377,19.9122998864329,62.915151238721,29.7372394526767,25.5370031709832,9.82493956624386
"Pelagic",1976,42.6438163048399,22.4637740349149,72.5716694977492,33.6411903873677,29.9278531929093,11.1774163524528
"Pelagic",1977,42.4906085347705,22.1208196417312,72.1132608716394,32.7508713126869,29.6226523368689,10.6300516709557
"Pelagic",1978,42.4283413848631,21.8165483787599,82.3104169154413,35.7534490669036,39.8820755305781,13.9369006881438
"Pelagic",1979,41.8628675763982,21.2471351655831,82.2186413359171,33.7913435715429,40.3557737595188,12.5442084059598
"Pelagic",1980,41.7179170207834,20.8801077210731,81.8825375150299,32.6067109910374,40.1646204942464,11.7266032699642
"Pelagic",1981,41.4191950177689,20.2807889049138,81.5804627900516,31.4031286899588,40.1612677722827,11.1223397850451
"Pelagic",1982,41.2632999065182,19.7937627840659,81.2048277078239,30.2118239286014,39.9415278013057,10.4180611445355
"Pelagic",1983,41.0544090056285,19.0124842688385,80.7678865884234,34.6181925090324,39.7134775827949,15.6057082401939
"Pelagic",1984,40.9297986089484,18.1040455677064,80.5822577681953,27.4325782339671,39.6524591592469,9.32853266626077
"Pelagic",1985,40.7258654350067,17.487506015953,80.1157577903425,32.198861709836,39.3898923553357,14.7113556938829
"Pelagic",1986,40.4863327053939,16.9481418165964,79.8735888711873,24.1591308501163,39.3872561657934,7.21098903351989
"Pelagic",1987,40.2836407836408,16.4956750337671,66.6899107270388,7.26221667391298,26.4062699433981,-9.23345835985412
"Pelagic",1988,40.0560224089636,15.9236274858111,52.6819659356059,9.83792379499531,12.6259435266423,-6.08570369081579
"Pelagic",1989,39.8249224823619,15.4253478051576,51.3935395710213,16.9331586598125,11.5686170886594,1.50781085465488
"Pelagic",1990,39.4992201426025,14.6137709023469,63.9280736978193,28.6307577302741,24.4288535552168,14.0169868279272
"Pelagic",1991,39.1355846774194,17.113306216479,59.5022045217853,20.1971270583537,20.366619844366,3.08382084187466
"Pelagic",1992,38.6074401664932,16.7348265255156,58.6384061681653,19.0048029393804,20.030966001672,2.26997641386484
"Pelagic",1993,37.7871709306637,23.4069819081352,57.5932058939813,23.1175876305964,19.8060349633176,-0.289394277538804
"Pelagic",1996,36.9930355019535,17.9219573658181,56.5608482882494,22.2411321902285,19.567812786296,4.3191748244104
"Pelagic",1997,59.3191053007265,37.3416141535723,71.271957659375,35.3014217900701,11.9528523586485,-2.04019236350221
"Pelagic",1998,72.1651813897544,42.106680632869,69.6501792507333,28.5584451435817,-2.51500213902112,-13.5482354892873
"Pelagic",1999,54.389363961118,32.315312766906,69.1818739405506,21.9542723082137,14.7925099794326,-10.3610404586923
"Pelagic",2000,53.0188065767022,38.7692732250682,68.4716227932436,31.032397101077,15.4528162165413,-7.73687612399124
"Pelagic",2001,68.269419622456,49.9488013131927,66.2335145805407,28.6817201440871,-2.03590504191533,-21.2670811691056
"Pelagic",2002,67.4897853484255,34.7734295213346,65.4349697663161,26.7647058581044,-2.05481558210943,-8.00872366323014
"Pelagic",2003,66.7202598590395,33.277754247747,64.6869316285946,25.0328716498006,-2.03332823044488,-8.24488259794641
"Pelagic",2004,65.5689989542567,45.3839913752163,63.7129843369647,33.7595084253382,-1.85601461729203,-11.6244829498781
"Pelagic",2005,64.5693638484422,43.9938169074309,83.561433066145,42.5940980456464,18.9920692177028,-1.39971886178451
"Pelagic",2006,62.8993214491643,41.864590818777,82.8972798500124,40.5294780330898,19.9979584008481,-1.33511278568713
"Pelagic",2007,61.2202340444631,39.6054732926904,59.3658503494644,39.3022946271582,-1.85438369499864,-0.303178665532229
"Pelagic",2008,59.5652680450677,37.3177800628038,81.7921907510682,75.8174372060679,22.2269227060005,38.4996571432641
"Pelagic",2009,57.7321099634939,13.1637678343762,81.2989114474836,76.8072531487187,23.5668014839897,63.6434853143425
"Pelagic",2010,55.8133121219509,5.5151522135414,80.8424676504187,76.0983609366159,25.0291555284678,70.5832087230745
"Pelagic",2011,53.3469969440528,19.7358435204173,80.1773564614417,74.8185413128115,26.8303595173889,55.0826977923942
"Pelagic",2012,49.093679158199,16.5962245276779,47.5024964611695,26.9906440561896,-1.5911826970295,10.3944195285117
"Pelagic",2013,45.0805227442034,13.4519174457658,44.7086421793411,13.8341589137373,-0.371880564862373,0.382241467971554
"Pelagic",2014,37.8801572315985,1.62172827888757,72.6781858556343,5.87176479628584,34.7980286240358,4.25003651739828
"Pelagic",2015,30.7125530546757,0,71.5244297843424,0,40.8118767296667,0
"Pelagic",2016,0,0,71.2409100096634,11.9614367423632,71.2409100096634,11.9614367423632
"Pelagic",2017,22.0163918749575,0,18.516403240366,5.90210353286666,-3.49998863459153,5.90210353286666
