"species","start_year","end_year","n_years","DSI","DSIr","valid","variant"
"Anchovy",1972,2024,53,35.2179092044981,11.8304615457357,TRUE,"effort collapsed to one series per year (as published)"
"Anchovy",1973,2024,52,34.6938323201621,9.98636966318157,TRUE,"effort collapsed to one series per year (as published)"
"Anchovy",1974,2024,51,34.1532170763871,7.48959204262246,TRUE,"effort collapsed to one series per year (as published)"
"Anchovy",1975,2024,50,40.0520049873306,11.4740602475938,TRUE,"effort collapsed to one series per year (as published)"
"Anchovy",1976,2024,49,39.6205533596838,12.7682933074966,TRUE,"effort collapsed to one series per year (as published)"
"Anchovy",1977,2024,48,53.3265791073488,20.5492662117526,TRUE,"effort collapsed to one series per year (as published)"
"Anchovy",1978,2024,47,68.9910166150417,32.3138973060163,TRUE,"effort collapsed to one series per year (as published)"
"Anchovy",1979,2024,46,60.3745262699178,11.8861787075868,TRUE,"effort collapsed to one series per year (as published)"
"Anchovy",1980,2024,45,59.6941299274174,16.0838415488104,TRUE,"effort collapsed to one series per year (as published)"
"Anchovy",1981,2024,44,70.6326405679317,24.4048220542869,TRUE,"effort collapsed to one series per year (as published)"
"Anchovy",1982,2024,43,82.0627595723367,27.1766785916785,TRUE,"effort collapsed to one series per year (as published)"
"Anchovy",1983,2024,42,69.3087372561301,15.9295003243255,TRUE,"effort collapsed to one series per year (as published)"
"Anchovy",1984,2024,41,68.5828934366259,20.2931161923504,TRUE,"effort collapsed to one series per year (as published)"
"Anchovy",1985,2024,40,67.8514826266724,19.1504693659119,TRUE,"effort collapsed to one series per year (as published)"
"Anchovy",1986,2024,39,67.0825676283331,18.1697187350412,TRUE,"effort collapsed to one series per year (as published)"
"Anchovy",1987,2024,38,66.2660391317184,29.8193654851351,TRUE,"effort collapsed to one series per year (as published)"
"Anchovy",1988,2024,37,65.407292603547,28.6474665254899,TRUE,"effort collapsed to one series per year (as published)"
"Anchovy",1989,2024,36,64.4884061009514,33.9758465519654,TRUE,"effort collapsed to one series per year (as published)"
"Anchovy",1990,2024,35,63.5066983739355,40.7447681989144,TRUE,"effort collapsed to one series per year (as published)"
"Anchovy",1991,2024,34,62.4449385883892,39.6255217541791,TRUE,"effort collapsed to one series per year (as published)"
"Anchovy",1996,2024,29,61.3021910739229,38.2381121403108,TRUE,"effort collapsed to one series per year (as published)"
"Anchovy",1997,2024,28,60.3008430529746,29.1170732650915,TRUE,"effort collapsed to one series per year (as published)"
"Anchovy",1998,2024,27,59.2459027297262,43.8905918247577,TRUE,"effort collapsed to one series per year (as published)"
"Anchovy",1999,2024,26,58.0469947955538,34.5217311367547,TRUE,"effort collapsed to one series per year (as published)"
"Anchovy",2000,2024,25,56.5845195456315,41.0544239959812,TRUE,"effort collapsed to one series per year (as published)"
"Anchovy",2001,2024,24,54.9878972312873,39.1176026222495,TRUE,"effort collapsed to one series per year (as published)"
"Anchovy",2002,2024,23,53.2513879496285,37.227440500488,TRUE,"effort collapsed to one series per year (as published)"
"Anchovy",2003,2024,22,51.3495809934937,35.2387595650175,TRUE,"effort collapsed to one series per year (as published)"
"Anchovy",2004,2024,21,49.2706404351681,33.2333606252988,TRUE,"effort collapsed to one series per year (as published)"
"Anchovy",2005,2024,20,47.0623047019934,30.9602406756252,TRUE,"effort collapsed to one series per year (as published)"
"Anchovy",2006,2024,19,44.1697037521168,28.392860347214,TRUE,"effort collapsed to one series per year (as published)"
"Anchovy",2007,2024,18,41.0334302661352,25.7321150849595,TRUE,"effort collapsed to one series per year (as published)"
"Anchovy",2008,2024,17,37.6403368707342,22.9541412981682,TRUE,"effort collapsed to one series per year (as published)"
"Anchovy",2009,2024,16,33.8873346453622,13.7634898933558,TRUE,"effort collapsed to one series per year (as published)"
"Anchovy",2010,2024,15,59.4265419563344,11.2977700679976,TRUE,"effort collapsed to one series per year (as published)"
"Anchovy",2011,2024,14,87.6058400652109,30.9008122483254,TRUE,"effort collapsed to one series per year (as published)"
"Anchovy",2012,2024,13,85.5759347301986,27.7800130556883,TRUE,"effort collapsed to one series per year (as published)"
"Anchovy",2013,2024,12,84.4247546643466,7.06765797006064,TRUE,"effort collapsed to one series per year (as published)"
"Anchovy",2014,2024,11,82.8387309812558,3.64605201969737,TRUE,"effort collapsed to one series per year (as published)"
"Anchovy",2015,2024,10,82.1651310010213,36.3050886848635,TRUE,"effort collapsed to one series per year (as published)"
"Anchovy",2016,2024,9,81.1161466789921,31.7564981941632,TRUE,"effort collapsed to one series per year (as published)"
"Anchovy",2017,2024,8,68.7266118059747,59.873178891344,TRUE,"effort collapsed to one series per year (as published)"
"Demersal",1971,2024,54,54.0741056945275,29.9925814758841,TRUE,"effort collapsed to one series per year (as published)"
"Demersal",1972,2024,53,54.2660633484163,34.1734327033981,TRUE,"effort collapsed to one series per year (as published)"
"Demersal",1973,2024,52,54.2674669867947,31.3665959183673,TRUE,"effort collapsed to one series per year (as published)"
"Demersal",1974,2024,51,54.4280612244898,31.2989121459808,TRUE,"effort collapsed to one series per year (as published)"
"Demersal",1975,2024,50,48.6231726733247,27.8114417863777,TRUE,"effort collapsed to one series per year (as published)"
"Demersal",1976,2024,49,48.5180929793139,27.7394571386419,TRUE,"effort collapsed to one series per year (as published)"
"Demersal",1977,2024,48,48.4778318518816,27.4110523145096,TRUE,"effort collapsed to one series per year (as published)"
"Demersal",1978,2024,47,42.4882886839409,24.1096239728656,TRUE,"effort collapsed to one series per year (as published)"
"Demersal",1979,2024,46,36.1793997052982,20.5500307535689,TRUE,"effort collapsed to one series per year (as published)"
"Demersal",1980,2024,45,35.9329367225527,20.3922779226301,TRUE,"effort collapsed to one series per year (as published)"
"Demersal",1981,2024,44,42.2409235957571,23.7007274335572,TRUE,"effort collapsed to one series per year (as published)"
"Demersal",1982,2024,43,35.3398487294978,19.8741292087626,TRUE,"effort collapsed to one series per year (as published)"
"Demersal",1983,2024,42,28.0698874296435,15.7902749757511,TRUE,"effort collapsed to one series per year (as published)"
"Demersal",1984,2024,41,34.7686079103083,17.4397779928958,TRUE,"effort collapsed to one series per year (as published)"
"Demersal",1985,2024,40,34.2732995087566,17.4618189496003,TRUE,"effort collapsed to one series per year (as published)"
"Demersal",1986,2024,39,41.3271308292645,18.0876681711186,TRUE,"effort collapsed to one series per year (as published)"
"Demersal",1987,2024,38,41.026312026312,17.8362101464416,TRUE,"effort collapsed to one series per year (as published)"
"Demersal",1988,2024,37,48.9699879951981,20.8200290026243,TRUE,"effort collapsed to one series per year (as published)"
"Demersal",1989,2024,36,49.0327146901541,19.9459927515096,TRUE,"effort collapsed to one series per year (as published)"
"Demersal",1990,2024,35,49.0459406903257,19.3287549249812,TRUE,"effort collapsed to one series per year (as published)"
"Demersal",1991,2024,34,49.0321435117302,18.7068908045528,TRUE,"effort collapsed to one series per year (as published)"
"Demersal",1992,2024,33,49.0594432882414,18.0356001656258,TRUE,"effort collapsed to one series per year (as published)"
"Demersal",1993,2024,32,38.9454949944383,21.3394579108687,TRUE,"effort collapsed to one series per year (as published)"
"Demersal",1996,2024,29,75.0394017880915,58.4478317606917,TRUE,"effort collapsed to one series per year (as published)"
"Demersal",1997,2024,28,74.4476783056633,57.4714836412507,TRUE,"effort collapsed to one series per year (as published)"
"Demersal",1998,2024,27,74.6580543479966,70.3187147109219,TRUE,"effort collapsed to one series per year (as published)"
"Demersal",1999,2024,26,74.6649734875701,56.6252326719999,TRUE,"effort collapsed to one series per year (as published)"
"Demersal",2000,2024,25,74.0375820767916,69.1453649156248,TRUE,"effort collapsed to one series per year (as published)"
"Demersal",2001,2024,24,73.2696338040767,68.0044169040587,TRUE,"effort collapsed to one series per year (as published)"
"Demersal",2002,2024,23,72.3869626829695,66.7781179794559,TRUE,"effort collapsed to one series per year (as published)"
"Demersal",2003,2024,22,71.3623370464577,65.5223959248634,TRUE,"effort collapsed to one series per year (as published)"
"Demersal",2004,2024,21,70.421304226217,64.5611396292991,TRUE,"effort collapsed to one series per year (as published)"
"Demersal",2005,2024,20,69.4440565143273,63.6431952596966,TRUE,"effort collapsed to one series per year (as published)"
"Demersal",2006,2024,19,67.835798656243,62.4156366550012,TRUE,"effort collapsed to one series per year (as published)"
"Demersal",2007,2024,18,66.1774265131275,26.7842454344941,TRUE,"effort collapsed to one series per year (as published)"
"Demersal",2008,2024,17,90.2176501680994,33.7065788769552,TRUE,"effort collapsed to one series per year (as published)"
"Demersal",2009,2024,16,61.9070741779467,26.1777429141778,TRUE,"effort collapsed to one series per year (as published)"
"Demersal",2010,2024,15,58.9882057979435,11.6548101144245,TRUE,"effort collapsed to one series per year (as published)"
"Demersal",2011,2024,14,55.4486803636671,9.11297383137123,TRUE,"effort collapsed to one series per year (as published)"
"Demersal",2012,2024,13,53.509880007815,18.5848517449015,TRUE,"effort collapsed to one series per year (as published)"
"Demersal",2013,2024,12,85.8998964684626,45.4523308658076,TRUE,"effort collapsed to one series per year (as published)"
"Demersal",2014,2024,11,83.2672046990349,39.7492542218905,TRUE,"effort collapsed to one series per year (as published)"
"Demersal",2015,2024,10,79.9950118077099,17.3257908703621,TRUE,"effort collapsed to one series per year (as published)"
"Demersal",2016,2024,9,80.9223769840698,13.8390609167991,TRUE,"effort collapsed to one series per year (as published)"
"Demersal",2017,2024,8,47.7392053504577,15.5942129444282,TRUE,"effort collapsed to one series per year (as published)"
"Pelagic",1971,2024,54,44.2417202450926,25.1814200680972,TRUE,"effort collapsed to one series per year (as published)"
"Pelagic",1972,2024,53,44.2389672611126,24.3025176359249,TRUE,"effort collapsed to one series per year (as published)"
"Pelagic",1973,2024,52,43.8311644657863,23.8441534693878,TRUE,"effort collapsed to one series per year (as published)"
"Pelagic",1974,2024,51,37.8584548104956,20.3853824663679,TRUE,"effort collapsed to one series per year (as published)"
"Pelagic",1975,2024,50,37.3781480677377,19.9122998864329,TRUE,"effort collapsed to one series per year (as published)"
"Pelagic",1976,2024,49,42.6438163048399,22.4637740349149,TRUE,"effort collapsed to one series per year (as published)"
"Pelagic",1977,2024,48,42.4906085347705,22.1208196417312,TRUE,"effort collapsed to one series per year (as published)"
"Pelagic",1978,2024,47,42.4283413848631,21.8165483787599,TRUE,"effort collapsed to one series per year (as published)"
"Pelagic",1979,2024,46,41.8628675763982,21.2471351655831,TRUE,"effort collapsed to one series per year (as published)"
"Pelagic",1980,2024,45,41.7179170207834,20.8801077210731,TRUE,"effort collapsed to one series per year (as published)"
"Pelagic",1981,2024,44,41.4191950177689,20.2807889049138,TRUE,"effort collapsed to one series per year (as published)"
"Pelagic",1982,2024,43,41.2632999065182,19.7937627840659,TRUE,"effort collapsed to one series per year (as published)"
"Pelagic",1983,2024,42,41.0544090056285,19.0124842688385,TRUE,"effort collapsed to one series per year (as published)"
"Pelagic",1984,2024,41,40.9297986089484,18.1040455677064,TRUE,"effort collapsed to one series per year (as published)"
"Pelagic",1985,2024,40,40.7258654350067,17.487506015953,TRUE,"effort collapsed to one series per year (as published)"
"Pelagic",1986,2024,39,40.4863327053939,16.9481418165964,TRUE,"effort collapsed to one series per year (as published)"
"Pelagic",1987,2024,38,40.2836407836408,16.4956750337671,TRUE,"effort collapsed to one series per year (as published)"
"Pelagic",1988,2024,37,40.0560224089636,15.9236274858111,TRUE,"effort collapsed to one series per year (as published)"
"Pelagic",1989,2024,36,39.8249224823619,15.4253478051576,TRUE,"effort collapsed to one series per year (as published)"
"Pelagic",1990,2024,35,39.4992201426025,14.6137709023469,TRUE,"effort collapsed to one series per year (as published)"
"Pelagic",1991,2024,34,39.1355846774194,17.113306216479,TRUE,"effort collapsed to one series per year (as published)"
"Pelagic",1992,2024,33,38.6074401664932,16.7348265255156,TRUE,"effort collapsed to one series per year (as published)"
"Pelagic",1993,2024,32,37.7871709306637,23.4069819081352,TRUE,"effort collapsed to one series per year (as published)"
"Pelagic",1996,2024,29,36.9930355019535,17.9219573658181,TRUE,"effort collapsed to one series per year (as published)"
"Pelagic",1997,2024,28,59.3191053007265,37.3416141535723,TRUE,"effort collapsed to one series per year (as published)"
"Pelagic",1998,2024,27,72.1651813897544,42.106680632869,TRUE,"effort collapsed to one series per year (as published)"
"Pelagic",1999,2024,26,54.389363961118,32.315312766906,TRUE,"effort collapsed to one series per year (as published)"
"Pelagic",2000,2024,25,53.0188065767022,38.7692732250682,TRUE,"effort collapsed to one series per year (as published)"
"Pelagic",2001,2024,24,68.269419622456,49.9488013131927,TRUE,"effort collapsed to one series per year (as published)"
"Pelagic",2002,2024,23,67.4897853484255,34.7734295213346,TRUE,"effort collapsed to one series per year (as published)"
"Pelagic",2003,2024,22,66.7202598590395,33.277754247747,TRUE,"effort collapsed to one series per year (as published)"
"Pelagic",2004,2024,21,65.5689989542567,45.3839913752163,TRUE,"effort collapsed to one series per year (as published)"
"Pelagic",2005,2024,20,64.5693638484422,43.9938169074309,TRUE,"effort collapsed to one series per year (as published)"
"Pelagic",2006,2024,19,62.8993214491643,41.864590818777,TRUE,"effort collapsed to one series per year (as published)"
"Pelagic",2007,2024,18,61.2202340444631,39.6054732926904,TRUE,"effort collapsed to one series per year (as published)"
"Pelagic",2008,2024,17,59.5652680450677,37.3177800628038,TRUE,"effort collapsed to one series per year (as published)"
"Pelagic",2009,2024,16,57.7321099634939,13.1637678343762,TRUE,"effort collapsed to one series per year (as published)"
"Pelagic",2010,2024,15,55.8133121219509,5.5151522135414,TRUE,"effort collapsed to one series per year (as published)"
"Pelagic",2011,2024,14,53.3469969440528,19.7358435204173,TRUE,"effort collapsed to one series per year (as published)"
"Pelagic",2012,2024,13,49.093679158199,16.5962245276779,TRUE,"effort collapsed to one series per year (as published)"
"Pelagic",2013,2024,12,45.0805227442034,13.4519174457658,TRUE,"effort collapsed to one series per year (as published)"
"Pelagic",2014,2024,11,37.8801572315985,1.62172827888757,TRUE,"effort collapsed to one series per year (as published)"
"Pelagic",2015,2024,10,30.7125530546757,0,TRUE,"effort collapsed to one series per year (as published)"
"Pelagic",2016,2024,9,0,0,TRUE,"effort collapsed to one series per year (as published)"
"Pelagic",2017,2024,8,22.0163918749575,0,TRUE,"effort collapsed to one series per year (as published)"
