year,species,cpue,source
1972,ANC,16.17089495242375,rv_survey
1973,ANC,13.304131114186529,rv_survey
1974,ANC,14.778466802422816,rv_survey
1975,ANC,12.001289334130506,rv_survey
1976,ANC,14.660724716209504,rv_survey
1977,ANC,12.116471809773966,rv_survey
1978,ANC,13.363002157293186,rv_survey
1979,ANC,13.22734279709089,rv_survey
1980,ANC,12.346836761060883,rv_survey
1981,ANC,9.958720099386484,rv_survey
1982,ANC,10.330923063785692,rv_survey
1983,ANC,9.966072711957942,rv_survey
1984,ANC,12.11615339492146,rv_survey
1985,ANC,11.281094835657951,rv_survey
1986,ANC,9.97973021175898,rv_survey
1987,ANC,7.919398813202289,rv_survey
1988,ANC,6.169287767269189,rv_survey
1989,ANC,4.813293144166062,rv_survey
1991,ANC,5.427880635212803,rv_survey
2003,ANC,4.619813852813851,rv_survey
2004,ANC,3.889292490118572,rv_survey
2005,ANC,3.284314516129031,rv_survey
2006,ANC,3.0604728033472792,rv_survey
2007,ANC,3.4611488372093016,rv_survey
2008,ANC,4.5688346774193525,rv_survey
2009,ANC,6.26608909090909,rv_survey
2010,ANC,4.443626735838689,rv_survey
2011,ANC,2.6398291142673544,rv_survey
2012,ANC,1.6210895000512866,rv_survey
2013,ANC,5.25953372129402,rv_survey
2014,ANC,3.881145234022571,rv_survey
2015,ANC,2.93538333759829,rv_survey
2016,ANC,6.891503458917372,rv_survey
2017,ANC,13.891529698336257,rv_survey
2018,ANC,17.190188776339156,rv_survey
2019,ANC,11.169724519839384,rv_survey
2020,ANC,5.958320968763964,rv_survey
2021,ANC,10.34666461209007,rv_survey
2022,ANC,9.670712896110878,rv_survey
2023,ANC,11.620189588654467,rv_survey
1971,CMA,0.04971053422961269,rv_survey
1972,CMA,0.04732828222500525,rv_survey
1973,CMA,0.03893796069934382,rv_survey
1974,CMA,0.04325298319825541,rv_survey
1975,CMA,0.03512485922027091,rv_survey
1976,CMA,0.04290838070702289,rv_survey
1977,CMA,0.03546197035299838,rv_survey
1978,CMA,0.03911026194496009,rv_survey
1979,CMA,0.03871321994419217,rv_survey
1980,CMA,0.03613619261845331,rv_survey
1981,CMA,0.02914675513323715,rv_survey
1982,CMA,0.03023610281596567,rv_survey
1983,CMA,0.02916827444456141,rv_survey
1984,CMA,0.03546103843005606,rv_survey
1985,CMA,0.03301702483133401,rv_survey
1986,CMA,0.02920824662958724,rv_survey
1987,CMA,0.02317815700283375,rv_survey
1988,CMA,0.0180560070073812,rv_survey
1989,CMA,0.01408734006553113,rv_survey
1991,CMA,0.01588608839169339,rv_survey
2003,CMA,0.00145021645021645,rv_survey
2004,CMA,0.01075098814229249,rv_survey
2005,CMA,0.04241935483870967,rv_survey
2006,CMA,0.02696652719665271,rv_survey
2007,CMA,0.01339534883720929,rv_survey
2008,CMA,0.0139516129032258,rv_survey
2009,CMA,0.01735537190082644,rv_survey
2010,CMA,0.00935341365461847,rv_survey
2011,CMA,0.00293172690763052,rv_survey
1971,DMF,1.6747497608281134,rv_survey
1972,DMF,1.5944916015309247,rv_survey
1973,DMF,1.3118213549496314,rv_survey
1974,DMF,1.457194624620011,rv_survey
1975,DMF,1.183357823244383,rv_survey
1976,DMF,1.4455849537782792,rv_survey
1977,DMF,1.1947151099373816,rv_survey
1978,DMF,1.317626190370497,rv_survey
1979,DMF,1.3042498304876324,rv_survey
1980,DMF,1.2174296833233784,rv_survey
1981,DMF,0.9819552725552118,rv_survey
1982,DMF,1.0186554368037275,rv_survey
1983,DMF,0.9826802589600454,rv_survey
1984,DMF,1.1946837134185362,rv_survey
1985,DMF,1.1123448037014454,rv_survey
1986,DMF,0.9840269233713064,rv_survey
1987,DMF,0.7808729779011012,rv_survey
1988,DMF,0.6083075526295348,rv_survey
1989,DMF,0.4746030146543525,rv_survey
1991,DMF,0.5352029131610898,rv_survey
2003,DMF,0.218073593073593,rv_survey
2004,DMF,0.34598023715415,rv_survey
2005,DMF,0.46099677419354823,rv_survey
2006,DMF,0.7168786610878658,rv_survey
2007,DMF,0.6185069767441858,rv_survey
2008,DMF,0.6899838709677415,rv_survey
2009,DMF,0.5510971900826442,rv_survey
2010,DMF,0.42898203996489354,rv_survey
2011,DMF,0.3355715582423232,rv_survey
2012,DMF,1.1035647590943034,rv_survey
2013,DMF,0.45009393262987313,rv_survey
2014,DMF,0.5441553134091036,rv_survey
2015,DMF,0.5828982109829055,rv_survey
2016,DMF,0.2810601831082906,rv_survey
2017,DMF,0.4091229897537634,rv_survey
2018,DMF,1.055181899380611,rv_survey
2019,DMF,0.5974387098186917,rv_survey
2020,DMF,2.9020302341101365,rv_survey
2021,DMF,0.3833456358538275,rv_survey
2022,DMF,1.0582687169226213,rv_survey
2023,DMF,0.49158609242439266,rv_survey
1971,LPF,12.837852733417394,rv_survey
1972,LPF,12.222631012649396,rv_survey
1973,LPF,10.055812373466518,rv_survey
1974,LPF,11.170176245046283,rv_survey
1975,LPF,9.071070688337873,rv_survey
1976,LPF,11.081181908079843,rv_survey
1977,LPF,9.15813036580504,rv_survey
1978,LPF,10.100309541949738,rv_survey
1979,LPF,9.997772588488406,rv_survey
1980,LPF,9.332249720739378,rv_survey
1981,LPF,7.527212407920071,rv_survey
1982,LPF,7.808538797649906,rv_survey
1983,LPF,7.532769816505329,rv_survey
1984,LPF,9.157889694694225,rv_survey
1985,LPF,8.526717908972948,rv_survey
1986,LPF,7.543092719542827,rv_survey
1987,LPF,5.985809061314631,rv_survey
1988,LPF,4.66300277208102,rv_survey
1989,LPF,3.63808597050091,rv_survey
1991,LPF,4.102616607188298,rv_survey
2003,LPF,4.2929523809523795,rv_survey
2004,LPF,5.040936758893278,rv_survey
2005,LPF,5.613892558651024,rv_survey
2006,LPF,4.4988577405857715,rv_survey
2007,LPF,3.260753488372092,rv_survey
2008,LPF,5.151786290322578,rv_survey
2009,LPF,3.8389900826446266,rv_survey
2010,LPF,3.95987127544066,rv_survey
2011,LPF,3.256608175500181,rv_survey
2012,LPF,3.2112040456180293,rv_survey
2013,LPF,3.2479481672462156,rv_survey
2014,LPF,3.918725295144031,rv_survey
2015,LPF,4.5032520155213644,rv_survey
2016,LPF,4.291889781332916,rv_survey
2017,LPF,4.207916584287845,rv_survey
2018,LPF,3.606002657964865,rv_survey
2019,LPF,4.604601765476088,rv_survey
2020,LPF,3.391696528557638,rv_survey
2021,LPF,4.970937032567688,rv_survey
2022,LPF,3.0040670153152296,rv_survey
2023,LPF,2.971088139469183,rv_survey
1971,MPF,0.35332632132570485,rv_survey
1972,MPF,0.3363940483114808,rv_survey
1973,MPF,0.27675836977081736,rv_survey
1974,MPF,0.3074281473060157,rv_survey
1975,MPF,0.2496560837197481,rv_survey
1976,MPF,0.3049788247945242,rv_survey
1977,MPF,0.25205216008968545,rv_survey
1978,MPF,0.2779830310265632,rv_survey
1979,MPF,0.27516098552419255,rv_survey
1980,MPF,0.2568443128295602,rv_survey
1981,MPF,0.20716566275952547,rv_survey
1982,MPF,0.21490839204916296,rv_survey
1983,MPF,0.2073186150306184,rv_survey
1984,MPF,0.25204553628428744,rv_survey
1985,MPF,0.23467428193168277,rv_survey
1986,MPF,0.2076027243307778,rv_survey
1987,MPF,0.164742807049585,rv_survey
1988,MPF,0.12833622958629903,rv_survey
1989,MPF,0.1001282347847564,rv_survey
1991,MPF,0.11291315329193038,rv_survey
2003,MPF,0.17380519480519468,rv_survey
2004,MPF,0.23283399209486164,rv_survey
2005,MPF,0.11832661290322578,rv_survey
2006,MPF,0.1253849372384937,rv_survey
2007,MPF,0.17824186046511625,rv_survey
2008,MPF,0.1372822580645161,rv_survey
2009,MPF,0.10015289256198344,rv_survey
2010,MPF,0.10226907630522082,rv_survey
2011,MPF,0.09471480375575088,rv_survey
2012,MPF,0.2653379667441039,rv_survey
2013,MPF,0.11337955077709172,rv_survey
2014,MPF,0.05657093837215155,rv_survey
2015,MPF,0.14918956006837605,rv_survey
2016,MPF,0.07872484909507042,rv_survey
2017,MPF,0.11957211972120065,rv_survey
2018,MPF,0.1108619298161498,rv_survey
2019,MPF,0.11601638667606916,rv_survey
2020,MPF,0.05797671431916668,rv_survey
2021,MPF,0.05882532751091702,rv_survey
2022,MPF,0.11967652359302516,rv_survey
2023,MPF,0.06544736842105262,rv_survey
1971,NTU,0.9771614493618556,rv_survey
1972,NTU,0.9303334508773676,rv_survey
1973,NTU,0.7654046511835734,rv_survey
1974,NTU,0.8502251767403818,rv_survey
1975,NTU,0.6904504020370188,rv_survey
1976,NTU,0.8434513153243868,rv_survey
1977,NTU,0.6970770055961444,rv_survey
1978,NTU,0.7687915818915709,rv_survey
1979,NTU,0.7609869154774896,rv_survey
1980,NTU,0.7103302127143958,rv_survey
1981,NTU,0.5729386322551904,rv_survey
1982,NTU,0.5943519720434376,rv_survey
1983,NTU,0.5733616379977109,rv_survey
1984,NTU,0.697058686759159,rv_survey
1985,NTU,0.6490166387828434,rv_survey
1986,NTU,0.57414737242723,rv_survey
1987,NTU,0.4556137213454794,rv_survey
1988,NTU,0.3549274665913786,rv_survey
1989,NTU,0.2769152625176885,rv_survey
1991,NTU,0.3122733118460516,rv_survey
2003,NTU,0.3968874458874457,rv_survey
2004,NTU,0.37725296442687734,rv_survey
2005,NTU,0.2851290322580644,rv_survey
2006,NTU,0.19346443514644343,rv_survey
2007,NTU,0.415720930232558,rv_survey
2008,NTU,0.3748346774193546,rv_survey
2009,NTU,0.2532024793388429,rv_survey
2010,NTU,0.3257202375269699,rv_survey
2011,NTU,0.1701867797868954,rv_survey
2012,NTU,0.2339093444661894,rv_survey
2013,NTU,0.48206645966290834,rv_survey
2014,NTU,0.23426333990365156,rv_survey
2015,NTU,0.23257557306410256,rv_survey
2016,NTU,0.1993840475176056,rv_survey
2017,NTU,0.5005212978763105,rv_survey
2018,NTU,0.515669359008297,rv_survey
2019,NTU,0.347744517636968,rv_survey
2020,NTU,0.3415946700420802,rv_survey
2021,NTU,0.4298561958845015,rv_survey
2022,NTU,0.262905487759869,rv_survey
2023,NTU,0.31066452314777493,rv_survey
1972,SAR,2.401529112001412,rv_survey
1973,SAR,1.9757878753528055,rv_survey
1974,SAR,2.1947405113435177,rv_survey
1975,SAR,1.78230368834018,rv_survey
1976,SAR,2.177254710552593,rv_survey
1977,SAR,1.7994093630269543,rv_survey
1978,SAR,1.984530775748268,rv_survey
1979,SAR,1.9643840922282896,rv_survey
1980,SAR,1.833620712400503,rv_survey
1981,SAR,1.478963057228048,rv_survey
1982,SAR,1.5342386778543475,rv_survey
1983,SAR,1.4800549889480654,rv_survey
1984,SAR,1.7993620754439088,rv_survey
1985,SAR,1.6753480708883544,rv_survey
1986,SAR,1.482083255377712,rv_survey
1987,SAR,1.17610477684812,rv_survey
1988,SAR,0.9161969215062222,rv_survey
1989,SAR,0.7148190402769925,rv_survey
1991,SAR,0.8060910296111038,rv_survey
2003,SAR,0.4684372294372294,rv_survey
2004,SAR,0.6455849802371542,rv_survey
2005,SAR,0.48249596774193537,rv_survey
2006,SAR,0.4339037656903765,rv_survey
2007,SAR,0.4710279069767441,rv_survey
2008,SAR,0.7211129032258063,rv_survey
2009,SAR,0.570784297520661,rv_survey
2010,SAR,0.5156506024096383,rv_survey
2011,SAR,0.8944797573037847,rv_survey
2012,SAR,0.8138371018072605,rv_survey
2013,SAR,0.7238373368960961,rv_survey
2014,SAR,0.7653203032683538,rv_survey
2015,SAR,1.133882127504273,rv_survey
2016,SAR,1.0930731531190845,rv_survey
2017,SAR,1.4374682284505669,rv_survey
2018,SAR,0.9698245108921388,rv_survey
2019,SAR,1.2096015716470407,rv_survey
2020,SAR,1.285029171299113,rv_survey
2021,SAR,1.7757065090593287,rv_survey
2022,SAR,0.9396314451618436,rv_survey
2023,SAR,0.7877984966191535,rv_survey
1971,SCP,4.865921294493222,rv_survey
1972,SCP,4.6327342861918055,rv_survey
1973,SCP,3.811446709784304,rv_survey
1974,SCP,4.233823177651019,rv_survey
1975,SCP,3.438200838006252,rv_survey
1976,SCP,4.200091723619997,rv_survey
1977,SCP,3.471198999558339,rv_survey
1978,SCP,3.8283124367998154,rv_survey
1979,SCP,3.7894479354162462,rv_survey
1980,SCP,3.5371953226625137,rv_survey
1981,SCP,2.853033439815907,rv_survey
1982,SCP,2.9596643615841542,rv_survey
1983,SCP,2.8551398600513425,rv_survey
1984,SCP,3.471107778175184,rv_survey
1985,SCP,3.231875229212385,rv_survey
1986,SCP,2.859052541926902,rv_survey
1987,SCP,2.2687965332710256,rv_survey
1988,SCP,1.7674142986457215,rv_survey
1989,SCP,1.3789408838579995,rv_survey
1991,SCP,1.5550115682581902,rv_survey
2003,SCP,1.085307359307359,rv_survey
2004,SCP,2.5774071146245054,rv_survey
2005,SCP,1.75216129032258,rv_survey
2006,SCP,1.7344225941422589,rv_survey
2007,SCP,1.138623255813953,rv_survey
2008,SCP,1.625983870967741,rv_survey
2009,SCP,1.431698512396694,rv_survey
2010,SCP,1.3683585781004493,rv_survey
2011,SCP,2.0679004632803353,rv_survey
2012,SCP,1.8263510605983355,rv_survey
2013,SCP,1.865489591411553,rv_survey
2014,SCP,1.946835128150035,rv_survey
2015,SCP,1.6336057506538455,rv_survey
2016,SCP,1.394336493954225,rv_survey
2017,SCP,1.7570958168813389,rv_survey
2018,SCP,1.2441045134099813,rv_survey
2019,SCP,1.9560199988394813,rv_survey
2020,SCP,0.951875864518764,rv_survey
2021,SCP,1.439682798305725,rv_survey
2022,SCP,1.3023615838579825,rv_survey
2023,SCP,1.2720672101834425,rv_survey
