year,species,fleet,effort
1972,ANC,AFN,0
1973,ANC,AFN,0
1974,ANC,AFN,0
1975,ANC,AFN,0
1976,ANC,AFN,0
1977,ANC,AFN,0
1978,ANC,AFN,0
1979,ANC,AFN,0
1980,ANC,AFN,0
1981,ANC,AFN,0
1982,ANC,AFN,0
1983,ANC,AFN,0
1984,ANC,AFN,0
1985,ANC,AFN,0
1986,ANC,AFN,0
1987,ANC,AFN,0
1988,ANC,AFN,0
1989,ANC,AFN,0
1990,ANC,AFN,0
1991,ANC,AFN,0
1992,ANC,AFN,0
1993,ANC,AFN,0
1994,ANC,AFN,0
1995,ANC,AFN,0
1996,ANC,AFN,0
1997,ANC,AFN,0
1998,ANC,AFN,0
1999,ANC,AFN,0
2000,ANC,AFN,0
2001,ANC,AFN,0
2002,ANC,AFN,0
2003,ANC,AFN,0
2004,ANC,AFN,0
2005,ANC,AFN,0
2006,ANC,AFN,0
2007,ANC,AFN,0
2008,ANC,AFN,0
2009,ANC,AFN,0
2010,ANC,AFN,0
2011,ANC,AFN,0
2012,ANC,AFN,0
2013,ANC,AFN,0
2014,ANC,AFN,0
2015,ANC,AFN,0
2016,ANC,AFN,96822
2017,ANC,AFN,76939
2018,ANC,AFN,70972
2019,ANC,AFN,69528
2020,ANC,AFN,54416
2021,ANC,AFN,51421
2022,ANC,AFN,48509
2023,ANC,AFN,52355
1972,ANC,APS,5903
1973,ANC,APS,7062
1974,ANC,APS,4416
1975,ANC,APS,6215
1976,ANC,APS,5497
1977,ANC,APS,1832
1978,ANC,APS,2671
1979,ANC,APS,4992
1980,ANC,APS,3191
1981,ANC,APS,3488
1982,ANC,APS,7562
1983,ANC,APS,16827
1984,ANC,APS,29084
1985,ANC,APS,37983
1986,ANC,APS,21954
1987,ANC,APS,14026
1988,ANC,APS,28096
1989,ANC,APS,47911
1990,ANC,APS,65525
1991,ANC,APS,50030
1992,ANC,APS,18665
1993,ANC,APS,23585
1994,ANC,APS,34047
1995,ANC,APS,90078
1996,ANC,APS,97195
1997,ANC,APS,104975
1998,ANC,APS,79395
1999,ANC,APS,53406
2000,ANC,APS,53683
2001,ANC,APS,45614
2002,ANC,APS,54845
2003,ANC,APS,73828
2004,ANC,APS,54770
2005,ANC,APS,63519
2006,ANC,APS,60607
2007,ANC,APS,53068
2008,ANC,APS,53458
2009,ANC,APS,52323
2010,ANC,APS,50707
2011,ANC,APS,50603
2012,ANC,APS,34682
2013,ANC,APS,28798
2014,ANC,APS,33097
2015,ANC,APS,28287
2016,ANC,APS,32502
2017,ANC,APS,22055
2018,ANC,APS,14922
2019,ANC,APS,16134
2020,ANC,APS,12680
2021,ANC,APS,11275
2022,ANC,APS,11833
2023,ANC,APS,13114
1972,ANC,GN,0
1973,ANC,GN,0
1974,ANC,GN,0
1975,ANC,GN,0
1976,ANC,GN,0
1977,ANC,GN,0
1978,ANC,GN,0
1979,ANC,GN,0
1980,ANC,GN,0
1981,ANC,GN,0
1982,ANC,GN,0
1983,ANC,GN,0
1984,ANC,GN,0
1985,ANC,GN,0
1986,ANC,GN,0
1987,ANC,GN,0
1988,ANC,GN,0
1989,ANC,GN,0
1990,ANC,GN,0
1991,ANC,GN,0
1992,ANC,GN,0
1993,ANC,GN,0
1994,ANC,GN,0
1995,ANC,GN,0
1996,ANC,GN,0
1997,ANC,GN,0
1998,ANC,GN,0
1999,ANC,GN,0
2000,ANC,GN,0
2001,ANC,GN,0
2002,ANC,GN,0
2003,ANC,GN,0
2004,ANC,GN,0
2005,ANC,GN,0
2006,ANC,GN,0
2007,ANC,GN,0
2008,ANC,GN,0
2009,ANC,GN,0
2010,ANC,GN,0
2011,ANC,GN,0
2012,ANC,GN,0
2013,ANC,GN,0
2014,ANC,GN,0
2015,ANC,GN,0
2016,ANC,GN,0
2017,ANC,GN,0
2018,ANC,GN,0
2019,ANC,GN,0
2020,ANC,GN,0
2021,ANC,GN,0
2022,ANC,GN,0
2023,ANC,GN,0
1972,ANC,OBT,0
1973,ANC,OBT,0
1974,ANC,OBT,0
1975,ANC,OBT,0
1976,ANC,OBT,0
1977,ANC,OBT,0
1978,ANC,OBT,0
1979,ANC,OBT,0
1980,ANC,OBT,0
1981,ANC,OBT,0
1982,ANC,OBT,0
1983,ANC,OBT,0
1984,ANC,OBT,0
1985,ANC,OBT,0
1986,ANC,OBT,0
1987,ANC,OBT,0
1988,ANC,OBT,0
1989,ANC,OBT,0
1990,ANC,OBT,0
1991,ANC,OBT,0
1992,ANC,OBT,0
1993,ANC,OBT,0
1994,ANC,OBT,0
1995,ANC,OBT,0
1996,ANC,OBT,0
1997,ANC,OBT,0
1998,ANC,OBT,0
1999,ANC,OBT,0
2000,ANC,OBT,0
2001,ANC,OBT,0
2002,ANC,OBT,0
2003,ANC,OBT,0
2004,ANC,OBT,0
2005,ANC,OBT,0
2006,ANC,OBT,0
2007,ANC,OBT,0
2008,ANC,OBT,0
2009,ANC,OBT,0
2010,ANC,OBT,0
2011,ANC,OBT,0
2012,ANC,OBT,0
2013,ANC,OBT,0
2014,ANC,OBT,0
2015,ANC,OBT,0
2016,ANC,OBT,0
2017,ANC,OBT,0
2018,ANC,OBT,0
2019,ANC,OBT,0
2020,ANC,OBT,0
2021,ANC,OBT,0
2022,ANC,OBT,0
2023,ANC,OBT,0
1972,ANC,PS,0
1973,ANC,PS,0
1974,ANC,PS,0
1975,ANC,PS,0
1976,ANC,PS,0
1977,ANC,PS,0
1978,ANC,PS,0
1979,ANC,PS,0
1980,ANC,PS,0
1981,ANC,PS,0
1982,ANC,PS,0
1983,ANC,PS,0
1984,ANC,PS,0
1985,ANC,PS,0
1986,ANC,PS,0
1987,ANC,PS,0
1988,ANC,PS,0
1989,ANC,PS,0
1990,ANC,PS,0
1991,ANC,PS,0
1992,ANC,PS,0
1993,ANC,PS,0
1994,ANC,PS,0
1995,ANC,PS,0
1996,ANC,PS,0
1997,ANC,PS,0
1998,ANC,PS,0
1999,ANC,PS,0
2000,ANC,PS,0
2001,ANC,PS,0
2002,ANC,PS,0
2003,ANC,PS,0
2004,ANC,PS,0
2005,ANC,PS,0
2006,ANC,PS,0
2007,ANC,PS,0
2008,ANC,PS,0
2009,ANC,PS,0
2010,ANC,PS,0
2011,ANC,PS,0
2012,ANC,PS,0
2013,ANC,PS,0
2014,ANC,PS,0
2015,ANC,PS,0
2016,ANC,PS,0
2017,ANC,PS,0
2018,ANC,PS,0
2019,ANC,PS,0
2020,ANC,PS,0
2021,ANC,PS,0
2022,ANC,PS,0
2023,ANC,PS,0
1972,ANC,PT,0
1973,ANC,PT,0
1974,ANC,PT,0
1975,ANC,PT,79254
1976,ANC,PT,115950
1977,ANC,PT,140004
1978,ANC,PT,116462
1979,ANC,PT,118947
1980,ANC,PT,103254
1981,ANC,PT,100313
1982,ANC,PT,94328
1983,ANC,PT,102851
1984,ANC,PT,102430
1985,ANC,PT,99033
1986,ANC,PT,131382
1987,ANC,PT,143219
1988,ANC,PT,142183
1989,ANC,PT,136626
1990,ANC,PT,132979
1991,ANC,PT,105148
1992,ANC,PT,0
1993,ANC,PT,99602
1994,ANC,PT,99280
1995,ANC,PT,130005
1996,ANC,PT,117611
1997,ANC,PT,109775
1998,ANC,PT,95596
1999,ANC,PT,92361
2000,ANC,PT,87121
2001,ANC,PT,141923
2002,ANC,PT,141476
2003,ANC,PT,150630
2004,ANC,PT,135802
2005,ANC,PT,127763
2006,ANC,PT,110453
2007,ANC,PT,103916
2008,ANC,PT,103748
2009,ANC,PT,111785
2010,ANC,PT,99935
2011,ANC,PT,87738
2012,ANC,PT,0
2013,ANC,PT,79373
2014,ANC,PT,0
2015,ANC,PT,79237
2016,ANC,PT,57909
2017,ANC,PT,115778
2018,ANC,PT,121924
2019,ANC,PT,119135
2020,ANC,PT,113581
2021,ANC,PT,110570
2022,ANC,PT,108445
2023,ANC,PT,113504
1971,CMA,AFN,0
1972,CMA,AFN,0
1973,CMA,AFN,0
1974,CMA,AFN,0
1975,CMA,AFN,0
1976,CMA,AFN,0
1977,CMA,AFN,0
1978,CMA,AFN,0
1979,CMA,AFN,0
1980,CMA,AFN,0
1981,CMA,AFN,0
1982,CMA,AFN,0
1983,CMA,AFN,0
1984,CMA,AFN,0
1985,CMA,AFN,0
1986,CMA,AFN,0
1987,CMA,AFN,0
1988,CMA,AFN,0
1989,CMA,AFN,0
1990,CMA,AFN,0
1991,CMA,AFN,0
1992,CMA,AFN,0
1993,CMA,AFN,0
1994,CMA,AFN,0
1995,CMA,AFN,0
1996,CMA,AFN,0
1997,CMA,AFN,0
1998,CMA,AFN,0
1999,CMA,AFN,0
2000,CMA,AFN,0
2001,CMA,AFN,0
2002,CMA,AFN,0
2003,CMA,AFN,0
2004,CMA,AFN,0
2005,CMA,AFN,0
2006,CMA,AFN,0
2007,CMA,AFN,0
2008,CMA,AFN,0
2009,CMA,AFN,0
2010,CMA,AFN,0
2011,CMA,AFN,0
2012,CMA,AFN,0
2013,CMA,AFN,0
2014,CMA,AFN,0
2015,CMA,AFN,0
2016,CMA,AFN,0
2017,CMA,AFN,0
2018,CMA,AFN,0
2019,CMA,AFN,0
2020,CMA,AFN,0
2021,CMA,AFN,0
2022,CMA,AFN,0
2023,CMA,AFN,0
1971,CMA,APS,0
1972,CMA,APS,0
1973,CMA,APS,0
1974,CMA,APS,0
1975,CMA,APS,0
1976,CMA,APS,0
1977,CMA,APS,0
1978,CMA,APS,0
1979,CMA,APS,0
1980,CMA,APS,0
1981,CMA,APS,0
1982,CMA,APS,0
1983,CMA,APS,0
1984,CMA,APS,0
1985,CMA,APS,0
1986,CMA,APS,0
1987,CMA,APS,0
1988,CMA,APS,0
1989,CMA,APS,0
1990,CMA,APS,0
1991,CMA,APS,0
1992,CMA,APS,0
1993,CMA,APS,0
1994,CMA,APS,0
1995,CMA,APS,0
1996,CMA,APS,0
1997,CMA,APS,0
1998,CMA,APS,0
1999,CMA,APS,0
2000,CMA,APS,0
2001,CMA,APS,0
2002,CMA,APS,0
2003,CMA,APS,0
2004,CMA,APS,0
2005,CMA,APS,0
2006,CMA,APS,0
2007,CMA,APS,0
2008,CMA,APS,0
2009,CMA,APS,0
2010,CMA,APS,0
2011,CMA,APS,0
2012,CMA,APS,0
2013,CMA,APS,0
2014,CMA,APS,0
2015,CMA,APS,0
2016,CMA,APS,0
2017,CMA,APS,0
2018,CMA,APS,0
2019,CMA,APS,0
2020,CMA,APS,0
2021,CMA,APS,0
2022,CMA,APS,0
2023,CMA,APS,0
1971,CMA,GN,0
1972,CMA,GN,47555
1973,CMA,GN,54786
1974,CMA,GN,41771
1975,CMA,GN,55246
1976,CMA,GN,55921
1977,CMA,GN,96343
1978,CMA,GN,110560
1979,CMA,GN,102559
1980,CMA,GN,67397
1981,CMA,GN,66189
1982,CMA,GN,64362
1983,CMA,GN,76178
1984,CMA,GN,103784
1985,CMA,GN,83339
1986,CMA,GN,90457
1987,CMA,GN,87038
1988,CMA,GN,100209
1989,CMA,GN,67899
1990,CMA,GN,77461
1991,CMA,GN,38336
1992,CMA,GN,43393
1993,CMA,GN,57591
1994,CMA,GN,40981
1995,CMA,GN,62461
1996,CMA,GN,59759
1997,CMA,GN,56898
1998,CMA,GN,51220
1999,CMA,GN,43493
2000,CMA,GN,31211
2001,CMA,GN,28483
2002,CMA,GN,44203
2003,CMA,GN,47441
2004,CMA,GN,58517
2005,CMA,GN,39774
2006,CMA,GN,34341
2007,CMA,GN,33840
2008,CMA,GN,34355
2009,CMA,GN,36228
2010,CMA,GN,45635
2011,CMA,GN,34056
2012,CMA,GN,26520
2013,CMA,GN,26332
2014,CMA,GN,34249
2015,CMA,GN,36021
2016,CMA,GN,87979
2017,CMA,GN,110042
2018,CMA,GN,83039
2019,CMA,GN,89103
2020,CMA,GN,44328
2021,CMA,GN,51626
2022,CMA,GN,50458
2023,CMA,GN,52119
1971,CMA,OBT,0
1972,CMA,OBT,0
1973,CMA,OBT,0
1974,CMA,OBT,0
1975,CMA,OBT,0
1976,CMA,OBT,0
1977,CMA,OBT,0
1978,CMA,OBT,0
1979,CMA,OBT,0
1980,CMA,OBT,0
1981,CMA,OBT,0
1982,CMA,OBT,0
1983,CMA,OBT,0
1984,CMA,OBT,0
1985,CMA,OBT,0
1986,CMA,OBT,0
1987,CMA,OBT,0
1988,CMA,OBT,0
1989,CMA,OBT,0
1990,CMA,OBT,0
1991,CMA,OBT,0
1992,CMA,OBT,0
1993,CMA,OBT,0
1994,CMA,OBT,0
1995,CMA,OBT,0
1996,CMA,OBT,0
1997,CMA,OBT,0
1998,CMA,OBT,0
1999,CMA,OBT,0
2000,CMA,OBT,0
2001,CMA,OBT,0
2002,CMA,OBT,0
2003,CMA,OBT,0
2004,CMA,OBT,0
2005,CMA,OBT,0
2006,CMA,OBT,0
2007,CMA,OBT,0
2008,CMA,OBT,0
2009,CMA,OBT,0
2010,CMA,OBT,0
2011,CMA,OBT,0
2012,CMA,OBT,0
2013,CMA,OBT,0
2014,CMA,OBT,0
2015,CMA,OBT,0
2016,CMA,OBT,0
2017,CMA,OBT,0
2018,CMA,OBT,0
2019,CMA,OBT,0
2020,CMA,OBT,0
2021,CMA,OBT,0
2022,CMA,OBT,0
2023,CMA,OBT,0
1971,CMA,PS,58514
1972,CMA,PS,42928
1973,CMA,PS,51217
1974,CMA,PS,70240
1975,CMA,PS,99659
1976,CMA,PS,117427
1977,CMA,PS,149221
1978,CMA,PS,107135
1979,CMA,PS,116429
1980,CMA,PS,114208
1981,CMA,PS,126414
1982,CMA,PS,121609
1983,CMA,PS,118691
1984,CMA,PS,147566
1985,CMA,PS,120500
1986,CMA,PS,152897
1987,CMA,PS,144495
1988,CMA,PS,189314
1989,CMA,PS,137030
1990,CMA,PS,189054
1991,CMA,PS,89859
1992,CMA,PS,113717
1993,CMA,PS,111605
1994,CMA,PS,111443
1995,CMA,PS,115262
1996,CMA,PS,68458
1997,CMA,PS,70856
1998,CMA,PS,81504
1999,CMA,PS,105324
2000,CMA,PS,77662
2001,CMA,PS,83718
2002,CMA,PS,95304
2003,CMA,PS,104994
2004,CMA,PS,107758
2005,CMA,PS,99309
2006,CMA,PS,93999
2007,CMA,PS,96076
2008,CMA,PS,95282
2009,CMA,PS,95940
2010,CMA,PS,97184
2011,CMA,PS,103252
2012,CMA,PS,101149
2013,CMA,PS,108670
2014,CMA,PS,111467
2015,CMA,PS,192586
2016,CMA,PS,125340
2017,CMA,PS,84992
2018,CMA,PS,84143
2019,CMA,PS,86225
2020,CMA,PS,75184
2021,CMA,PS,65725
2022,CMA,PS,66670
2023,CMA,PS,75226
1971,CMA,PT,0
1972,CMA,PT,104152
1973,CMA,PT,114484
1974,CMA,PT,101185
1975,CMA,PT,79254
1976,CMA,PT,115950
1977,CMA,PT,140004
1978,CMA,PT,116462
1979,CMA,PT,118947
1980,CMA,PT,103254
1981,CMA,PT,100313
1982,CMA,PT,94328
1983,CMA,PT,102851
1984,CMA,PT,102430
1985,CMA,PT,99033
1986,CMA,PT,131382
1987,CMA,PT,143219
1988,CMA,PT,142183
1989,CMA,PT,136626
1990,CMA,PT,132979
1991,CMA,PT,105148
1992,CMA,PT,101656
1993,CMA,PT,99602
1994,CMA,PT,99280
1995,CMA,PT,130005
1996,CMA,PT,117611
1997,CMA,PT,109775
1998,CMA,PT,95596
1999,CMA,PT,92361
2000,CMA,PT,87121
2001,CMA,PT,141923
2002,CMA,PT,141476
2003,CMA,PT,150630
2004,CMA,PT,135802
2005,CMA,PT,127763
2006,CMA,PT,110453
2007,CMA,PT,103916
2008,CMA,PT,103748
2009,CMA,PT,111785
2010,CMA,PT,99935
2011,CMA,PT,87738
2012,CMA,PT,68417
2013,CMA,PT,79373
2014,CMA,PT,74864
2015,CMA,PT,79237
2016,CMA,PT,57909
2017,CMA,PT,115778
2018,CMA,PT,121924
2019,CMA,PT,119135
2020,CMA,PT,113581
2021,CMA,PT,110570
2022,CMA,PT,108445
2023,CMA,PT,113504
1971,DMF,AFN,0
1972,DMF,AFN,0
1973,DMF,AFN,0
1974,DMF,AFN,0
1975,DMF,AFN,0
1976,DMF,AFN,0
1977,DMF,AFN,0
1978,DMF,AFN,0
1979,DMF,AFN,0
1980,DMF,AFN,0
1981,DMF,AFN,0
1982,DMF,AFN,0
1983,DMF,AFN,0
1984,DMF,AFN,0
1985,DMF,AFN,0
1986,DMF,AFN,0
1987,DMF,AFN,0
1988,DMF,AFN,0
1989,DMF,AFN,0
1990,DMF,AFN,0
1991,DMF,AFN,0
1992,DMF,AFN,0
1993,DMF,AFN,0
1994,DMF,AFN,0
1995,DMF,AFN,0
1996,DMF,AFN,0
1997,DMF,AFN,0
1998,DMF,AFN,0
1999,DMF,AFN,0
2000,DMF,AFN,0
2001,DMF,AFN,0
2002,DMF,AFN,0
2003,DMF,AFN,0
2004,DMF,AFN,0
2005,DMF,AFN,0
2006,DMF,AFN,0
2007,DMF,AFN,0
2008,DMF,AFN,0
2009,DMF,AFN,0
2010,DMF,AFN,0
2011,DMF,AFN,0
2012,DMF,AFN,0
2013,DMF,AFN,0
2014,DMF,AFN,0
2015,DMF,AFN,0
2016,DMF,AFN,0
2017,DMF,AFN,0
2018,DMF,AFN,0
2019,DMF,AFN,0
2020,DMF,AFN,0
2021,DMF,AFN,0
2022,DMF,AFN,0
2023,DMF,AFN,0
1971,DMF,APS,0
1972,DMF,APS,0
1973,DMF,APS,0
1974,DMF,APS,0
1975,DMF,APS,0
1976,DMF,APS,0
1977,DMF,APS,0
1978,DMF,APS,0
1979,DMF,APS,0
1980,DMF,APS,0
1981,DMF,APS,0
1982,DMF,APS,0
1983,DMF,APS,0
1984,DMF,APS,0
1985,DMF,APS,0
1986,DMF,APS,0
1987,DMF,APS,0
1988,DMF,APS,0
1989,DMF,APS,0
1990,DMF,APS,0
1991,DMF,APS,0
1992,DMF,APS,0
1993,DMF,APS,0
1994,DMF,APS,0
1995,DMF,APS,0
1996,DMF,APS,0
1997,DMF,APS,0
1998,DMF,APS,0
1999,DMF,APS,0
2000,DMF,APS,0
2001,DMF,APS,0
2002,DMF,APS,0
2003,DMF,APS,0
2004,DMF,APS,0
2005,DMF,APS,0
2006,DMF,APS,0
2007,DMF,APS,0
2008,DMF,APS,0
2009,DMF,APS,0
2010,DMF,APS,0
2011,DMF,APS,0
2012,DMF,APS,0
2013,DMF,APS,0
2014,DMF,APS,0
2015,DMF,APS,0
2016,DMF,APS,0
2017,DMF,APS,0
2018,DMF,APS,0
2019,DMF,APS,0
2020,DMF,APS,0
2021,DMF,APS,0
2022,DMF,APS,0
2023,DMF,APS,0
1971,DMF,GN,0
1972,DMF,GN,0
1973,DMF,GN,0
1974,DMF,GN,0
1975,DMF,GN,0
1976,DMF,GN,55921
1977,DMF,GN,0
1978,DMF,GN,0
1979,DMF,GN,0
1980,DMF,GN,67397
1981,DMF,GN,66189
1982,DMF,GN,0
1983,DMF,GN,76178
1984,DMF,GN,0
1985,DMF,GN,83339
1986,DMF,GN,90457
1987,DMF,GN,87038
1988,DMF,GN,100209
1989,DMF,GN,67899
1990,DMF,GN,77461
1991,DMF,GN,38336
1992,DMF,GN,43393
1993,DMF,GN,57591
1994,DMF,GN,40981
1995,DMF,GN,62461
1996,DMF,GN,59759
1997,DMF,GN,56898
1998,DMF,GN,51220
1999,DMF,GN,43493
2000,DMF,GN,31211
2001,DMF,GN,28483
2002,DMF,GN,44203
2003,DMF,GN,47441
2004,DMF,GN,58517
2005,DMF,GN,0
2006,DMF,GN,34341
2007,DMF,GN,33840
2008,DMF,GN,34355
2009,DMF,GN,36228
2010,DMF,GN,45635
2011,DMF,GN,34056
2012,DMF,GN,26520
2013,DMF,GN,26332
2014,DMF,GN,34249
2015,DMF,GN,36021
2016,DMF,GN,87979
2017,DMF,GN,110042
2018,DMF,GN,83039
2019,DMF,GN,89103
2020,DMF,GN,44328
2021,DMF,GN,51626
2022,DMF,GN,50458
2023,DMF,GN,52119
1971,DMF,OBT,478346
1972,DMF,OBT,681718
1973,DMF,OBT,971178
1974,DMF,OBT,718082
1975,DMF,OBT,749496
1976,DMF,OBT,856857
1977,DMF,OBT,1045733
1978,DMF,OBT,1028547
1979,DMF,OBT,996266
1980,DMF,OBT,849070
1981,DMF,OBT,853855
1982,DMF,OBT,944470
1983,DMF,OBT,959229
1984,DMF,OBT,892093
1985,DMF,OBT,920588
1986,DMF,OBT,1069252
1987,DMF,OBT,1086956
1988,DMF,OBT,1002938
1989,DMF,OBT,935008
1990,DMF,OBT,948973
1991,DMF,OBT,881969
1992,DMF,OBT,770569
1993,DMF,OBT,807763
1994,DMF,OBT,902828
1995,DMF,OBT,824970
1996,DMF,OBT,777851
1997,DMF,OBT,779825
1998,DMF,OBT,929503
1999,DMF,OBT,839174
2000,DMF,OBT,754455
2001,DMF,OBT,633853
2002,DMF,OBT,617551
2003,DMF,OBT,621338
2004,DMF,OBT,566735
2005,DMF,OBT,543798
2006,DMF,OBT,512571
2007,DMF,OBT,465597
2008,DMF,OBT,456816
2009,DMF,OBT,481122
2010,DMF,OBT,506886
2011,DMF,OBT,398799
2012,DMF,OBT,359652
2013,DMF,OBT,358999
2014,DMF,OBT,336472
2015,DMF,OBT,301616
2016,DMF,OBT,341810
2017,DMF,OBT,316463
2018,DMF,OBT,313218
2019,DMF,OBT,300588
2020,DMF,OBT,256052
2021,DMF,OBT,225432
2022,DMF,OBT,196076
2023,DMF,OBT,196388
1971,DMF,PS,0
1972,DMF,PS,0
1973,DMF,PS,0
1974,DMF,PS,0
1975,DMF,PS,0
1976,DMF,PS,0
1977,DMF,PS,0
1978,DMF,PS,0
1979,DMF,PS,0
1980,DMF,PS,0
1981,DMF,PS,0
1982,DMF,PS,0
1983,DMF,PS,0
1984,DMF,PS,0
1985,DMF,PS,0
1986,DMF,PS,0
1987,DMF,PS,0
1988,DMF,PS,0
1989,DMF,PS,0
1990,DMF,PS,0
1991,DMF,PS,0
1992,DMF,PS,0
1993,DMF,PS,0
1994,DMF,PS,0
1995,DMF,PS,0
1996,DMF,PS,0
1997,DMF,PS,0
1998,DMF,PS,0
1999,DMF,PS,0
2000,DMF,PS,0
2001,DMF,PS,0
2002,DMF,PS,0
2003,DMF,PS,0
2004,DMF,PS,0
2005,DMF,PS,0
2006,DMF,PS,0
2007,DMF,PS,0
2008,DMF,PS,0
2009,DMF,PS,0
2010,DMF,PS,0
2011,DMF,PS,0
2012,DMF,PS,0
2013,DMF,PS,0
2014,DMF,PS,0
2015,DMF,PS,0
2016,DMF,PS,0
2017,DMF,PS,0
2018,DMF,PS,0
2019,DMF,PS,0
2020,DMF,PS,0
2021,DMF,PS,0
2022,DMF,PS,0
2023,DMF,PS,0
1971,DMF,PT,74615
1972,DMF,PT,104152
1973,DMF,PT,114484
1974,DMF,PT,101185
1975,DMF,PT,79254
1976,DMF,PT,115950
1977,DMF,PT,140004
1978,DMF,PT,116462
1979,DMF,PT,118947
1980,DMF,PT,103254
1981,DMF,PT,100313
1982,DMF,PT,94328
1983,DMF,PT,102851
1984,DMF,PT,102430
1985,DMF,PT,99033
1986,DMF,PT,131382
1987,DMF,PT,143219
1988,DMF,PT,142183
1989,DMF,PT,136626
1990,DMF,PT,132979
1991,DMF,PT,105148
1992,DMF,PT,101656
1993,DMF,PT,99602
1994,DMF,PT,99280
1995,DMF,PT,130005
1996,DMF,PT,117611
1997,DMF,PT,109775
1998,DMF,PT,95596
1999,DMF,PT,92361
2000,DMF,PT,87121
2001,DMF,PT,141923
2002,DMF,PT,141476
2003,DMF,PT,150630
2004,DMF,PT,135802
2005,DMF,PT,127763
2006,DMF,PT,110453
2007,DMF,PT,103916
2008,DMF,PT,103748
2009,DMF,PT,111785
2010,DMF,PT,99935
2011,DMF,PT,87738
2012,DMF,PT,68417
2013,DMF,PT,79373
2014,DMF,PT,74864
2015,DMF,PT,79237
2016,DMF,PT,57909
2017,DMF,PT,115778
2018,DMF,PT,121924
2019,DMF,PT,119135
2020,DMF,PT,113581
2021,DMF,PT,110570
2022,DMF,PT,108445
2023,DMF,PT,113504
1971,LPF,AFN,0
1972,LPF,AFN,0
1973,LPF,AFN,0
1974,LPF,AFN,0
1975,LPF,AFN,0
1976,LPF,AFN,0
1977,LPF,AFN,0
1978,LPF,AFN,0
1979,LPF,AFN,0
1980,LPF,AFN,0
1981,LPF,AFN,0
1982,LPF,AFN,0
1983,LPF,AFN,0
1984,LPF,AFN,0
1985,LPF,AFN,0
1986,LPF,AFN,0
1987,LPF,AFN,0
1988,LPF,AFN,0
1989,LPF,AFN,0
1990,LPF,AFN,0
1991,LPF,AFN,0
1992,LPF,AFN,0
1993,LPF,AFN,0
1994,LPF,AFN,0
1995,LPF,AFN,0
1996,LPF,AFN,0
1997,LPF,AFN,0
1998,LPF,AFN,0
1999,LPF,AFN,0
2000,LPF,AFN,0
2001,LPF,AFN,0
2002,LPF,AFN,0
2003,LPF,AFN,0
2004,LPF,AFN,0
2005,LPF,AFN,0
2006,LPF,AFN,0
2007,LPF,AFN,0
2008,LPF,AFN,0
2009,LPF,AFN,0
2010,LPF,AFN,0
2011,LPF,AFN,0
2012,LPF,AFN,0
2013,LPF,AFN,0
2014,LPF,AFN,0
2015,LPF,AFN,0
2016,LPF,AFN,0
2017,LPF,AFN,0
2018,LPF,AFN,0
2019,LPF,AFN,0
2020,LPF,AFN,0
2021,LPF,AFN,0
2022,LPF,AFN,0
2023,LPF,AFN,0
1971,LPF,APS,0
1972,LPF,APS,0
1973,LPF,APS,0
1974,LPF,APS,0
1975,LPF,APS,0
1976,LPF,APS,0
1977,LPF,APS,0
1978,LPF,APS,0
1979,LPF,APS,0
1980,LPF,APS,0
1981,LPF,APS,0
1982,LPF,APS,0
1983,LPF,APS,0
1984,LPF,APS,0
1985,LPF,APS,0
1986,LPF,APS,0
1987,LPF,APS,0
1988,LPF,APS,0
1989,LPF,APS,0
1990,LPF,APS,0
1991,LPF,APS,0
1992,LPF,APS,0
1993,LPF,APS,0
1994,LPF,APS,0
1995,LPF,APS,0
1996,LPF,APS,0
1997,LPF,APS,0
1998,LPF,APS,0
1999,LPF,APS,0
2000,LPF,APS,0
2001,LPF,APS,0
2002,LPF,APS,0
2003,LPF,APS,0
2004,LPF,APS,0
2005,LPF,APS,0
2006,LPF,APS,0
2007,LPF,APS,0
2008,LPF,APS,0
2009,LPF,APS,0
2010,LPF,APS,0
2011,LPF,APS,0
2012,LPF,APS,0
2013,LPF,APS,0
2014,LPF,APS,0
2015,LPF,APS,0
2016,LPF,APS,0
2017,LPF,APS,0
2018,LPF,APS,0
2019,LPF,APS,0
2020,LPF,APS,0
2021,LPF,APS,0
2022,LPF,APS,0
2023,LPF,APS,0
1971,LPF,GN,0
1972,LPF,GN,0
1973,LPF,GN,0
1974,LPF,GN,0
1975,LPF,GN,0
1976,LPF,GN,0
1977,LPF,GN,0
1978,LPF,GN,0
1979,LPF,GN,0
1980,LPF,GN,0
1981,LPF,GN,0
1982,LPF,GN,0
1983,LPF,GN,0
1984,LPF,GN,0
1985,LPF,GN,0
1986,LPF,GN,0
1987,LPF,GN,0
1988,LPF,GN,0
1989,LPF,GN,0
1990,LPF,GN,0
1991,LPF,GN,0
1992,LPF,GN,0
1993,LPF,GN,0
1994,LPF,GN,0
1995,LPF,GN,0
1996,LPF,GN,0
1997,LPF,GN,0
1998,LPF,GN,0
1999,LPF,GN,0
2000,LPF,GN,0
2001,LPF,GN,0
2002,LPF,GN,0
2003,LPF,GN,0
2004,LPF,GN,0
2005,LPF,GN,0
2006,LPF,GN,0
2007,LPF,GN,0
2008,LPF,GN,0
2009,LPF,GN,0
2010,LPF,GN,0
2011,LPF,GN,0
2012,LPF,GN,0
2013,LPF,GN,0
2014,LPF,GN,0
2015,LPF,GN,0
2016,LPF,GN,0
2017,LPF,GN,0
2018,LPF,GN,0
2019,LPF,GN,0
2020,LPF,GN,0
2021,LPF,GN,0
2022,LPF,GN,0
2023,LPF,GN,0
1971,LPF,OBT,478346
1972,LPF,OBT,681718
1973,LPF,OBT,971178
1974,LPF,OBT,718082
1975,LPF,OBT,749496
1976,LPF,OBT,856857
1977,LPF,OBT,1045733
1978,LPF,OBT,1028547
1979,LPF,OBT,996266
1980,LPF,OBT,849070
1981,LPF,OBT,853855
1982,LPF,OBT,944470
1983,LPF,OBT,959229
1984,LPF,OBT,892093
1985,LPF,OBT,920588
1986,LPF,OBT,1069252
1987,LPF,OBT,1086956
1988,LPF,OBT,1002938
1989,LPF,OBT,935008
1990,LPF,OBT,948973
1991,LPF,OBT,881969
1992,LPF,OBT,770569
1993,LPF,OBT,807763
1994,LPF,OBT,902828
1995,LPF,OBT,824970
1996,LPF,OBT,777851
1997,LPF,OBT,779825
1998,LPF,OBT,929503
1999,LPF,OBT,839174
2000,LPF,OBT,754455
2001,LPF,OBT,633853
2002,LPF,OBT,617551
2003,LPF,OBT,621338
2004,LPF,OBT,566735
2005,LPF,OBT,543798
2006,LPF,OBT,512571
2007,LPF,OBT,465597
2008,LPF,OBT,456816
2009,LPF,OBT,481122
2010,LPF,OBT,506886
2011,LPF,OBT,398799
2012,LPF,OBT,359652
2013,LPF,OBT,358999
2014,LPF,OBT,336472
2015,LPF,OBT,301616
2016,LPF,OBT,341810
2017,LPF,OBT,316463
2018,LPF,OBT,313218
2019,LPF,OBT,300588
2020,LPF,OBT,256052
2021,LPF,OBT,225432
2022,LPF,OBT,196076
2023,LPF,OBT,196388
1971,LPF,PS,58514
1972,LPF,PS,42928
1973,LPF,PS,51217
1974,LPF,PS,70240
1975,LPF,PS,99659
1976,LPF,PS,117427
1977,LPF,PS,149221
1978,LPF,PS,107135
1979,LPF,PS,116429
1980,LPF,PS,114208
1981,LPF,PS,126414
1982,LPF,PS,121609
1983,LPF,PS,118691
1984,LPF,PS,147566
1985,LPF,PS,120500
1986,LPF,PS,152897
1987,LPF,PS,144495
1988,LPF,PS,189314
1989,LPF,PS,137030
1990,LPF,PS,189054
1991,LPF,PS,89859
1992,LPF,PS,113717
1993,LPF,PS,111605
1994,LPF,PS,111443
1995,LPF,PS,115262
1996,LPF,PS,68458
1997,LPF,PS,70856
1998,LPF,PS,81504
1999,LPF,PS,105324
2000,LPF,PS,77662
2001,LPF,PS,83718
2002,LPF,PS,95304
2003,LPF,PS,104994
2004,LPF,PS,107758
2005,LPF,PS,99309
2006,LPF,PS,93999
2007,LPF,PS,96076
2008,LPF,PS,95282
2009,LPF,PS,95940
2010,LPF,PS,97184
2011,LPF,PS,103252
2012,LPF,PS,101149
2013,LPF,PS,108670
2014,LPF,PS,111467
2015,LPF,PS,192586
2016,LPF,PS,125340
2017,LPF,PS,84992
2018,LPF,PS,84143
2019,LPF,PS,86225
2020,LPF,PS,75184
2021,LPF,PS,65725
2022,LPF,PS,66670
2023,LPF,PS,75226
1971,LPF,PT,74615
1972,LPF,PT,104152
1973,LPF,PT,114484
1974,LPF,PT,101185
1975,LPF,PT,79254
1976,LPF,PT,115950
1977,LPF,PT,140004
1978,LPF,PT,116462
1979,LPF,PT,118947
1980,LPF,PT,103254
1981,LPF,PT,100313
1982,LPF,PT,94328
1983,LPF,PT,102851
1984,LPF,PT,102430
1985,LPF,PT,99033
1986,LPF,PT,131382
1987,LPF,PT,143219
1988,LPF,PT,142183
1989,LPF,PT,136626
1990,LPF,PT,132979
1991,LPF,PT,105148
1992,LPF,PT,101656
1993,LPF,PT,99602
1994,LPF,PT,99280
1995,LPF,PT,130005
1996,LPF,PT,117611
1997,LPF,PT,109775
1998,LPF,PT,95596
1999,LPF,PT,92361
2000,LPF,PT,87121
2001,LPF,PT,141923
2002,LPF,PT,141476
2003,LPF,PT,150630
2004,LPF,PT,135802
2005,LPF,PT,127763
2006,LPF,PT,110453
2007,LPF,PT,103916
2008,LPF,PT,103748
2009,LPF,PT,111785
2010,LPF,PT,99935
2011,LPF,PT,87738
2012,LPF,PT,68417
2013,LPF,PT,79373
2014,LPF,PT,74864
2015,LPF,PT,79237
2016,LPF,PT,57909
2017,LPF,PT,115778
2018,LPF,PT,121924
2019,LPF,PT,119135
2020,LPF,PT,113581
2021,LPF,PT,110570
2022,LPF,PT,108445
2023,LPF,PT,113504
1971,MPF,AFN,0
1972,MPF,AFN,0
1973,MPF,AFN,0
1974,MPF,AFN,0
1975,MPF,AFN,0
1976,MPF,AFN,0
1977,MPF,AFN,0
1978,MPF,AFN,0
1979,MPF,AFN,0
1980,MPF,AFN,0
1981,MPF,AFN,0
1982,MPF,AFN,0
1983,MPF,AFN,0
1984,MPF,AFN,0
1985,MPF,AFN,0
1986,MPF,AFN,0
1987,MPF,AFN,0
1988,MPF,AFN,0
1989,MPF,AFN,0
1990,MPF,AFN,0
1991,MPF,AFN,0
1992,MPF,AFN,0
1993,MPF,AFN,0
1994,MPF,AFN,0
1995,MPF,AFN,0
1996,MPF,AFN,0
1997,MPF,AFN,0
1998,MPF,AFN,0
1999,MPF,AFN,0
2000,MPF,AFN,0
2001,MPF,AFN,0
2002,MPF,AFN,0
2003,MPF,AFN,0
2004,MPF,AFN,0
2005,MPF,AFN,0
2006,MPF,AFN,0
2007,MPF,AFN,0
2008,MPF,AFN,0
2009,MPF,AFN,0
2010,MPF,AFN,0
2011,MPF,AFN,0
2012,MPF,AFN,0
2013,MPF,AFN,0
2014,MPF,AFN,0
2015,MPF,AFN,0
2016,MPF,AFN,0
2017,MPF,AFN,0
2018,MPF,AFN,0
2019,MPF,AFN,0
2020,MPF,AFN,0
2021,MPF,AFN,0
2022,MPF,AFN,0
2023,MPF,AFN,0
1971,MPF,APS,0
1972,MPF,APS,0
1973,MPF,APS,0
1974,MPF,APS,0
1975,MPF,APS,0
1976,MPF,APS,0
1977,MPF,APS,0
1978,MPF,APS,0
1979,MPF,APS,0
1980,MPF,APS,0
1981,MPF,APS,0
1982,MPF,APS,0
1983,MPF,APS,0
1984,MPF,APS,0
1985,MPF,APS,0
1986,MPF,APS,0
1987,MPF,APS,0
1988,MPF,APS,0
1989,MPF,APS,0
1990,MPF,APS,0
1991,MPF,APS,0
1992,MPF,APS,0
1993,MPF,APS,0
1994,MPF,APS,0
1995,MPF,APS,0
1996,MPF,APS,0
1997,MPF,APS,0
1998,MPF,APS,0
1999,MPF,APS,0
2000,MPF,APS,0
2001,MPF,APS,0
2002,MPF,APS,0
2003,MPF,APS,0
2004,MPF,APS,0
2005,MPF,APS,0
2006,MPF,APS,0
2007,MPF,APS,0
2008,MPF,APS,0
2009,MPF,APS,0
2010,MPF,APS,0
2011,MPF,APS,0
2012,MPF,APS,0
2013,MPF,APS,0
2014,MPF,APS,0
2015,MPF,APS,0
2016,MPF,APS,0
2017,MPF,APS,0
2018,MPF,APS,0
2019,MPF,APS,0
2020,MPF,APS,0
2021,MPF,APS,0
2022,MPF,APS,0
2023,MPF,APS,0
1971,MPF,GN,0
1972,MPF,GN,47555
1973,MPF,GN,54786
1974,MPF,GN,41771
1975,MPF,GN,55246
1976,MPF,GN,55921
1977,MPF,GN,96343
1978,MPF,GN,110560
1979,MPF,GN,102559
1980,MPF,GN,67397
1981,MPF,GN,66189
1982,MPF,GN,64362
1983,MPF,GN,76178
1984,MPF,GN,103784
1985,MPF,GN,83339
1986,MPF,GN,90457
1987,MPF,GN,87038
1988,MPF,GN,100209
1989,MPF,GN,67899
1990,MPF,GN,77461
1991,MPF,GN,38336
1992,MPF,GN,43393
1993,MPF,GN,57591
1994,MPF,GN,40981
1995,MPF,GN,62461
1996,MPF,GN,59759
1997,MPF,GN,56898
1998,MPF,GN,51220
1999,MPF,GN,43493
2000,MPF,GN,31211
2001,MPF,GN,28483
2002,MPF,GN,44203
2003,MPF,GN,47441
2004,MPF,GN,58517
2005,MPF,GN,39774
2006,MPF,GN,34341
2007,MPF,GN,33840
2008,MPF,GN,34355
2009,MPF,GN,36228
2010,MPF,GN,45635
2011,MPF,GN,34056
2012,MPF,GN,26520
2013,MPF,GN,26332
2014,MPF,GN,34249
2015,MPF,GN,36021
2016,MPF,GN,87979
2017,MPF,GN,110042
2018,MPF,GN,83039
2019,MPF,GN,89103
2020,MPF,GN,44328
2021,MPF,GN,51626
2022,MPF,GN,50458
2023,MPF,GN,52119
1971,MPF,OBT,0
1972,MPF,OBT,0
1973,MPF,OBT,0
1974,MPF,OBT,0
1975,MPF,OBT,0
1976,MPF,OBT,0
1977,MPF,OBT,0
1978,MPF,OBT,0
1979,MPF,OBT,0
1980,MPF,OBT,0
1981,MPF,OBT,0
1982,MPF,OBT,0
1983,MPF,OBT,0
1984,MPF,OBT,0
1985,MPF,OBT,0
1986,MPF,OBT,0
1987,MPF,OBT,0
1988,MPF,OBT,0
1989,MPF,OBT,0
1990,MPF,OBT,0
1991,MPF,OBT,0
1992,MPF,OBT,0
1993,MPF,OBT,0
1994,MPF,OBT,0
1995,MPF,OBT,0
1996,MPF,OBT,0
1997,MPF,OBT,0
1998,MPF,OBT,0
1999,MPF,OBT,0
2000,MPF,OBT,0
2001,MPF,OBT,0
2002,MPF,OBT,0
2003,MPF,OBT,0
2004,MPF,OBT,0
2005,MPF,OBT,0
2006,MPF,OBT,0
2007,MPF,OBT,0
2008,MPF,OBT,0
2009,MPF,OBT,0
2010,MPF,OBT,0
2011,MPF,OBT,0
2012,MPF,OBT,0
2013,MPF,OBT,0
2014,MPF,OBT,0
2015,MPF,OBT,0
2016,MPF,OBT,0
2017,MPF,OBT,0
2018,MPF,OBT,0
2019,MPF,OBT,0
2020,MPF,OBT,0
2021,MPF,OBT,0
2022,MPF,OBT,0
2023,MPF,OBT,0
1971,MPF,PS,58514
1972,MPF,PS,42928
1973,MPF,PS,51217
1974,MPF,PS,70240
1975,MPF,PS,99659
1976,MPF,PS,117427
1977,MPF,PS,149221
1978,MPF,PS,107135
1979,MPF,PS,116429
1980,MPF,PS,114208
1981,MPF,PS,126414
1982,MPF,PS,121609
1983,MPF,PS,118691
1984,MPF,PS,147566
1985,MPF,PS,120500
1986,MPF,PS,152897
1987,MPF,PS,144495
1988,MPF,PS,189314
1989,MPF,PS,137030
1990,MPF,PS,189054
1991,MPF,PS,89859
1992,MPF,PS,113717
1993,MPF,PS,111605
1994,MPF,PS,111443
1995,MPF,PS,115262
1996,MPF,PS,68458
1997,MPF,PS,70856
1998,MPF,PS,81504
1999,MPF,PS,105324
2000,MPF,PS,77662
2001,MPF,PS,83718
2002,MPF,PS,95304
2003,MPF,PS,104994
2004,MPF,PS,107758
2005,MPF,PS,99309
2006,MPF,PS,93999
2007,MPF,PS,96076
2008,MPF,PS,95282
2009,MPF,PS,95940
2010,MPF,PS,97184
2011,MPF,PS,103252
2012,MPF,PS,101149
2013,MPF,PS,108670
2014,MPF,PS,111467
2015,MPF,PS,192586
2016,MPF,PS,125340
2017,MPF,PS,84992
2018,MPF,PS,84143
2019,MPF,PS,86225
2020,MPF,PS,75184
2021,MPF,PS,65725
2022,MPF,PS,66670
2023,MPF,PS,75226
1971,MPF,PT,74615
1972,MPF,PT,104152
1973,MPF,PT,114484
1974,MPF,PT,101185
1975,MPF,PT,79254
1976,MPF,PT,115950
1977,MPF,PT,140004
1978,MPF,PT,116462
1979,MPF,PT,118947
1980,MPF,PT,103254
1981,MPF,PT,100313
1982,MPF,PT,94328
1983,MPF,PT,102851
1984,MPF,PT,102430
1985,MPF,PT,99033
1986,MPF,PT,131382
1987,MPF,PT,143219
1988,MPF,PT,142183
1989,MPF,PT,136626
1990,MPF,PT,132979
1991,MPF,PT,105148
1992,MPF,PT,101656
1993,MPF,PT,99602
1994,MPF,PT,99280
1995,MPF,PT,130005
1996,MPF,PT,117611
1997,MPF,PT,109775
1998,MPF,PT,95596
1999,MPF,PT,92361
2000,MPF,PT,87121
2001,MPF,PT,141923
2002,MPF,PT,141476
2003,MPF,PT,150630
2004,MPF,PT,135802
2005,MPF,PT,127763
2006,MPF,PT,110453
2007,MPF,PT,103916
2008,MPF,PT,103748
2009,MPF,PT,111785
2010,MPF,PT,99935
2011,MPF,PT,87738
2012,MPF,PT,68417
2013,MPF,PT,79373
2014,MPF,PT,74864
2015,MPF,PT,79237
2016,MPF,PT,57909
2017,MPF,PT,115778
2018,MPF,PT,121924
2019,MPF,PT,119135
2020,MPF,PT,113581
2021,MPF,PT,110570
2022,MPF,PT,108445
2023,MPF,PT,113504
1971,NTU,AFN,0
1972,NTU,AFN,0
1973,NTU,AFN,0
1974,NTU,AFN,0
1975,NTU,AFN,0
1976,NTU,AFN,0
1977,NTU,AFN,0
1978,NTU,AFN,0
1979,NTU,AFN,0
1980,NTU,AFN,0
1981,NTU,AFN,0
1982,NTU,AFN,0
1983,NTU,AFN,0
1984,NTU,AFN,0
1985,NTU,AFN,0
1986,NTU,AFN,0
1987,NTU,AFN,0
1988,NTU,AFN,0
1989,NTU,AFN,0
1990,NTU,AFN,0
1991,NTU,AFN,0
1992,NTU,AFN,0
1993,NTU,AFN,0
1994,NTU,AFN,0
1995,NTU,AFN,0
1996,NTU,AFN,0
1997,NTU,AFN,0
1998,NTU,AFN,0
1999,NTU,AFN,0
2000,NTU,AFN,0
2001,NTU,AFN,0
2002,NTU,AFN,0
2003,NTU,AFN,0
2004,NTU,AFN,0
2005,NTU,AFN,0
2006,NTU,AFN,0
2007,NTU,AFN,0
2008,NTU,AFN,0
2009,NTU,AFN,0
2010,NTU,AFN,0
2011,NTU,AFN,0
2012,NTU,AFN,0
2013,NTU,AFN,0
2014,NTU,AFN,0
2015,NTU,AFN,0
2016,NTU,AFN,0
2017,NTU,AFN,0
2018,NTU,AFN,0
2019,NTU,AFN,0
2020,NTU,AFN,0
2021,NTU,AFN,0
2022,NTU,AFN,0
2023,NTU,AFN,0
1971,NTU,APS,0
1972,NTU,APS,0
1973,NTU,APS,0
1974,NTU,APS,0
1975,NTU,APS,0
1976,NTU,APS,0
1977,NTU,APS,0
1978,NTU,APS,0
1979,NTU,APS,0
1980,NTU,APS,0
1981,NTU,APS,0
1982,NTU,APS,0
1983,NTU,APS,0
1984,NTU,APS,0
1985,NTU,APS,0
1986,NTU,APS,0
1987,NTU,APS,0
1988,NTU,APS,0
1989,NTU,APS,0
1990,NTU,APS,0
1991,NTU,APS,0
1992,NTU,APS,0
1993,NTU,APS,0
1994,NTU,APS,0
1995,NTU,APS,0
1996,NTU,APS,0
1997,NTU,APS,0
1998,NTU,APS,0
1999,NTU,APS,0
2000,NTU,APS,0
2001,NTU,APS,0
2002,NTU,APS,0
2003,NTU,APS,0
2004,NTU,APS,0
2005,NTU,APS,0
2006,NTU,APS,0
2007,NTU,APS,0
2008,NTU,APS,0
2009,NTU,APS,0
2010,NTU,APS,0
2011,NTU,APS,0
2012,NTU,APS,0
2013,NTU,APS,0
2014,NTU,APS,0
2015,NTU,APS,0
2016,NTU,APS,0
2017,NTU,APS,0
2018,NTU,APS,0
2019,NTU,APS,0
2020,NTU,APS,0
2021,NTU,APS,0
2022,NTU,APS,0
2023,NTU,APS,0
1971,NTU,GN,0
1972,NTU,GN,47555
1973,NTU,GN,54786
1974,NTU,GN,41771
1975,NTU,GN,55246
1976,NTU,GN,55921
1977,NTU,GN,96343
1978,NTU,GN,110560
1979,NTU,GN,102559
1980,NTU,GN,67397
1981,NTU,GN,66189
1982,NTU,GN,64362
1983,NTU,GN,76178
1984,NTU,GN,103784
1985,NTU,GN,83339
1986,NTU,GN,90457
1987,NTU,GN,87038
1988,NTU,GN,100209
1989,NTU,GN,67899
1990,NTU,GN,77461
1991,NTU,GN,38336
1992,NTU,GN,43393
1993,NTU,GN,57591
1994,NTU,GN,40981
1995,NTU,GN,62461
1996,NTU,GN,59759
1997,NTU,GN,56898
1998,NTU,GN,51220
1999,NTU,GN,43493
2000,NTU,GN,31211
2001,NTU,GN,28483
2002,NTU,GN,44203
2003,NTU,GN,47441
2004,NTU,GN,58517
2005,NTU,GN,39774
2006,NTU,GN,34341
2007,NTU,GN,33840
2008,NTU,GN,34355
2009,NTU,GN,36228
2010,NTU,GN,45635
2011,NTU,GN,34056
2012,NTU,GN,26520
2013,NTU,GN,26332
2014,NTU,GN,34249
2015,NTU,GN,36021
2016,NTU,GN,87979
2017,NTU,GN,110042
2018,NTU,GN,83039
2019,NTU,GN,89103
2020,NTU,GN,44328
2021,NTU,GN,51626
2022,NTU,GN,50458
2023,NTU,GN,52119
1971,NTU,OBT,0
1972,NTU,OBT,0
1973,NTU,OBT,0
1974,NTU,OBT,0
1975,NTU,OBT,0
1976,NTU,OBT,0
1977,NTU,OBT,0
1978,NTU,OBT,0
1979,NTU,OBT,0
1980,NTU,OBT,0
1981,NTU,OBT,0
1982,NTU,OBT,0
1983,NTU,OBT,0
1984,NTU,OBT,0
1985,NTU,OBT,0
1986,NTU,OBT,0
1987,NTU,OBT,0
1988,NTU,OBT,0
1989,NTU,OBT,0
1990,NTU,OBT,0
1991,NTU,OBT,0
1992,NTU,OBT,0
1993,NTU,OBT,0
1994,NTU,OBT,0
1995,NTU,OBT,0
1996,NTU,OBT,0
1997,NTU,OBT,0
1998,NTU,OBT,0
1999,NTU,OBT,0
2000,NTU,OBT,0
2001,NTU,OBT,0
2002,NTU,OBT,0
2003,NTU,OBT,0
2004,NTU,OBT,0
2005,NTU,OBT,0
2006,NTU,OBT,0
2007,NTU,OBT,0
2008,NTU,OBT,0
2009,NTU,OBT,0
2010,NTU,OBT,0
2011,NTU,OBT,0
2012,NTU,OBT,0
2013,NTU,OBT,0
2014,NTU,OBT,0
2015,NTU,OBT,0
2016,NTU,OBT,0
2017,NTU,OBT,0
2018,NTU,OBT,0
2019,NTU,OBT,0
2020,NTU,OBT,0
2021,NTU,OBT,0
2022,NTU,OBT,0
2023,NTU,OBT,0
1971,NTU,PS,58514
1972,NTU,PS,42928
1973,NTU,PS,51217
1974,NTU,PS,70240
1975,NTU,PS,99659
1976,NTU,PS,117427
1977,NTU,PS,149221
1978,NTU,PS,107135
1979,NTU,PS,116429
1980,NTU,PS,114208
1981,NTU,PS,126414
1982,NTU,PS,121609
1983,NTU,PS,118691
1984,NTU,PS,147566
1985,NTU,PS,120500
1986,NTU,PS,152897
1987,NTU,PS,144495
1988,NTU,PS,189314
1989,NTU,PS,137030
1990,NTU,PS,189054
1991,NTU,PS,89859
1992,NTU,PS,113717
1993,NTU,PS,111605
1994,NTU,PS,111443
1995,NTU,PS,115262
1996,NTU,PS,68458
1997,NTU,PS,70856
1998,NTU,PS,81504
1999,NTU,PS,105324
2000,NTU,PS,77662
2001,NTU,PS,83718
2002,NTU,PS,95304
2003,NTU,PS,104994
2004,NTU,PS,107758
2005,NTU,PS,99309
2006,NTU,PS,93999
2007,NTU,PS,96076
2008,NTU,PS,95282
2009,NTU,PS,95940
2010,NTU,PS,97184
2011,NTU,PS,103252
2012,NTU,PS,101149
2013,NTU,PS,108670
2014,NTU,PS,111467
2015,NTU,PS,192586
2016,NTU,PS,125340
2017,NTU,PS,84992
2018,NTU,PS,84143
2019,NTU,PS,86225
2020,NTU,PS,75184
2021,NTU,PS,65725
2022,NTU,PS,66670
2023,NTU,PS,75226
1971,NTU,PT,0
1972,NTU,PT,0
1973,NTU,PT,0
1974,NTU,PT,0
1975,NTU,PT,0
1976,NTU,PT,0
1977,NTU,PT,0
1978,NTU,PT,0
1979,NTU,PT,0
1980,NTU,PT,0
1981,NTU,PT,0
1982,NTU,PT,0
1983,NTU,PT,0
1984,NTU,PT,0
1985,NTU,PT,0
1986,NTU,PT,0
1987,NTU,PT,0
1988,NTU,PT,0
1989,NTU,PT,0
1990,NTU,PT,0
1991,NTU,PT,0
1992,NTU,PT,0
1993,NTU,PT,0
1994,NTU,PT,0
1995,NTU,PT,0
1996,NTU,PT,0
1997,NTU,PT,0
1998,NTU,PT,0
1999,NTU,PT,0
2000,NTU,PT,0
2001,NTU,PT,0
2002,NTU,PT,0
2003,NTU,PT,0
2004,NTU,PT,0
2005,NTU,PT,0
2006,NTU,PT,0
2007,NTU,PT,0
2008,NTU,PT,0
2009,NTU,PT,0
2010,NTU,PT,0
2011,NTU,PT,0
2012,NTU,PT,0
2013,NTU,PT,0
2014,NTU,PT,0
2015,NTU,PT,0
2016,NTU,PT,0
2017,NTU,PT,0
2018,NTU,PT,0
2019,NTU,PT,0
2020,NTU,PT,0
2021,NTU,PT,0
2022,NTU,PT,0
2023,NTU,PT,0
1972,SAR,AFN,0
1973,SAR,AFN,0
1974,SAR,AFN,0
1975,SAR,AFN,0
1976,SAR,AFN,0
1977,SAR,AFN,0
1978,SAR,AFN,0
1979,SAR,AFN,0
1980,SAR,AFN,0
1981,SAR,AFN,0
1982,SAR,AFN,0
1983,SAR,AFN,0
1984,SAR,AFN,0
1985,SAR,AFN,0
1986,SAR,AFN,0
1987,SAR,AFN,0
1988,SAR,AFN,0
1989,SAR,AFN,0
1990,SAR,AFN,0
1991,SAR,AFN,0
1992,SAR,AFN,0
1993,SAR,AFN,0
1994,SAR,AFN,0
1995,SAR,AFN,0
1996,SAR,AFN,0
1997,SAR,AFN,0
1998,SAR,AFN,0
1999,SAR,AFN,0
2000,SAR,AFN,0
2001,SAR,AFN,0
2002,SAR,AFN,0
2003,SAR,AFN,0
2004,SAR,AFN,0
2005,SAR,AFN,0
2006,SAR,AFN,0
2007,SAR,AFN,0
2008,SAR,AFN,0
2009,SAR,AFN,0
2010,SAR,AFN,0
2011,SAR,AFN,0
2012,SAR,AFN,0
2013,SAR,AFN,0
2014,SAR,AFN,0
2015,SAR,AFN,0
2016,SAR,AFN,0
2017,SAR,AFN,0
2018,SAR,AFN,0
2019,SAR,AFN,0
2020,SAR,AFN,0
2021,SAR,AFN,0
2022,SAR,AFN,0
2023,SAR,AFN,0
1972,SAR,APS,0
1973,SAR,APS,0
1974,SAR,APS,0
1975,SAR,APS,0
1976,SAR,APS,0
1977,SAR,APS,0
1978,SAR,APS,0
1979,SAR,APS,0
1980,SAR,APS,0
1981,SAR,APS,0
1982,SAR,APS,0
1983,SAR,APS,0
1984,SAR,APS,0
1985,SAR,APS,0
1986,SAR,APS,0
1987,SAR,APS,0
1988,SAR,APS,0
1989,SAR,APS,0
1990,SAR,APS,0
1991,SAR,APS,0
1992,SAR,APS,0
1993,SAR,APS,0
1994,SAR,APS,0
1995,SAR,APS,0
1996,SAR,APS,0
1997,SAR,APS,0
1998,SAR,APS,0
1999,SAR,APS,0
2000,SAR,APS,0
2001,SAR,APS,0
2002,SAR,APS,0
2003,SAR,APS,0
2004,SAR,APS,0
2005,SAR,APS,0
2006,SAR,APS,0
2007,SAR,APS,0
2008,SAR,APS,0
2009,SAR,APS,0
2010,SAR,APS,0
2011,SAR,APS,0
2012,SAR,APS,0
2013,SAR,APS,0
2014,SAR,APS,0
2015,SAR,APS,0
2016,SAR,APS,0
2017,SAR,APS,0
2018,SAR,APS,0
2019,SAR,APS,0
2020,SAR,APS,0
2021,SAR,APS,0
2022,SAR,APS,0
2023,SAR,APS,0
1972,SAR,GN,47555
1973,SAR,GN,54786
1974,SAR,GN,0
1975,SAR,GN,55246
1976,SAR,GN,55921
1977,SAR,GN,96343
1978,SAR,GN,110560
1979,SAR,GN,102559
1980,SAR,GN,67397
1981,SAR,GN,66189
1982,SAR,GN,0
1983,SAR,GN,76178
1984,SAR,GN,103784
1985,SAR,GN,83339
1986,SAR,GN,90457
1987,SAR,GN,87038
1988,SAR,GN,100209
1989,SAR,GN,67899
1990,SAR,GN,77461
1991,SAR,GN,38336
1992,SAR,GN,43393
1993,SAR,GN,57591
1994,SAR,GN,40981
1995,SAR,GN,62461
1996,SAR,GN,59759
1997,SAR,GN,56898
1998,SAR,GN,51220
1999,SAR,GN,43493
2000,SAR,GN,31211
2001,SAR,GN,28483
2002,SAR,GN,44203
2003,SAR,GN,47441
2004,SAR,GN,58517
2005,SAR,GN,39774
2006,SAR,GN,34341
2007,SAR,GN,33840
2008,SAR,GN,34355
2009,SAR,GN,36228
2010,SAR,GN,45635
2011,SAR,GN,34056
2012,SAR,GN,26520
2013,SAR,GN,26332
2014,SAR,GN,34249
2015,SAR,GN,36021
2016,SAR,GN,87979
2017,SAR,GN,110042
2018,SAR,GN,83039
2019,SAR,GN,89103
2020,SAR,GN,44328
2021,SAR,GN,51626
2022,SAR,GN,50458
2023,SAR,GN,52119
1972,SAR,OBT,0
1973,SAR,OBT,0
1974,SAR,OBT,0
1975,SAR,OBT,0
1976,SAR,OBT,0
1977,SAR,OBT,0
1978,SAR,OBT,0
1979,SAR,OBT,0
1980,SAR,OBT,0
1981,SAR,OBT,0
1982,SAR,OBT,0
1983,SAR,OBT,0
1984,SAR,OBT,0
1985,SAR,OBT,0
1986,SAR,OBT,0
1987,SAR,OBT,0
1988,SAR,OBT,0
1989,SAR,OBT,0
1990,SAR,OBT,0
1991,SAR,OBT,0
1992,SAR,OBT,0
1993,SAR,OBT,0
1994,SAR,OBT,0
1995,SAR,OBT,0
1996,SAR,OBT,0
1997,SAR,OBT,0
1998,SAR,OBT,0
1999,SAR,OBT,0
2000,SAR,OBT,0
2001,SAR,OBT,0
2002,SAR,OBT,0
2003,SAR,OBT,0
2004,SAR,OBT,0
2005,SAR,OBT,0
2006,SAR,OBT,0
2007,SAR,OBT,0
2008,SAR,OBT,0
2009,SAR,OBT,0
2010,SAR,OBT,0
2011,SAR,OBT,0
2012,SAR,OBT,0
2013,SAR,OBT,0
2014,SAR,OBT,0
2015,SAR,OBT,0
2016,SAR,OBT,0
2017,SAR,OBT,0
2018,SAR,OBT,0
2019,SAR,OBT,0
2020,SAR,OBT,0
2021,SAR,OBT,0
2022,SAR,OBT,0
2023,SAR,OBT,0
1972,SAR,PS,42928
1973,SAR,PS,51217
1974,SAR,PS,70240
1975,SAR,PS,99659
1976,SAR,PS,117427
1977,SAR,PS,149221
1978,SAR,PS,107135
1979,SAR,PS,116429
1980,SAR,PS,114208
1981,SAR,PS,126414
1982,SAR,PS,121609
1983,SAR,PS,118691
1984,SAR,PS,147566
1985,SAR,PS,120500
1986,SAR,PS,152897
1987,SAR,PS,144495
1988,SAR,PS,189314
1989,SAR,PS,137030
1990,SAR,PS,189054
1991,SAR,PS,89859
1992,SAR,PS,113717
1993,SAR,PS,111605
1994,SAR,PS,111443
1995,SAR,PS,115262
1996,SAR,PS,68458
1997,SAR,PS,70856
1998,SAR,PS,81504
1999,SAR,PS,105324
2000,SAR,PS,77662
2001,SAR,PS,83718
2002,SAR,PS,95304
2003,SAR,PS,104994
2004,SAR,PS,107758
2005,SAR,PS,99309
2006,SAR,PS,93999
2007,SAR,PS,96076
2008,SAR,PS,95282
2009,SAR,PS,95940
2010,SAR,PS,97184
2011,SAR,PS,103252
2012,SAR,PS,101149
2013,SAR,PS,108670
2014,SAR,PS,111467
2015,SAR,PS,192586
2016,SAR,PS,125340
2017,SAR,PS,84992
2018,SAR,PS,84143
2019,SAR,PS,86225
2020,SAR,PS,75184
2021,SAR,PS,65725
2022,SAR,PS,66670
2023,SAR,PS,75226
1972,SAR,PT,0
1973,SAR,PT,0
1974,SAR,PT,0
1975,SAR,PT,0
1976,SAR,PT,115950
1977,SAR,PT,0
1978,SAR,PT,116462
1979,SAR,PT,0
1980,SAR,PT,0
1981,SAR,PT,0
1982,SAR,PT,0
1983,SAR,PT,0
1984,SAR,PT,0
1985,SAR,PT,0
1986,SAR,PT,131382
1987,SAR,PT,143219
1988,SAR,PT,0
1989,SAR,PT,136626
1990,SAR,PT,0
1991,SAR,PT,105148
1992,SAR,PT,0
1993,SAR,PT,0
1994,SAR,PT,0
1995,SAR,PT,0
1996,SAR,PT,0
1997,SAR,PT,0
1998,SAR,PT,95596
1999,SAR,PT,0
2000,SAR,PT,87121
2001,SAR,PT,141923
2002,SAR,PT,141476
2003,SAR,PT,150630
2004,SAR,PT,135802
2005,SAR,PT,127763
2006,SAR,PT,110453
2007,SAR,PT,0
2008,SAR,PT,103748
2009,SAR,PT,111785
2010,SAR,PT,99935
2011,SAR,PT,87738
2012,SAR,PT,0
2013,SAR,PT,0
2014,SAR,PT,74864
2015,SAR,PT,79237
2016,SAR,PT,57909
2017,SAR,PT,115778
2018,SAR,PT,121924
2019,SAR,PT,119135
2020,SAR,PT,113581
2021,SAR,PT,110570
2022,SAR,PT,108445
2023,SAR,PT,113504
1971,SCP,AFN,0
1972,SCP,AFN,0
1973,SCP,AFN,0
1974,SCP,AFN,0
1975,SCP,AFN,0
1976,SCP,AFN,0
1977,SCP,AFN,0
1978,SCP,AFN,0
1979,SCP,AFN,0
1980,SCP,AFN,0
1981,SCP,AFN,0
1982,SCP,AFN,0
1983,SCP,AFN,0
1984,SCP,AFN,0
1985,SCP,AFN,0
1986,SCP,AFN,0
1987,SCP,AFN,0
1988,SCP,AFN,0
1989,SCP,AFN,0
1990,SCP,AFN,0
1991,SCP,AFN,0
1992,SCP,AFN,0
1993,SCP,AFN,0
1994,SCP,AFN,0
1995,SCP,AFN,0
1996,SCP,AFN,0
1997,SCP,AFN,0
1998,SCP,AFN,0
1999,SCP,AFN,0
2000,SCP,AFN,0
2001,SCP,AFN,0
2002,SCP,AFN,0
2003,SCP,AFN,0
2004,SCP,AFN,0
2005,SCP,AFN,0
2006,SCP,AFN,0
2007,SCP,AFN,0
2008,SCP,AFN,0
2009,SCP,AFN,0
2010,SCP,AFN,0
2011,SCP,AFN,0
2012,SCP,AFN,0
2013,SCP,AFN,0
2014,SCP,AFN,0
2015,SCP,AFN,0
2016,SCP,AFN,0
2017,SCP,AFN,0
2018,SCP,AFN,0
2019,SCP,AFN,0
2020,SCP,AFN,0
2021,SCP,AFN,0
2022,SCP,AFN,0
2023,SCP,AFN,0
1971,SCP,APS,0
1972,SCP,APS,0
1973,SCP,APS,0
1974,SCP,APS,0
1975,SCP,APS,0
1976,SCP,APS,0
1977,SCP,APS,0
1978,SCP,APS,0
1979,SCP,APS,0
1980,SCP,APS,0
1981,SCP,APS,0
1982,SCP,APS,0
1983,SCP,APS,0
1984,SCP,APS,0
1985,SCP,APS,0
1986,SCP,APS,0
1987,SCP,APS,0
1988,SCP,APS,0
1989,SCP,APS,0
1990,SCP,APS,0
1991,SCP,APS,0
1992,SCP,APS,0
1993,SCP,APS,0
1994,SCP,APS,0
1995,SCP,APS,0
1996,SCP,APS,0
1997,SCP,APS,0
1998,SCP,APS,0
1999,SCP,APS,0
2000,SCP,APS,0
2001,SCP,APS,0
2002,SCP,APS,0
2003,SCP,APS,0
2004,SCP,APS,0
2005,SCP,APS,0
2006,SCP,APS,0
2007,SCP,APS,0
2008,SCP,APS,0
2009,SCP,APS,0
2010,SCP,APS,0
2011,SCP,APS,0
2012,SCP,APS,0
2013,SCP,APS,0
2014,SCP,APS,0
2015,SCP,APS,0
2016,SCP,APS,0
2017,SCP,APS,0
2018,SCP,APS,0
2019,SCP,APS,0
2020,SCP,APS,0
2021,SCP,APS,0
2022,SCP,APS,0
2023,SCP,APS,0
1971,SCP,GN,0
1972,SCP,GN,0
1973,SCP,GN,0
1974,SCP,GN,0
1975,SCP,GN,0
1976,SCP,GN,0
1977,SCP,GN,0
1978,SCP,GN,0
1979,SCP,GN,0
1980,SCP,GN,0
1981,SCP,GN,0
1982,SCP,GN,0
1983,SCP,GN,0
1984,SCP,GN,0
1985,SCP,GN,0
1986,SCP,GN,0
1987,SCP,GN,0
1988,SCP,GN,0
1989,SCP,GN,0
1990,SCP,GN,0
1991,SCP,GN,0
1992,SCP,GN,0
1993,SCP,GN,0
1994,SCP,GN,0
1995,SCP,GN,0
1996,SCP,GN,0
1997,SCP,GN,0
1998,SCP,GN,0
1999,SCP,GN,0
2000,SCP,GN,0
2001,SCP,GN,0
2002,SCP,GN,0
2003,SCP,GN,0
2004,SCP,GN,0
2005,SCP,GN,0
2006,SCP,GN,0
2007,SCP,GN,0
2008,SCP,GN,0
2009,SCP,GN,0
2010,SCP,GN,0
2011,SCP,GN,0
2012,SCP,GN,0
2013,SCP,GN,0
2014,SCP,GN,0
2015,SCP,GN,0
2016,SCP,GN,0
2017,SCP,GN,0
2018,SCP,GN,0
2019,SCP,GN,0
2020,SCP,GN,0
2021,SCP,GN,0
2022,SCP,GN,0
2023,SCP,GN,0
1971,SCP,OBT,0
1972,SCP,OBT,0
1973,SCP,OBT,0
1974,SCP,OBT,0
1975,SCP,OBT,0
1976,SCP,OBT,0
1977,SCP,OBT,0
1978,SCP,OBT,0
1979,SCP,OBT,0
1980,SCP,OBT,0
1981,SCP,OBT,0
1982,SCP,OBT,944470
1983,SCP,OBT,959229
1984,SCP,OBT,0
1985,SCP,OBT,0
1986,SCP,OBT,0
1987,SCP,OBT,1086956
1988,SCP,OBT,1002938
1989,SCP,OBT,935008
1990,SCP,OBT,948973
1991,SCP,OBT,881969
1992,SCP,OBT,770569
1993,SCP,OBT,807763
1994,SCP,OBT,902828
1995,SCP,OBT,824970
1996,SCP,OBT,777851
1997,SCP,OBT,779825
1998,SCP,OBT,929503
1999,SCP,OBT,839174
2000,SCP,OBT,754455
2001,SCP,OBT,633853
2002,SCP,OBT,617551
2003,SCP,OBT,621338
2004,SCP,OBT,566735
2005,SCP,OBT,543798
2006,SCP,OBT,512571
2007,SCP,OBT,465597
2008,SCP,OBT,456816
2009,SCP,OBT,481122
2010,SCP,OBT,506886
2011,SCP,OBT,398799
2012,SCP,OBT,359652
2013,SCP,OBT,358999
2014,SCP,OBT,336472
2015,SCP,OBT,301616
2016,SCP,OBT,341810
2017,SCP,OBT,316463
2018,SCP,OBT,313218
2019,SCP,OBT,300588
2020,SCP,OBT,256052
2021,SCP,OBT,225432
2022,SCP,OBT,196076
2023,SCP,OBT,196388
1971,SCP,PS,58514
1972,SCP,PS,42928
1973,SCP,PS,51217
1974,SCP,PS,70240
1975,SCP,PS,99659
1976,SCP,PS,117427
1977,SCP,PS,149221
1978,SCP,PS,107135
1979,SCP,PS,116429
1980,SCP,PS,114208
1981,SCP,PS,126414
1982,SCP,PS,121609
1983,SCP,PS,118691
1984,SCP,PS,147566
1985,SCP,PS,120500
1986,SCP,PS,152897
1987,SCP,PS,144495
1988,SCP,PS,189314
1989,SCP,PS,137030
1990,SCP,PS,189054
1991,SCP,PS,89859
1992,SCP,PS,113717
1993,SCP,PS,111605
1994,SCP,PS,111443
1995,SCP,PS,115262
1996,SCP,PS,68458
1997,SCP,PS,70856
1998,SCP,PS,81504
1999,SCP,PS,105324
2000,SCP,PS,77662
2001,SCP,PS,83718
2002,SCP,PS,95304
2003,SCP,PS,104994
2004,SCP,PS,107758
2005,SCP,PS,99309
2006,SCP,PS,93999
2007,SCP,PS,96076
2008,SCP,PS,95282
2009,SCP,PS,95940
2010,SCP,PS,97184
2011,SCP,PS,103252
2012,SCP,PS,101149
2013,SCP,PS,108670
2014,SCP,PS,111467
2015,SCP,PS,192586
2016,SCP,PS,125340
2017,SCP,PS,84992
2018,SCP,PS,84143
2019,SCP,PS,86225
2020,SCP,PS,75184
2021,SCP,PS,65725
2022,SCP,PS,66670
2023,SCP,PS,75226
1971,SCP,PT,0
1972,SCP,PT,0
1973,SCP,PT,0
1974,SCP,PT,0
1975,SCP,PT,0
1976,SCP,PT,115950
1977,SCP,PT,0
1978,SCP,PT,116462
1979,SCP,PT,0
1980,SCP,PT,0
1981,SCP,PT,0
1982,SCP,PT,0
1983,SCP,PT,102851
1984,SCP,PT,0
1985,SCP,PT,0
1986,SCP,PT,0
1987,SCP,PT,143219
1988,SCP,PT,142183
1989,SCP,PT,136626
1990,SCP,PT,132979
1991,SCP,PT,105148
1992,SCP,PT,101656
1993,SCP,PT,99602
1994,SCP,PT,99280
1995,SCP,PT,130005
1996,SCP,PT,117611
1997,SCP,PT,109775
1998,SCP,PT,95596
1999,SCP,PT,92361
2000,SCP,PT,87121
2001,SCP,PT,141923
2002,SCP,PT,141476
2003,SCP,PT,150630
2004,SCP,PT,135802
2005,SCP,PT,127763
2006,SCP,PT,110453
2007,SCP,PT,103916
2008,SCP,PT,103748
2009,SCP,PT,111785
2010,SCP,PT,99935
2011,SCP,PT,87738
2012,SCP,PT,68417
2013,SCP,PT,79373
2014,SCP,PT,74864
2015,SCP,PT,79237
2016,SCP,PT,57909
2017,SCP,PT,115778
2018,SCP,PT,121924
2019,SCP,PT,119135
2020,SCP,PT,113581
2021,SCP,PT,110570
2022,SCP,PT,108445
2023,SCP,PT,113504
