Year,ANC,SAR,MPF,DMF,LPF,NTU,CMA,SCP
1966,0.329,0.073,0.249,20.356,9.373,0.110,0.551,3.778
1967,0.214,0.048,0.486,15.462,8.504,0.100,0.866,3.427
1968,0.459,0.102,0.683,9.792,9.262,0.101,0.827,3.733
1969,0.406,0.090,1.352,9.713,8.654,0.100,1.260,3.488
1970,0.337,0.075,2.022,11.302,8.495,0.096,1.129,3.424
1971,0.199,0.044,0.525,9.598,3.640,0.041,0.617,1.467
1972,0.092,0.020,0.210,6.211,3.584,0.039,0.473,1.445
1973,0.115,0.026,0.289,4.203,2.668,0.031,0.341,1.075
1974,0.176,0.039,0.105,4.032,2.452,0.029,0.341,0.988
1975,0.107,0.024,0.184,7.737,2.191,0.026,0.236,0.883
1976,0.130,0.029,0.118,7.551,1.788,0.023,0.263,0.721
1977,0.161,0.036,0.105,7.014,2.078,0.027,0.368,0.838
1978,0.176,0.039,0.250,5.240,2.172,0.027,0.591,0.875
1979,0.329,0.073,0.538,6.540,2.359,0.033,0.525,0.951
1980,0.215,0.048,0.223,6.252,2.378,0.030,0.328,0.958
1981,0.169,0.037,0.184,5.768,1.077,0.017,0.263,0.434
1982,0.140,0.031,0.260,4.270,1.005,0.017,0.220,0.405
1983,0.093,0.021,0.140,4.030,0.991,0.019,0.170,0.399
1984,0.088,0.019,0.110,4.640,0.784,0.019,0.240,0.316
1985,0.198,0.044,0.140,3.920,0.606,0.011,0.280,0.244
1986,0.082,0.018,0.220,3.120,0.976,0.015,0.310,0.394
1987,0.181,0.040,0.140,2.760,1.269,0.015,0.310,0.511
1988,0.058,0.013,0.390,2.930,0.563,0.009,0.210,0.227
1989,0.041,0.009,0.050,1.120,0.421,0.007,0.080,0.169
1990,,,,,,,,
1991,0.053,0.012,0.070,1.130,0.478,0.008,,0.192
1992,,,,,,,,
1993,,,,,,,,
1994,,,,,,,,
1995,,,,,,,,
1996,,,,,,,,
1997,,,,,,,,
1998,,,,,,,,
1999,,,,,,,,
2000,,,,,,,,
2001,,,,,,,,
2002,,,,,,,,
2003,0.360,0.070,0.080,0.860,0.321,0.010,0.100,0.129
2004,0.610,0.070,0.100,0.710,0.278,0.010,0.140,0.112
2005,0.510,0.070,0.100,0.530,0.221,0.000,0.070,0.089
2006,0.310,0.050,0.090,0.520,0.143,0.000,0.070,0.057
2007,0.210,0.040,0.120,0.410,0.314,0.000,0.080,0.126
2008,0.750,0.110,0.070,0.960,0.271,0.010,0.100,0.109
2009,0.400,0.070,0.060,0.580,0.185,0.020,0.060,0.075
2010,0.360,0.240,0.060,0.520,0.242,0.020,0.050,0.098
2011,0.220,0.060,0.030,0.390,0.143,0.000,0.070,0.057
2012,0.080,0.060,0.200,0.970,0.221,,0.070,0.089
2013,0.100,0.060,0.110,0.590,0.378,,0.080,0.152
2014,0.200,0.040,0.030,0.850,0.264,,0.040,0.106
2015,0.080,0.030,0.050,0.700,0.185,,0.100,0.075
2016,0.020,0.060,0.050,0.310,0.192,,0.030,0.078
2017,0.010,0.080,0.020,0.440,0.499,,0.100,0.201
2018,,,0.020,0.460,0.406,,0.090,0.164
