"type","rep","dsi_base","dsi","dsi_r","beta","s_slope"
"stationary",1,38.0619726895136,31.7183105745947,10.3879051713614,0.000344298311624059,0
"stationary",2,42.2669124068138,35.2224270056782,6.82432221247423,0.00278665711600203,0
"stationary",3,42.1094991145646,28.0729994097098,7.56652194721859,0.00211837820730874,0
"stationary",4,41.7084042495486,27.8056028330324,3.56245127867346,0.00334047742028099,0
"stationary",5,39.9643354134513,33.3036128445427,11.552989901837,0.000760309378977769,0
"stationary",6,38.7323174744127,25.8215449829418,3.91982723858677,-0.00639881550571773,0
"stationary",7,42.5654082133877,35.4711735111564,7.02261309772234,0.00503343201848787,0
"stationary",8,40.9191820963858,34.0993184136548,19.4323488611035,0.00597269859272308,0
"stationary",9,40.7163698277806,27.1442465518537,8.21114244897758,-0.00674711578043726,0
"stationary",10,40.3835475534946,33.6529562945789,21.7607371983703,0.00408087958281774,0
"stationary",11,41.3692363014505,27.5794908676337,9.36104117025534,0.00717880167851447,0
"stationary",12,40.6211631344968,27.0807754229978,14.987712666165,0.0129432120467108,0
"stationary",13,39.9056152110046,26.603743474003,6.01797406612259,-0.00147648868169748,0
"stationary",14,40.8876105681796,34.0730088068163,6.20628234994626,0.0051283191664399,0
"stationary",15,43.0448722693587,28.6965815129058,12.6306900015661,0.00835888621419563,0
"stationary",16,39.6635204232243,26.4423469488162,6.31617880387872,-0.00560373780723404,0
"stationary",17,39.0084817611303,19.5042408805651,9.69891055476431,0.0121183274121194,0
"stationary",18,39.9279818752278,26.6186545834852,7.12579057284409,0.00643599473758183,0
"stationary",19,39.2467147806879,32.7055956505733,8.04207040463598,-0.00170773700876223,0
"stationary",20,40.0472748851912,26.6981832567941,13.4812356493881,-0.00195125509220293,0
"stationary",21,38.4776399161389,25.6517599440926,11.2306945810732,-0.000856527271426773,0
"stationary",22,41.0352263290041,27.3568175526694,7.92173987118837,-0.00113812132269418,0
"stationary",23,54.8676848688071,27.4338424344035,11.0667064406689,-0.00938300776062709,0.442398672350091
"stationary",24,40.609118349649,27.0727455664326,9.36329655209486,0.00591132822987743,0
"stationary",25,40.3127317102187,26.8751544734792,5.33917377068008,-0.00379055002838564,0
"stationary",26,39.1406237912527,32.6171864927106,13.0815913068805,-0.00266553821595181,0
"stationary",27,42.5329173388092,28.3552782258728,5.52540915591125,0.012143860342208,0
"stationary",28,39.417538952892,26.278359301928,9.57615955876264,-0.00399960996471505,0
"stationary",29,41.6855977541117,27.7903985027411,12.7538905767305,0.0113757048707112,0
"stationary",30,42.5160969730111,35.4300808108426,6.3839392393566,0.0106217592582864,0
"stationary",31,41.5041407956303,34.5867839963586,8.79527291441384,0.00666055746107052,0
"stationary",32,42.2083870108307,21.1041935054154,9.3062993088755,0.00766381701228718,0
"stationary",33,41.8671768422499,27.9114512281666,9.50199233860767,0.0104918105769448,0
"stationary",34,42.1659200656242,28.1106133770828,5.31464174723976,0.00412015388778467,0
"stationary",35,69.8200319258057,46.5466879505371,18.1404403650505,-0.0122528487479953,0.872797332500237
"stationary",36,41.2869542647174,34.4057952205979,9.65125168406371,0.00196806308607842,0
"stationary",37,39.3757249477017,26.2504832984678,7.90209168085894,-0.00267772196505892,0
"stationary",38,42.6532539830954,28.435502655397,10.9739798521194,-0.00719473745291846,0.12435067361769
"stationary",39,39.4022103202403,26.2681402134935,7.9471450309511,-0.00387211260907712,0
"stationary",40,39.6294914170135,26.4196609446756,3.22314289258138,-0.00350978211891303,0
"stationary",41,41.283254925422,27.5221699502813,7.00064248251563,0.00167316728165812,0
"stationary",42,37.8126589748968,37.8126589748968,15.1575568869812,-0.00688291936302491,0
"stationary",43,39.693423528201,33.0778529401675,11.0430009901075,0.0011456483245302,0
"stationary",44,40.8325256966,27.2216837977333,6.98678535044917,0.00309323537578532,0
"stationary",45,55.8383250179955,46.5319375149962,10.9574508283858,-0.0127849054634096,0.511520514717076
"stationary",46,40.8271128426019,27.2180752284013,10.9493800405905,-0.00340126485469907,0
"stationary",47,40.6307584848886,20.3153792424443,4.33967916304583,-0.00452117970022104,0
"stationary",48,41.6527472149247,34.7106226791039,6.05637296046284,0.00215218891427584,0
"stationary",49,41.5322432359003,20.7661216179501,4.20666770511734,-0.000681426555002905,0
"stationary",50,40.7635178423843,27.1756785615895,8.85506811916001,0.00166571801430503,0
"stationary",51,67.1443116510704,55.9535930425586,29.3562771180264,-0.0124032310456483,0.82602044573531
"stationary",52,42.188128717876,35.1567739315633,4.60626339849077,-0.000288061597676441,0
"stationary",53,39.0532177812674,26.0354785208449,4.15135269515403,-0.0045314269449308,0
"stationary",54,41.9634344472136,27.975622964809,9.73900052195285,0.00690385075049413,0
"stationary",55,58.8939795322927,39.2626530215285,8.28363699822173,-0.009919790506061,0.587499685374461
"stationary",56,40.0379682708493,26.6919788472328,7.03003943471519,0.00697004880273295,0
"stationary",57,40.4939432776155,26.995962185077,8.04755609128097,-0.0061440932652369,0
"stationary",58,41.5901170329009,27.7267446886006,11.6843701511391,0.00336438335264172,0
"stationary",59,41.1599822538151,27.43998816921,7.37619073530485,-0.0053697470874128,0
"stationary",60,41.4022027301304,34.501835608442,14.0715558608303,0.00447361502847485,0
"stationary",61,41.1609517355684,27.4406344903789,4.84133899059988,0.00323358354977042,0
"stationary",62,38.8159409232932,25.8772939488622,11.1814920516245,0.00342034609165004,0
"stationary",63,48.20032263905,24.100161319525,7.59469662195947,-0.00841978584058789,0.261010771116195
"stationary",64,71.9374179737855,59.9478483114879,19.6075602223319,-0.02383063913553,0.998641852736495
"stationary",65,41.8186815922384,27.8791210614923,3.8937922435389,-0.00178198601319104,0
"stationary",66,42.0836990962643,28.0557993975096,12.4366020940527,0.013615269338494,0
"stationary",67,40.6525218011704,33.8771015009753,9.4962897795736,-0.000798429068018462,0
"stationary",68,40.0350148835263,26.6900099223508,8.27430604413487,-0.00734044119908342,0
"stationary",69,39.876593282624,33.2304944021867,12.6250043063955,-0.00355858054209122,0
"stationary",70,40.264561965754,26.8430413105027,7.23279844761638,-0.000679655316110104,0
"stationary",71,41.7499092888047,34.7915910740039,9.16325845562389,0.00619155897721909,0
"stationary",72,41.1029984016435,27.401998934429,8.05599410913792,-0.00179974808738711,0
"stationary",73,39.5113259392549,26.3408839595033,11.0538160429218,-0.00473384434415867,0
"stationary",74,40.9590392786805,27.306026185787,9.12893256275125,0.00617974765443203,0
"stationary",75,45.3480680767432,37.7900567306193,9.69258581472952,-0.00734875933274771,0.13701940044413
"stationary",76,41.9757661206719,27.983844080448,5.68629083540929,0.00583047346738044,0
"stationary",77,41.8860852852461,27.9240568568307,9.82569478487694,0.000611463108424013,0
"stationary",78,40.0697590116299,33.391465843025,10.8232126467594,0.011812713318299,0
"stationary",79,40.9442479614711,27.2961653076474,7.57765878010076,-0.00050893085517094,0
"stationary",80,41.3692267451069,27.5794844967379,9.08870491943672,0.00689886279097247,0
"stationary",81,39.0454342530375,32.5378618775312,15.9844155753249,-0.00582477713357393,0
"stationary",82,40.136360587966,33.4469671566383,4.85063242213246,-0.000966904197079308,0
"stationary",83,40.9137582909754,34.0947985758129,14.5415373006302,-0.000176839552966888,0
"stationary",84,41.4356705037244,27.6237803358162,9.43433521022203,0.00401987344540008,0
"stationary",85,42.0248931992948,35.0207443327456,14.9727754707747,0.00316287693468369,0
"stationary",86,40.1351412629202,26.7567608419468,11.1583308378956,0.00591725743697109,0
"stationary",87,41.8880187851921,34.9066823209934,12.2623171777964,0.00160241473123847,0
"stationary",88,39.5140672670701,26.3427115113801,9.93699785873976,-0.00115771276469981,0
"stationary",89,40.9741734098531,34.1451445082109,4.80170093799957,-0.00268425080761939,0
"stationary",90,39.1252587424278,26.0835058282852,4.54102644512018,0.00120568816861465,0
"stationary",91,38.8256459134387,25.8837639422925,19.8739998670315,-0.00594181473505605,0
"stationary",92,40.7129719063836,27.1419812709224,7.29676817751053,0.00556868248012301,0
"stationary",93,40.7081442506861,27.1387628337908,5.46766281773225,0.00338093026788462,0
"stationary",94,39.4517218770007,32.8764348975006,6.41136665105329,0.00383148917786453,0
"stationary",95,42.3542035050577,35.2951695875481,9.31202904238173,0.00608523221696329,0
"stationary",96,41.972818934279,27.9818792895193,12.098114601879,0.00561343822473644,0
"stationary",97,40.6888104202742,33.9073420168952,5.20708257515558,-0.00281844539370198,0
"stationary",98,40.3212723520455,33.6010602933713,13.9328240057342,-0.00377119056713227,0
"stationary",99,39.5521003309251,19.7760501654625,3.70297947668104,0.000737179921841443,0
"stationary",100,40.2048876216201,33.5040730180167,11.1583119418712,0.000399779065584373,0
"stationary",101,40.7082235899861,33.9235196583217,6.55540008803737,-0.00111867640041499,0
"stationary",102,40.3082192117184,33.590182676432,12.7865459784638,-0.00116823561286174,0
"stationary",103,39.4484387838311,19.7242193919156,3.44550247618838,0.000233823790496196,0
"stationary",104,42.1468428375035,28.0978952250024,10.0548452606133,0.000348757645278897,0
"stationary",105,40.5930252418274,27.0620168278849,8.4281432385214,-0.000657691782947918,0
"stationary",106,70.8752312723049,59.0626927269207,14.5473144155262,-0.0162074415514979,0.957704540352477
"stationary",107,39.5094531463926,19.7547265731963,5.96224984815785,-0.0064572799714341,0
"stationary",108,41.1179101174667,27.4119400783111,8.11733605508509,-0.00165785069163295,0
"stationary",109,40.623698509708,33.8530820914234,15.5648905954675,0.00438436256807912,0
"stationary",110,38.1703714015937,25.4469142677291,7.71501054752567,-0.0047551362244171,0
"stationary",111,40.9161301486976,27.2774200991318,8.51700570997772,-0.00500543761773144,0
"stationary",112,40.9260085907288,20.4630042953644,7.80893600903424,-0.00216549379495041,0
"stationary",113,41.7352978827981,27.8235319218654,5.52341004208963,0.0046583466402971,0
"stationary",114,42.3534731336034,35.2945609446695,16.0071529188577,0.00933633871964329,0
"stationary",115,40.2286443670497,20.1143221835249,4.03706895217305,-0.001438627097282,0
"stationary",116,39.1282785228791,19.5641392614396,8.0547333352865,-0.000750217214545391,0
"stationary",117,44.2042540346404,22.1021270173202,4.69670199118055,0.0167809733511405,0
"stationary",118,39.9261209780002,33.2717674816668,19.8540903091096,-0.00655214499818163,0
"stationary",119,38.8900700583136,32.4083917152613,22.2769911083004,-0.00589050121113215,0
"stationary",120,38.7795623716467,38.7795623716467,23.3448799500316,-0.00418860568972731,0
"stationary",121,40.7218560271833,33.9348800226528,8.74590086103735,0.00299536323523791,0
"stationary",122,41.5560522033741,34.6300435028117,11.345085061139,0.00596307377837265,0
"stationary",123,40.101097124034,26.734064749356,11.5005178466472,0.000432696420902809,0
"stationary",124,38.6669917274893,25.7779944849929,8.39287503792557,0.00550186545454951,0
"stationary",125,41.7493085330636,27.8328723553757,9.47090947755152,0.00265461201380572,0
"stationary",126,39.3557280150315,32.7964400125263,7.38663576719514,-0.00304340448254689,0
"stationary",127,41.5003939320266,34.5836616100221,15.8116660014662,0.0105494945262311,0
"stationary",128,40.8095357250481,27.2063571500321,7.4673079535142,0.00643098124847018,0
"stationary",129,43.6778945164621,36.3982454303851,13.8510444113713,-0.00332510741143537,0
"stationary",130,39.5514946034439,32.9595788362033,13.6487624608222,-0.0023046419386265,0
"stationary",131,41.221249216035,27.48083281069,8.63653974492313,-0.00426231645433959,0
"stationary",132,41.3912251422097,27.5941500948065,7.35770005553093,0.00443202907640077,0
"stationary",133,43.5216502444256,36.2680418703546,13.1716534124773,0.00632748362072811,0
"stationary",134,41.3184254233187,27.5456169488791,10.3798491449968,-0.000518587395544719,0
"stationary",135,50.5236347479907,33.6824231653271,10.2073009370115,-0.00871202052483326,0.307377208782431
"stationary",136,70.9521083174419,47.3014055449613,11.7312006331846,-0.0172097302832409,0.989068475836359
"stationary",137,41.3146473608569,20.6573236804284,6.02612452176271,-0.00034834339030144,0
"stationary",138,40.2702918598483,33.5585765498736,8.47838544857675,0.00293567550969428,0
"stationary",139,39.8937429619123,26.5958286412749,6.24418593159522,-0.00589543298567372,0
"stationary",140,42.226179374762,21.113089687381,4.05713364570106,0.00254909185763224,0
"stationary",141,39.9749922933603,26.6499948622402,7.03008582067666,0.00888383686143607,0
"stationary",142,40.4426968711589,26.961797914106,6.6915514588167,0.00214921557823764,0
"stationary",143,39.7934270574414,26.5289513716276,6.98479007913109,0.00579701225333377,0
"stationary",144,40.7892713297602,27.1928475531735,13.099021349584,-0.00492913029953102,0
"stationary",145,54.0839490733805,45.0699575611504,23.6011800923073,-0.00961077777574888,0.422986643255781
"stationary",146,40.4142588857333,26.9428392571556,10.5234448794896,-0.00460751183791575,0
"stationary",147,39.5959513546048,32.9966261288373,9.640225137274,-0.00409463818834277,0
"stationary",148,38.6362842329282,25.7575228219521,6.87062967362673,0.00272568916996677,0
"stationary",149,41.0645819291369,27.3763879527579,7.19898428518436,0.00324597295662294,0
"stationary",150,40.3828138784223,26.9218759189482,11.8452274091316,-0.000340374792046347,0
"stationary",151,39.4868715299462,26.3245810199642,13.2854689669724,-0.00434854040826436,0
"stationary",152,40.2447140800381,26.8298093866921,3.2415536719371,-0.00287517671356926,0
"stationary",153,40.0771972540963,33.3976643784136,11.0456757141766,0.000813307647908339,0
"stationary",154,41.0008801017042,20.5004400508521,7.2464502547011,0.0121987764593061,0
"stationary",155,39.9311192399892,33.275932699991,25.5737812205082,0.00132001594335096,0
"stationary",156,39.8747029463914,33.2289191219928,7.5841778041763,-0.000210527554514267,0
"stationary",157,39.0691924831614,26.0461283221076,10.1054706442126,-0.00755784124879865,0
"stationary",158,42.6494587173954,35.5412155978295,9.35196113695155,0.00603559276844131,0
"stationary",159,39.4043568989496,32.836964082458,13.5071267585327,-0.0058527587974259,0
"stationary",160,40.9374536975186,27.2916357983457,5.50560775790696,-0.00102812802853199,0
"stationary",161,40.5686194034682,27.0457462689788,11.8029149486441,0.00606532248377075,0
"stationary",162,40.0360210613993,33.3633508844994,10.9148768144688,0.0063601514568839,0
"stationary",163,41.7128617194884,27.8085744796589,3.45526895540923,0.00220401253713976,0
"stationary",164,44.0818890374171,36.734907531181,13.0295178137741,0.00727300494598604,0
"stationary",165,40.6643631607144,27.1095754404762,3.65721022380795,0.00308449168452507,0
"stationary",166,43.6435810695759,36.3696508913132,14.475653406025,-0.00223631537228953,0
"stationary",167,40.2892589647068,26.8595059764712,7.91055818123564,-0.0019619568073391,0
"stationary",168,40.4832112840639,20.2416056420319,8.0294617758973,-0.003172343312799,0
"stationary",169,41.273115590779,27.5154103938527,13.7728671101404,-0.00259168218352312,0
"stationary",170,39.6140912949279,26.4093941966186,13.3272020924234,-0.00718158333950557,0
"stationary",171,42.5227682664455,28.3485121776303,10.1783434772155,0.00514072969971656,0
"stationary",172,40.4290802625563,26.9527201750375,8.85621238231397,0.00354831004078393,0
"stationary",173,40.34946890864,26.8996459390933,7.07139307706872,0.00216420413749807,0
"stationary",174,40.9930720500602,27.3287147000402,16.5043275412366,-0.00646086337920624,0
"stationary",175,43.9859926521713,29.3239951014475,9.54453497858722,-0.00846656583336601,0.128603349933221
"stationary",176,43.4566336842028,36.2138614035023,12.4176756281736,0.0112763075750278,0
"stationary",177,40.3569387151848,26.9046258101232,7.93511233852634,-0.00676778096795796,0
"stationary",178,41.1222479982107,27.4148319988072,7.13360011263606,0.00511039917401788,0
"stationary",179,39.3205909930485,26.213727328699,8.30300515824805,-0.00569679965498886,0
"stationary",180,40.4871101216178,26.9914067477452,4.77191033201983,0.00835715825258635,0
"stationary",181,40.8041138028953,27.2027425352635,1.20002413466706,0.00579073126288054,0
"stationary",182,40.1587381031174,26.772492068745,5.36520048182686,-0.00235896755184137,0
"stationary",183,40.0974652327918,33.4145543606598,8.28752381120023,0.00747201249760067,0
"stationary",184,42.7471568197855,28.4981045465236,11.8807977887032,0.00519327812983744,0
"stationary",185,41.8770948703913,27.9180632469275,7.61641424669138,0.00310152436445609,0
"stationary",186,40.631120055257,27.0874133701713,9.04858489138234,0.00295535305557482,0
"stationary",187,38.9594523015513,25.9729682010342,12.1051745546135,-0.000971233074454925,0
"stationary",188,41.4867422326787,34.5722851938989,10.9216462012403,0.00322471442534539,0
"stationary",189,42.2553612619544,35.2128010516287,6.03232302338845,0.00117733222566866,0
"stationary",190,39.1416215266486,19.5708107633243,7.40099378458381,-0.004979286956041,0
"stationary",191,74.7048324039943,62.2540270033286,19.771754624322,-0.0180146650151141,0.994825043790219
"stationary",192,39.8872781188354,33.2393984323629,7.66943055237074,-0.0037830820793602,0
"stationary",193,40.8026215016436,34.002184584703,7.21463969072195,0.000818273817720261,0
"stationary",194,54.8175529642592,36.5450353095061,5.60798572709183,-0.0072812818746876,0.378939249596591
"stationary",195,40.0533937193124,26.7022624795416,9.49209726540175,-8.62382956318939e-05,0
"stationary",196,39.7503859971765,26.500257331451,8.55890407704662,0.00155779318899257,0
"stationary",197,41.306604161098,34.4221701342483,15.2674227635467,0.0047599267187739,0
"stationary",198,41.0182733874439,27.3455155916293,9.39634956233684,0.00401862901311999,0
"stationary",199,41.1978003247847,27.4652002165232,9.60096125455671,0.0057039738345744,0
"stationary",200,40.7896329547443,27.1930886364962,3.38998389116337,0.00073810947275232,0
"level_shift",1,90.0211285924699,60.0140857283133,27.2041303162436,-0.00518092986460769,0.999999828527902
"level_shift",2,89.4648519583974,74.5540432986645,55.4919139520818,-0.00518859331983993,0.999996882586979
"level_shift",3,88.9621800666385,59.3081200444256,27.6238378444305,-0.00521251929574036,0.999999996183314
"level_shift",4,89.3715160972396,59.5810107314931,34.6205809052186,-0.00516533387284544,0.999999776622229
"level_shift",5,89.5739679449809,59.7159786299873,44.5101845586784,-0.00564586595612353,0.999999910457265
"level_shift",6,89.7007674543542,59.8005116362362,26.7084798789232,-0.00546795787206561,0.999999680326218
"level_shift",7,89.2068938690099,59.47126257934,36.3675355673901,-0.00549558773635804,0.999999923351024
"level_shift",8,89.2358073576314,44.6179036788157,20.2585700093863,-0.00549124956345989,0.999999708072801
"level_shift",9,88.9110086268602,44.4555043134301,20.8800735018975,-0.00546701751716933,0.999999896886931
"level_shift",10,89.1579381534488,44.5789690767244,19.8055621753358,-0.00506075860298297,0.999999567772143
"level_shift",11,88.9065607379728,59.2710404919819,34.7932564819112,-0.00551934372184322,0.999999939724695
"level_shift",12,89.0600658631015,74.2167215525846,45.0768952328674,-0.00567269268758202,0.999999974922239
"level_shift",13,89.3692951265908,59.5795300843939,36.0139292378898,-0.00543725273071335,0.999999883006678
"level_shift",14,88.9421545824401,59.2947697216267,34.7662964212396,-0.00560137660170437,0.999999903690247
"level_shift",15,89.0266933827564,74.188911152297,56.700994080426,-0.00522427333942541,0.999999915814333
"level_shift",16,89.3537258696299,74.4614382246915,46.5277251717345,-0.00532059281261825,0.99999998591442
"level_shift",17,89.2891848463518,74.4076540386265,57.3152792786752,-0.00527564731908093,0.999999274650256
"level_shift",18,88.4082302873041,73.6735252394201,55.5802833626178,-0.0059035908864225,0.999999969117637
"level_shift",19,89.298041192967,59.532027461978,36.2137465698694,-0.00527190371496672,0.999998062370168
"level_shift",20,88.6662556078131,59.1108370718754,35.3880734260867,-0.00517996188028409,0.999998849242777
"level_shift",21,88.7241275903002,73.9367729919168,42.9919229360204,-0.00552100967911434,0.999999704550448
"level_shift",22,89.2358146846366,44.6179073423183,27.4181387679136,-0.0058498441218255,0.999999917415806
"level_shift",23,89.653892262834,74.711576885695,45.3331299899813,-0.00504515525806106,0.999995205602661
"level_shift",24,89.1134525691789,74.2612104743158,44.4450789385543,-0.00552412136602603,0.999999804852752
"level_shift",25,89.0066721811154,74.1722268175962,46.0385536858562,-0.00557368757955402,0.999999945680049
"level_shift",26,89.5939876744572,29.8646625581524,13.4654705685058,-0.00536359437354053,0.9999998385297
"level_shift",27,88.9910989600394,59.327399306693,34.3247299752738,-0.00559277116703318,0.999999935327362
"level_shift",28,89.2513887169045,59.5009258112697,44.6961854310971,-0.00511849267736087,0.999999950945403
"level_shift",29,89.6827660068068,59.7885106712045,26.8996422506352,-0.00520370523348291,0.999993854763047
"level_shift",30,88.8487174836191,59.2324783224128,34.7200998571339,-0.00549636049798394,0.999999905220836
"level_shift",31,89.2402608997375,59.4935072664917,35.8803280631011,-0.00493118625760575,0.99999982675557
"level_shift",32,88.8487154658529,59.2324769772353,27.2542790555105,-0.00548319945640412,0.999999847570373
"level_shift",33,88.6462729455349,59.0975152970233,35.40102209514,-0.00533361956698283,0.999999980233145
"level_shift",34,88.8153406775772,59.2102271183848,17.5761403087278,-0.00527049011606322,0.999999722521593
"level_shift",35,89.6740671660147,59.7827114440098,36.6586913736238,-0.00504810451135182,0.99999956720951
"level_shift",36,90.4393493262288,60.2928995508192,35.718703147487,-0.00489736089906732,0.99999920687366
"level_shift",37,89.1067541147332,59.4045027431555,35.9589423873252,-0.00513465651583439,0.999999108506123
"level_shift",38,89.1846290764322,59.4564193842881,37.1641148153247,-0.00520095680102392,0.999999413307248
"level_shift",39,89.4159876439759,59.6106584293173,44.3620639402655,-0.00524369352081629,0.999999138469231
"level_shift",40,88.7574658883881,59.1716439255921,34.9949809660125,-0.00523382797229211,0.999998787022434
"level_shift",41,89.2890868620684,59.5260579080456,27.1903712380871,-0.00507485548919816,0.999996475099301
"level_shift",42,89.9587800420102,44.9793900210051,19.7587925917655,-0.00505823574339292,0.999998196655558
"level_shift",43,89.3759541907447,44.6879770953723,26.5314059125972,-0.00520600653517319,0.999999453916399
"level_shift",44,88.6840848535171,44.3420424267586,26.5672817743162,-0.0054815524376816,0.999999754753279
"level_shift",45,88.7552822607899,44.3776411303949,20.7640868737287,-0.00586796406658172,0.999999960351187
"level_shift",46,90.0122027971555,75.0101689976296,57.3347227919269,-0.00512818178529141,0.999999056559439
"level_shift",47,89.7919833960296,74.8266528300246,43.4085784596041,-0.00589622993870115,0.999999779851599
"level_shift",48,89.135689580217,44.5678447901085,13.6235957652768,-0.00525848141959926,0.999999521138252
"level_shift",49,88.4838691445467,73.7365576204556,43.5136716170014,-0.00515544316608816,0.999999947908707
"level_shift",50,89.4805298128373,74.5671081773644,57.0034591946581,-0.00527198470269231,0.999999882464349
"level_shift",51,89.3537224451788,44.6768612225894,28.101119133628,-0.00545710049777012,0.999999888072963
"level_shift",52,89.1357008494106,59.4238005662738,36.5082929123862,-0.00561899052884344,0.999999843115212
"level_shift",53,89.5739461480966,59.7159640987311,36.279860156107,-0.00516331697477408,0.999999287689142
"level_shift",54,89.2113441328242,59.4742294218828,35.9402725490503,-0.00570098817922698,0.999999948368312
"level_shift",55,89.3581747007941,59.5721164671961,35.8446450518187,-0.00532769511082474,0.999999969998852
"level_shift",56,89.1356889769387,59.4237926512925,43.4789065073963,-0.00532295713887602,0.999999503901729
"level_shift",57,88.6907593238416,44.3453796619208,27.0715304265098,-0.00547039177148052,0.999999765839302
"level_shift",58,89.3670581813344,74.4725484844454,55.4171435781695,-0.00564797442593022,0.999999532973769
"level_shift",59,88.7953178241504,44.3976589120752,19.9537588093622,-0.00529306901183732,0.999999705193429
"level_shift",60,89.3759704252111,59.5839802834741,27.4426465541045,-0.00535769301016888,0.999999917758297
"level_shift",61,88.991098767909,59.327399178606,35.5541472515527,-0.00570779879027515,0.999999929837922
"level_shift",62,89.4894279860218,59.6596186573479,26.8130808631322,-0.00520420528975679,0.9999998652291
"level_shift",63,89.0155482074586,59.3436988049724,35.3998922916727,-0.00509598709623616,0.999999295677905
"level_shift",64,88.9599542060924,44.4799771030462,19.984419203946,-0.00554092895276052,0.999999962856414
"level_shift",65,89.5272499506187,74.6060416255155,44.862195362739,-0.00540589714713038,0.99999992708108
"level_shift",66,89.2981074231718,74.4150895193098,43.8658994161549,-0.00529859554533704,0.999999954661734
"level_shift",67,89.1045582375588,74.253798531299,54.4894358500516,-0.00530593159711604,0.999999931846984
"level_shift",68,89.5672924852885,74.6394104044071,54.9967531650402,-0.00559036764983441,0.999999871103586
"level_shift",69,89.1512785909145,59.4341857272763,36.0903165170269,-0.00565945093020208,0.999999982622982
"level_shift",70,89.636257221014,59.7575048140093,25.7465883333289,-0.00552792728652797,0.999999848774562
"level_shift",71,89.8520007852851,59.9013338568568,35.556030994498,-0.00518802675890257,0.999998369806812
"level_shift",72,89.3070064826557,44.6535032413278,20.0296832849185,-0.00534424674637051,0.999999962749323
"level_shift",73,89.4026640440745,59.601776029383,36.1111465937038,-0.00558010536774159,0.999999840318543
"level_shift",74,89.2313029087232,44.6156514543616,19.7272074606508,-0.00485870573951868,0.999998134909967
"level_shift",75,89.1067783510085,44.5533891755043,20.0736661312697,-0.00545247885722732,0.999999800971131
"level_shift",76,88.6929767028837,44.3464883514419,19.5688422618113,-0.00535783887967877,0.999999556837517
"level_shift",77,89.7964260077209,44.8982130038605,26.5967967502053,-0.00509515264499369,0.999999586236806
"level_shift",78,88.5528362949904,44.2764181474952,19.988020674649,-0.0052733583554596,0.99999999457163
"level_shift",79,89.5316812804327,29.8438937601442,8.99836485050177,-0.00505014971329672,0.999999411126935
"level_shift",80,90.2969962476604,60.1979974984403,35.0756166649368,-0.00537015221108307,0.99999998813433
"level_shift",81,89.4226898295872,59.6151265530581,35.8862172266656,-0.00534285408988258,0.999999941420591
"level_shift",82,89.2847330902561,59.5231553935041,26.5399879824095,-0.00520788821825087,0.999999206996352
"level_shift",83,88.6863137521617,59.1242091681078,36.1710219585988,-0.00542955571948365,0.999999874882992
"level_shift",84,88.5528340821282,44.2764170410641,19.5054263840782,-0.00523548083879411,0.999999931346995
"level_shift",85,89.171301364261,74.3094178035508,44.000654130205,-0.00563861326874483,0.999999997663138
"level_shift",86,89.0756119658614,59.3837413105743,36.7427986536544,-0.00532009979008685,0.999999210465896
"level_shift",87,89.5939863824143,59.7293242549429,35.8320712896311,-0.00537865991045309,0.999999801614188
"level_shift",88,89.3603975263584,74.466997938632,45.1173009575436,-0.00545214910701175,0.999999916611989
"level_shift",89,89.1823779670197,59.4549186446798,36.225146618295,-0.00526822002137092,0.999998658584165
"level_shift",90,88.8353718662787,59.2235812441858,36.45641375994,-0.00544025510472363,0.999999978000464
"level_shift",91,89.0289203254382,44.5144601627191,19.7367335183703,-0.00577483102669038,0.999999980059397
"level_shift",92,88.3481639073512,44.1740819536756,32.8096190700875,-0.00551089364084091,0.999999979428213
"level_shift",93,89.4716284206181,59.647752280412,36.727773450131,-0.00491810654470222,0.999999807727178
"level_shift",94,88.8064502685768,74.005375223814,43.3461249304867,-0.00541039384799745,0.999999961590674
"level_shift",95,89.3492249068411,59.5661499378941,34.9402447708998,-0.00506355191125714,0.999998512355001
"level_shift",96,88.9932726332434,44.4966363166217,25.7842452058191,-0.0051765311451061,0.999998477587346
"level_shift",97,89.4382478840635,59.6254985893757,35.4450469961741,-0.00543213596581955,0.99999951844186
"level_shift",98,89.3870963506999,59.5913975671333,36.4420473813763,-0.0054871572346625,0.999999987900183
"level_shift",99,89.7430459678034,74.7858716398362,59.3499997748269,-0.00529042060394802,0.999999946768004
"level_shift",100,89.7786334224772,59.8524222816515,26.8635703132847,-0.00520968855171525,0.999999728168028
"level_shift",101,88.9844224758531,59.3229483172354,35.5645832355029,-0.00547943249213421,0.99999986670243
"level_shift",102,88.7619563681433,59.1746375787622,35.5350044964727,-0.00567962083683839,0.999999961066609
"level_shift",103,89.2647232215896,44.6323616107948,21.1077119168441,-0.00544638384749609,0.99999956066134
"level_shift",104,89.5628391745485,44.7814195872743,27.4575256373017,-0.00560634088498661,0.999999759031277
"level_shift",105,89.8030747729303,29.9343582576434,17.6530032670161,-0.00499458315842967,0.99999886289097
"level_shift",106,88.8754089792679,74.0628408160566,54.9972954578642,-0.00529820385137861,0.999999767117809
"level_shift",107,89.4894324736028,59.6596216490685,26.9524468949199,-0.00572596812584245,0.999999993445699
"level_shift",108,89.3893125168312,59.5928750112208,44.3220519820973,-0.00536222085886495,0.999999744243802
"level_shift",109,88.7641800799886,44.3820900399943,20.232684432149,-0.00525198847389016,0.999999933002059
"level_shift",110,89.1490397274109,59.4326931516073,36.3072180357392,-0.00543836355024212,0.99999957778301
"level_shift",111,89.0689536903466,59.3793024602311,34.8133748500698,-0.00519541565249401,0.999999662088722
"level_shift",112,89.3670561804895,74.4725468170745,54.7657189830984,-0.0050797335573052,0.99999947580677
"level_shift",113,89.1601763103864,74.300146925322,55.6923198622896,-0.00517729861404471,0.999999952424514
"level_shift",114,89.1579522691507,44.5789761345754,20.2495327891683,-0.00526891473832201,0.999999971077912
"level_shift",115,89.0600647310214,44.5300323655107,19.6565752825055,-0.005856403177711,0.999999942577092
"level_shift",116,89.3292540094418,74.4410450078682,55.6953909996694,-0.00544997682160292,0.999999979484766
"level_shift",117,88.6573955740021,44.3286977870011,19.918988070309,-0.00536197747996502,0.999999956174413
"level_shift",118,88.7708560432525,59.1805706955017,36.9308677433751,-0.00515572508614176,0.999999986743493
"level_shift",119,89.8186809807491,59.8791206538327,35.8235092462414,-0.00522385892587407,0.999999815722023
"level_shift",120,89.2869823441216,44.6434911720608,20.2478429815492,-0.00525734927779088,0.999999908703808
"level_shift",121,88.9110107788938,74.0925089824115,44.8387577724008,-0.00537341342784813,0.999999958373607
"level_shift",122,88.6774070823151,44.3387035411576,21.0903074131055,-0.0052829051145197,0.999999649356469
"level_shift",123,89.3826410155272,59.5884273436848,34.8362132860814,-0.00544121457862657,0.999999817986935
"level_shift",124,89.153501013074,59.4356673420494,35.2254777834024,-0.00546227901729503,0.999999917710267
"level_shift",125,89.4160120227932,59.6106746818621,36.2927551406208,-0.00528797266653261,0.999999835006867
"level_shift",126,88.9688380652776,59.3125587101851,27.2953151696547,-0.00508385543018215,0.999999536649755
"level_shift",127,89.1245821519693,44.5622910759847,20.3345057918869,-0.00557290783430512,0.999999979488969
"level_shift",128,89.3937164936175,44.6968582468087,20.158865963441,-0.00531592789104807,0.999998446774578
"level_shift",129,89.2380351472702,59.4920234315135,35.030817835424,-0.00570475919849579,0.999999796516635
"level_shift",130,89.0978526599682,59.3985684399788,44.1960096862094,-0.00510532344532253,0.999999031981929
"level_shift",131,88.9866514209756,44.4933257104878,19.6567067423084,-0.00587357922730984,0.999999988160085
"level_shift",132,89.1957712949914,74.3298094124928,57.2044258468981,-0.00536186162503004,0.999999948965431
"level_shift",133,89.5583483922122,44.7791741961061,19.9330429506868,-0.00557026986276063,0.999998576341928
"level_shift",134,88.6573961637029,59.104930775802,27.2388921303718,-0.0056432901703259,0.999999973023008
"level_shift",135,89.1979954334932,59.4653302889955,35.9540405339428,-0.00522593669776072,0.999999933091067
"level_shift",136,89.1356974517447,74.2797478764539,44.4572058968975,-0.0053202645927352,0.999999746039043
"level_shift",137,89.7584577335441,74.7987147779534,55.3524162742949,-0.00538463622426955,0.999995344111112
"level_shift",138,89.0511676202681,44.5255838101341,19.4963611598624,-0.00538324580493107,0.999999990167522
"level_shift",139,89.420465227804,44.710232613902,13.0005150013601,-0.00560037654801099,0.999999944058345
"level_shift",140,89.5228010606897,59.6818673737931,36.6540404566517,-0.00560147449587931,0.999999941317655
"level_shift",141,88.9621744105688,74.1351453421407,56.5746115768427,-0.00582852734716245,0.999999834581324
"level_shift",142,89.2180170151107,44.6090085075553,19.7603395568467,-0.00527239120772494,0.999999914081822
"level_shift",143,89.2290827623365,59.486055174891,34.7256741331956,-0.0052362289097389,0.999998264844765
"level_shift",144,89.3225790913351,59.54838606089,35.6230310238031,-0.00570063874682276,0.999999955604965
"level_shift",145,89.5627998401764,74.6356665334803,55.3118762935548,-0.00539803407865466,0.999998635192073
"level_shift",146,89.2647372012493,59.5098248008329,36.0317156870689,-0.00530877218412604,0.999999960080188
"level_shift",147,89.4716297159482,59.6477531439655,26.7581160770397,-0.00566265365993319,0.99999984473661
"level_shift",148,90.0455024452824,75.037918704402,57.839739359616,-0.00505812243933849,0.999997034746826
"level_shift",149,89.3559472065636,59.5706314710424,26.3880268758602,-0.00557024768252629,0.999999889995254
"level_shift",150,89.7096639326497,74.7580532772081,55.052518757616,-0.00521392747769405,0.999999614665569
"level_shift",151,89.602850533698,59.735233689132,37.1269046334629,-0.0053397391487382,0.999998812324631
"level_shift",152,89.7052228902398,59.8034819268265,35.4514818226214,-0.00521069797349863,0.999999853116974
"level_shift",153,89.391539581894,59.5943597212627,37.4191682985059,-0.00547220097462482,0.999999811985467
"level_shift",154,88.9087745039723,74.0906454199769,34.2713457670165,-0.00524411446208712,0.999999627493121
"level_shift",155,89.3092157592554,74.4243464660461,57.9290922540702,-0.0051866388055181,0.999999522249184
"level_shift",156,89.4938765475862,59.6625843650575,45.3784124794813,-0.00520172332500885,0.999999841610679
"level_shift",157,88.8976638839251,44.4488319419626,20.3103094516843,-0.00562503412120267,0.999999994649569
"level_shift",158,89.1757475658689,59.4504983772459,36.5474530226802,-0.00559856639101229,0.999999906617389
"level_shift",159,88.979976852051,74.1499807100425,55.7719937161113,-0.00514058926084144,0.999999974256914
"level_shift",160,89.1668504921139,59.4445669947426,36.6739883867418,-0.00533536423384422,0.99999995526491
"level_shift",161,89.2024386389988,59.4682924259992,26.7947683883712,-0.00539801986688531,0.999999756442395
"level_shift",162,89.2358078263561,44.6179039131781,19.9346144406487,-0.00553450745703723,0.999999721464934
"level_shift",163,89.600660971348,74.6672174761233,56.9219473617033,-0.00489016563773653,0.999999816089046
"level_shift",164,89.8698529051203,59.9132352700802,26.5590815278996,-0.00518809275661302,0.999999928863918
"level_shift",165,88.7063358758693,73.9219465632244,57.5802100633333,-0.00527226107758984,0.999999871362037
"level_shift",166,89.0667226598655,74.2222688832213,54.8536947386685,-0.00513728053676783,0.999999481049393
"level_shift",167,88.5150165366875,73.7625137805729,44.7251168668265,-0.00544606012269299,0.99999999575662
"level_shift",168,89.4961036910944,59.6640691273963,43.7667883939569,-0.00571563599425905,0.999999911593639
"level_shift",169,89.5383708542558,59.6922472361706,35.9653443579093,-0.00522780044776556,0.999999853741491
"level_shift",170,89.1979820283132,59.4653213522088,26.3951709167445,-0.00526854378179672,0.999999550085924
"level_shift",171,89.6851771684747,59.7901181123165,36.7364434053043,-0.00517114922326817,0.999999182407716
"level_shift",172,89.4694057629721,44.734702881486,26.4737565625333,-0.00548695190527673,0.999999865911709
"level_shift",173,89.2246800850712,59.4831200567141,36.309436187035,-0.00524226207804826,0.99999959944316
"level_shift",174,90.194592081168,75.16216006764,44.5458758462378,-0.00510214237260236,0.999998038486256
"level_shift",175,89.776395336981,74.8136627808175,56.001387475129,-0.00537818820249194,0.999999345556839
"level_shift",176,89.3448173907101,59.5632115938067,35.5374726471996,-0.00524930187061508,0.999999708700091
"level_shift",177,88.2925437869461,73.5771198224551,44.4328786441635,-0.00594176108919146,0.999999900348467
"level_shift",178,88.7285418392852,44.3642709196426,26.0023265198223,-0.00538625701474205,0.999998700572616
"level_shift",179,88.3259082960363,44.1629541480181,20.193434643386,-0.00539570607641476,0.999999731706233
"level_shift",180,88.6929908888032,59.1286605925355,35.0287191557826,-0.00552565255224241,0.999999962149502
"level_shift",181,88.2903223238554,58.8602148825703,42.9805963990907,-0.00559618607874245,0.999999992663149
"level_shift",182,88.8019968400639,59.2013312267093,34.9940816595332,-0.00570686302068035,0.999999846153422
"level_shift",183,89.048934422121,74.2074453517675,57.5905900983875,-0.00544774693246408,0.999999747194876
"level_shift",184,89.7096677001444,74.758056416787,43.4550440884885,-0.00520521222736355,0.999999722308274
"level_shift",185,88.8998726887058,74.0832272405881,44.6503969540746,-0.00541453724471165,0.999999540668886
"level_shift",186,89.6807438635892,59.7871625757262,35.5056242039669,-0.00550088578824063,0.999999641931248
"level_shift",187,88.3615121937558,73.6345934947965,58.1396640303361,-0.00525388960889314,0.999999982907562
"level_shift",188,89.4449373833319,74.5374478194432,33.3631015231936,-0.00545153059565207,0.999999958926279
"level_shift",189,89.209103614806,74.340919679005,57.5348345893781,-0.00554512874798275,0.999999496256494
"level_shift",190,88.9087683527568,44.4543841763784,20.2362302823508,-0.00517402270502447,0.999999451744108
"level_shift",191,89.9833006222628,74.9860838518856,56.3457093400251,-0.00550680530416025,0.999999595087056
"level_shift",192,89.6473004609081,44.8236502304541,20.0441832176988,-0.00497201930297173,0.999997556470885
"level_shift",193,89.1023310815399,74.2519425679499,44.4096044482003,-0.00570435503142199,0.999999861506574
"level_shift",194,89.3092128751056,59.5394752500704,26.8026678200457,-0.00494574417998718,0.999999439844904
"level_shift",195,89.2691860710896,74.3909883925746,33.8438628496785,-0.00555939133514633,0.99999994526965
"level_shift",196,88.8776388234655,74.0646990195546,57.0198443062323,-0.00548980475006934,0.999999914263323
"level_shift",197,90.0366761512902,60.0244507675268,35.9299317022076,-0.00519843148467233,0.999999105673284
"level_shift",198,89.5294683476498,59.6863122317666,25.9349812575827,-0.00550060048945199,0.999999747164698
"level_shift",199,89.2847555908227,44.6423777954113,19.7924234247391,-0.00544920336151853,0.999999849869683
"level_shift",200,89.0511625953048,74.209302162754,45.5913823781571,-0.00523179424542417,0.99999984659714
"trend",1,86.3192436040044,71.932703003337,48.8848507533723,-0.00690316223374142,1
"trend",2,86.083426028921,86.083426028921,71.7361883574342,-0.00717971347170353,1
"trend",3,86.3303670745272,71.941972562106,49.9597031681292,-0.00712763645632827,0.999999999999999
"trend",4,86.2947719688543,71.9123099740452,47.06100987406,-0.00711572772126464,1
"trend",5,86.3170189098999,57.5446792732666,47.9538993943888,-0.00667156702734741,1
"trend",6,86.4794215795327,72.0661846496106,48.0441230997404,-0.00716229877405874,0.999999999999998
"trend",7,86.3548387096774,57.5698924731182,35.8875234305664,-0.00757178119272352,0.999999999999998
"trend",8,86.245828698554,71.8715239154616,35.5749330756881,-0.00734959595737069,1
"trend",9,86.2280311457163,71.8566926214302,33.7648089072217,-0.00694910043409302,0.999999999999966
"trend",10,86.1968854282536,43.0984427141268,23.943579285626,-0.00693104199364886,1
"trend",11,86.3459399332591,71.9549499443826,43.7201953166339,-0.00749605708186467,1
"trend",12,86.3036707452725,71.9197256210604,29.3775595820628,-0.00689022780404845,1
"trend",13,86.2191323692992,71.849276974416,29.6818881218493,-0.00754202653211127,1
"trend",14,86.2080088987764,71.840007415647,46.7676718835042,-0.00727298819299041,1
"trend",15,86.2347052280311,86.2347052280311,46.7311437536341,-0.00750143119202039,1
"trend",16,86.1256952169077,71.7714126807564,43.6360984169436,-0.00721849421524773,1
"trend",17,86.2480533926585,71.8733778272154,34.9671701913375,-0.00760946599300311,0.999999999999999
"trend",18,86.285873192436,71.90489432703,46.2285975223685,-0.00717508429183081,0.999999999999999
"trend",19,86.3481646273637,57.5654430849091,37.0409882701215,-0.00721820785694873,0.999999999999999
"trend",20,86.4416017797519,57.6277345198346,28.8068811758024,-0.00758158421470035,0.999999999999903
"trend",21,86.2191323692992,71.849276974416,59.87439747868,-0.0078028888513301,1
"trend",22,86.3503893214683,71.9586577678903,46.8175930917898,-0.00689195346215337,1
"trend",23,86.2502780867631,57.5001853911754,27.470435355729,-0.00712293192353035,1
"trend",24,86.3948832035594,86.3948832035594,54.4124922202685,-0.00685636663393209,0.999999999999997
"trend",25,86.0367074527253,71.6972562106044,29.8738567544185,-0.00695572193279984,1
"trend",26,86.4438264738598,57.6292176492398,30.7395298507386,-0.00729105142913024,0.999999999999998
"trend",27,86.3147942157953,57.5431961438636,23.6908703966568,-0.00744213959571007,1
"trend",28,86.3236929922136,86.3236929922136,58.1073860627358,-0.00707302653255683,1
"trend",29,86.4727474972191,57.6484983314794,31.7588366541576,-0.00664196319271954,1
"trend",30,86.3081201334811,71.9234334445676,58.0149503139762,-0.00718868763283593,0.999999999999985
"trend",31,86.1056729699666,71.7547274749722,28.7745819085024,-0.00747657960715962,1
"trend",32,86.5839822024472,86.5839822024472,28.8613274008157,-0.00741104325624221,1
"trend",33,86.3481646273636,71.9568038561364,18.2414173018576,-0.00727602401312579,0.999999999999997
"trend",34,85.9655172413793,57.3103448275862,23.2744670699276,-0.00724466387638054,1
"trend",35,86.488320355951,57.6588802373007,27.3328204526339,-0.00708952331252956,0.999999999999997
"trend",36,86.3948832035595,57.596588802373,38.3977258682487,-0.00679651974691676,1
"trend",37,86.3459399332592,57.5639599555061,37.7032841314992,-0.00725786464931953,1
"trend",38,86.5127919911012,72.0939933259177,30.039163885799,-0.00709443119711954,1
"trend",39,86.5528364849833,72.1273637374861,34.8628099423001,-0.00741892925552463,0.999999999999999
"trend",40,86.4149054505005,57.6099369670004,32.0055205372224,-0.00686055106573769,1
"trend",41,86.1790878754171,57.4527252502781,29.9168764946937,-0.00698385549175033,1
"trend",42,86.4037819799777,43.2018909899889,9.43460903264771,-0.00713958784591065,1
"trend",43,86.301446051168,71.9178717093066,39.954373171837,-0.00683823537119013,1
"trend",44,86.1679644048943,71.8066370040786,11.9677728340131,-0.00698198478528825,1
"trend",45,86.3437152391546,57.5624768261031,15.9895768961398,-0.00721882781120201,1
"trend",46,86.1835372636262,71.8196143863552,46.9388498288326,-0.00719872253594528,1
"trend",47,86.2814238042269,71.9011865035224,47.5642235084652,-0.0070082539671649,0.999999999999999
"trend",48,86.2502780867631,57.5001853911754,14.9689386981439,-0.00704727159824911,1
"trend",49,86.4215795328134,43.2107897664067,26.3402015107127,-0.00707206071591472,0.999999999999976
"trend",50,86.3058954393771,57.5372636262514,31.9651464590286,-0.00704807215686889,1
"trend",51,86.2413793103448,71.867816091954,29.9449233716475,-0.00722599272969664,1
"trend",52,86.2703003337041,57.5135335558028,15.3463529094829,-0.00687667139741696,1
"trend",53,86.2324805339265,71.8604004449388,34.2413116875721,-0.00723807802499328,0.999999999999998
"trend",54,86.2035595105673,71.8362995921394,28.4991058180403,-0.00739416591274569,1
"trend",55,86.3392658509454,71.9493882091212,35.3133645722766,-0.00667055960760793,0.999999999999998
"trend",56,86.3948832035595,71.9957360029663,47.645142018098,-0.00714382771933931,1
"trend",57,86.4037819799778,43.2018909899889,21.8901018893288,-0.00689298143412923,1
"trend",58,86.3926585094549,71.9938820912125,47.5287654741255,-0.00725743673309456,1
"trend",59,86.3259176863119,71.9382647385932,35.6192023321826,-0.00703115888794579,0.999999999999821
"trend",60,86.4482758620685,86.4482758620685,36.0201149425285,-0.00714824954278854,0.999999999999987
"trend",61,86.3170189098998,57.5446792732665,38.363119515511,-0.00708668716728289,0.999999999999997
"trend",62,86.5461624026686,72.1218020022238,37.5585306693966,-0.00718817283931452,0.99999999999997
"trend",63,86.06340378198,71.71950315165,29.1183496450929,-0.00793520148230297,0.999999999999999
"trend",64,86.2591768631813,71.8826473859844,39.9348041033247,-0.00734804377211766,1
"trend",65,86.3948832035595,57.596588802373,31.9981048902072,-0.00734277332633533,1
"trend",66,86.1879866518354,71.8233222098628,27.7335290552102,-0.00734965158782166,1
"trend",67,86.3014460511677,71.9178717093065,47.9452478062043,-0.00721412142199993,0.999999999999994
"trend",68,86.4104560622913,57.6069707081942,36.0300354424185,-0.00757864180652323,0.999999999999998
"trend",69,86.3370411568397,57.5580274378932,25.4928602059707,-0.0075001558939026,0.999999999999966
"trend",70,86.3481646273637,57.5654430849092,23.9856012853788,-0.00712984809762565,1
"trend",71,86.2013348164622,71.8344456803852,28.2753646781694,-0.00730356850906663,0.999999999999984
"trend",72,86.2769744160178,57.5179829440119,31.3315330916532,-0.00684176620961284,1
"trend",73,86.3348164627361,43.1674082313681,23.9818934618712,-0.00688855023665535,0.999999999999993
"trend",74,86.1657397107894,71.8047830923245,59.8373192436038,-0.0071300651960713,0.999999999999989
"trend",75,86.1790878754171,86.1790878754171,33.7137051673949,-0.00702243803897312,1
"trend",76,86.3793103448276,71.9827586206897,14.6617800925044,-0.00725560910451196,1
"trend",77,86.6195773081201,72.1829810901001,45.4690226857845,-0.00744679426509053,0.999999999999999
"trend",78,86.2480533926585,71.8733778272154,46.6398720905621,-0.0075984934876917,1
"trend",79,86.3392658509455,57.559510567297,31.9775058707206,-0.00707090903866298,1
"trend",80,86.448275862069,57.632183908046,38.4214559386973,-0.00735162059034769,1
"trend",81,86.2458286985538,57.4972191323692,23.9571746384872,-0.00712294035620946,0.999999999999996
"trend",82,86.2480533926585,71.8733778272154,34.2612784325757,-0.00691928013291322,1
"trend",83,86.4794215795326,72.0661846496105,47.0846310724284,-0.00750381097172246,0.999999999999994
"trend",84,86.3036707452725,71.9197256210604,47.2843973290093,-0.00741074052946863,1
"trend",85,86.4371523915462,57.6247682610308,29.5053071008025,-0.00732236350905528,1
"trend",86,86.250278086763,57.5001853911753,28.65785041529,-0.00721911232790405,0.999999999999999
"trend",87,86.0611790878753,71.717649239896,47.8117661599307,-0.0070309896926523,0.999999999999996
"trend",88,86.3392658509455,71.9493882091212,46.2240107324444,-0.00688040785851346,1
"trend",89,86.3882091212458,86.3882091212458,45.0900504083153,-0.00721125277467611,1
"trend",90,86.2614015572859,71.8845012977382,29.3890283611048,-0.0074002397604517,1
"trend",91,86.1857619577308,57.4571746384872,31.9206525769373,-0.00698183317833661,0.999999999999999
"trend",92,86.2436040044494,71.8696700037078,23.9565566679026,-0.00687906674265924,1
"trend",93,86.4037819799775,72.0031516499813,50.0021886458203,-0.00732404538830998,0.999999999999994
"trend",94,86.3147942157953,71.9289951798294,43.8100909437284,-0.00724289744131109,0.999999999999998
"trend",95,86.2146829810899,57.4764553207266,14.4413738394302,-0.00746278359935348,0.999999999999994
"trend",96,86.4771968854283,72.0643307378569,46.8669789754983,-0.00700774564977623,1
"trend",97,86.1390433815349,71.7825361512791,47.5980844786561,-0.00730952612730472,0.999999999999995
"trend",98,86.4371523915462,57.6247682610308,29.9205730689996,-0.00681616641267602,1
"trend",99,86.2992213570633,71.9160177975528,57.3923771691037,-0.00740904368125234,0.999999999999997
"trend",100,86.4149054504989,43.2074527252495,28.1441443739074,-0.00686999537575987,0.999999999999953
"trend",101,86.2969966629588,71.914163885799,49.6151244350735,-0.00781683846702915,0.999999999999999
"trend",102,86.3503893214683,86.3503893214683,71.9586577678903,-0.00729107946633891,1
"trend",103,86.3704115684093,86.3704115684093,47.9835619824496,-0.00724778620224747,0.999999999999997
"trend",104,86.1991101223582,57.4660734149055,36.8008096926815,-0.00725735695017313,1
"trend",105,86.6195773081201,57.7463848720801,28.87319243604,-0.00706049777015076,1
"trend",106,86.5105672969966,72.0921394141639,48.0614262761092,-0.00705139465141642,0.999999999999999
"trend",107,86.4215795328142,57.6143863552095,37.630028953238,-0.00722208708596184,0.999999999999999
"trend",108,86.3125695216895,57.5417130144597,31.4542615261941,-0.00655636603743409,0.999999999999965
"trend",109,86.368186874304,71.97348906192,58.6069341026058,-0.00734342193579833,0.999999999999978
"trend",110,86.3592880978865,71.9660734149055,19.9905759485849,-0.00698230665655835,1
"trend",111,86.3926585094549,71.9938820912125,28.8397911495178,-0.00760156006156232,1
"trend",112,86.1635150166852,71.802929180571,47.868619453714,-0.00739840674432,1
"trend",113,86.1479421579533,71.7899517982944,38.7067867491902,-0.00760843077748188,1
"trend",114,86.3548387096774,71.9623655913979,45.8248647185215,-0.00751009083936206,1
"trend",115,86.325917686318,71.9382647385983,39.1081897252091,-0.00708657992204988,0.999999999999997
"trend",116,86.3904338153504,71.9920281794587,38.3223850902496,-0.00684108836072001,1
"trend",117,86.2836484983315,57.522432332221,36.8842260194075,-0.0071976443917423,1
"trend",118,86.2413793103448,71.867816091954,39.92656449553,-0.00725174644270215,0.999999999999998
"trend",119,86.3459399332592,43.1729699666296,11.8874405148816,-0.00729549809705995,1
"trend",120,86.3548387096774,71.9623655913979,38.6573542394583,-0.00690129968611371,1
"trend",121,86.2502780867631,86.2502780867631,57.5001853911754,-0.00677952904831075,1
"trend",122,86.4193548387095,72.0161290322579,45.6740416961224,-0.00726253196431113,0.999999999999995
"trend",123,86.3570634037817,71.9642195031514,56.2818694293367,-0.00750769555132453,0.999999999999991
"trend",124,86.377085650723,71.9809047089359,49.9867393812055,-0.00687823926643968,1
"trend",125,86.3147942157953,57.5431961438635,19.1810653812878,-0.00734079858037125,0.999999999999998
"trend",126,86.3348164627363,71.9456803856136,33.3915527675227,-0.00686988731556862,0.999999999999997
"trend",127,86.2213570634038,71.8511308861698,28.7011057187324,-0.00668576052448235,1
"trend",128,86.4238042269187,57.6158694846125,38.2875486037657,-0.0071007708537809,0.999999999999998
"trend",129,86.4104560622914,43.2052280311457,28.8034853540971,-0.00721231570321999,1
"trend",130,86.2680756395994,57.5120504263996,30.9191464416764,-0.00714618346302462,0.999999999999996
"trend",131,86.2057842046719,71.8381535038932,39.9100852799407,-0.00672682657269038,1
"trend",132,86.2080088987764,71.840007415647,59.8666728463725,-0.00714116845008634,1
"trend",133,86.4527252502781,72.0439377085651,40.0244098380917,-0.00718980732101202,1
"trend",134,86.270300333704,71.8919169447534,31.6414942355931,-0.00717893156007981,0.999999999999998
"trend",135,86.3681868743048,57.5787912495365,28.7893956247683,-0.0071824486041444,1
"trend",136,86.3014460511677,57.5342973674451,38.3514641551761,-0.00734327719640979,0.999999999999991
"trend",137,86.2302558398217,71.8585465331847,39.9214147406582,-0.00758344549763237,0.99999999999999
"trend",138,86.1657397107898,71.8047830923248,27.3359202058022,-0.0070983774206809,1
"trend",139,86.1412680756396,57.4275120504264,22.8036564725174,-0.00763066513256379,1
"trend",140,86.3904338153503,71.9920281794586,35.9960140897293,-0.00721741538109398,0.999999999999999
"trend",141,86.3125695216908,71.9271412680756,17.7523131673517,-0.00697938448541427,1
"trend",142,86.3904338153504,57.5936225435669,28.0760023490383,-0.00748094919692929,1
"trend",143,86.2569521690767,71.8807934742306,39.3116390479328,-0.00739632403544341,0.999999999999999
"trend",144,86.1857619577308,86.1857619577308,59.6123049648128,-0.00734332102331499,1
"trend",145,86.2213570634036,71.8511308861697,27.4828233302692,-0.00702058357006263,0.999999999999994
"trend",146,86.3325917686318,71.9438264738598,49.0653625211523,-0.00688951016158482,1
"trend",147,86.4304783092325,72.0253985910271,23.7589621481118,-0.0068277095718724,1
"trend",148,86.3993325917686,57.5995550611791,37.912773763581,-0.00730902657260727,1
"trend",149,86.5105672969966,43.2552836484983,27.3846106463379,-0.00676170528265452,1
"trend",150,86.3726362625135,71.9771968854279,22.3400285297175,-0.00723412322427251,0.999999999999988
"trend",151,86.3303670745272,57.5535780496848,47.8948692976645,-0.00707141814602217,0.999999999999998
"trend",152,86.3437152391546,71.9530960326288,28.7008550024048,-0.00713059678994527,1
"trend",153,86.210233592881,71.8418613274008,33.0636592430187,-0.00733480889496569,1
"trend",154,86.1835372636262,57.4556915090842,31.9198286161579,-0.00639278167631707,0.999999999999999
"trend",155,86.3192436040044,71.932703003337,39.9626127796317,-0.00680736203747982,1
"trend",156,86.2280311457175,86.2280311457175,33.5310953148104,-0.00716274167988814,1
"trend",157,86.4527252502775,57.6351501668517,22.8286362077632,-0.00732652797022355,0.999999999999984
"trend",158,86.1345939933259,71.7788283277716,23.9262761092572,-0.0070889880259442,1
"trend",159,86.4460511679644,57.6307007786429,28.8153503893215,-0.00682562811426229,1
"trend",160,86.4238042269188,57.6158694846125,39.9836716347713,-0.00698941871068077,1
"trend",161,86.2703003337041,43.1351501668521,20.7516889807682,-0.00725565411759794,1
"trend",162,86.3503893214683,43.1751946607341,16.3835044388233,-0.00729322196940406,1
"trend",163,86.452725250278,86.452725250278,36.0219688542825,-0.00710891752493631,0.999999999999997
"trend",164,86.5394883203542,72.1162402669618,33.4395914853772,-0.00722845235569289,0.99999999999995
"trend",165,86.1790878754171,71.8159065628476,34.889478962097,-0.00757559046980566,1
"trend",166,86.1635150166852,71.802929180571,39.8905162114283,-0.00708055206233823,1
"trend",167,86.2614015572859,43.1307007786429,28.7538005190953,-0.00721526513179889,1
"trend",168,86.4193548387097,57.6129032258064,32.0071684587814,-0.00717381627369,1
"trend",169,86.1857619577307,86.1857619577307,52.6177305979972,-0.00787542448020979,0.999999999999997
"trend",170,86.2903225806451,86.2903225806451,57.5268817204301,-0.00771809970305657,0.999999999999999
"trend",171,86.2858731924359,57.5239154616239,23.96829810901,-0.00708957377216462,0.999999999999996
"trend",172,86.4193548387093,57.6129032258062,32.0071684587813,-0.00724275065945535,0.999999999999991
"trend",173,86.3948832035595,57.596588802373,21.8400801215465,-0.00759375982636658,1
"trend",174,86.3192436040043,57.5461624026696,38.3180276903259,-0.00740418138198534,0.999999999999997
"trend",175,86.2436040044494,43.1218020022247,17.967417500927,-0.00707624587270776,1
"trend",176,86.2769744160178,57.5179829440119,26.7047555478425,-0.00761229760107915,1
"trend",177,86.2903225806452,43.1451612903226,11.9847670250896,-0.00686656338239126,1
"trend",178,86.3103448275862,71.9252873563218,35.3584074868624,-0.00738072844045537,1
"trend",179,86.3170189098999,43.1585094549499,17.7392727838963,-0.00695046693199557,1
"trend",180,86.3036707452725,86.3036707452725,53.3884871669759,-0.00761217684467233,1
"trend",181,86.3125695216908,71.9271412680756,31.967618341367,-0.00685065816954636,1
"trend",182,86.2725250278087,43.1362625139043,23.9645902855024,-0.00702700593086811,1
"trend",183,86.1879866518353,71.8233222098628,47.7330732504977,-0.00703487711641938,0.999999999999999
"trend",184,86.3837597330367,57.5891731553578,31.9939850863099,-0.00716913977690085,1
"trend",185,86.2191323692992,71.849276974416,39.9162649857867,-0.00717656293858383,1
"trend",186,86.4238042269187,57.6158694846125,36.9004376026038,-0.00712910925426258,0.999999999999999
"trend",187,86.2235817575083,71.8529847979236,23.1642579270376,-0.00706167376003925,1
"trend",188,86.3637374860957,71.969781238413,49.979014748898,-0.0068923427597566,1
"trend",189,86.2969966629588,86.2969966629588,41.4186573340748,-0.00729206714121162,1
"trend",190,86.0367074527253,71.6972562106044,35.8486281053022,-0.00749990895132723,1
"trend",191,86.4727474972191,72.0606229143493,28.558414773938,-0.00704404820486632,0.999999999999999
"trend",192,86.1279199110122,57.4186132740082,47.8488443950068,-0.00717312193889831,1
"trend",193,86.3214682981088,71.9345569150907,59.9454640959089,-0.00700424367790591,0.999999999999995
"trend",194,86.1434927697442,57.4289951798294,36.3351613093769,-0.00737040103775122,1
"trend",195,86.2880978865404,57.5253985910269,37.4914601939687,-0.00731667715287272,0.999999999999993
"trend",196,86.2436040044494,71.8696700037078,39.0912795070854,-0.00752021145153629,1
"trend",197,86.5172413793102,57.6781609195402,28.8582474704046,-0.00752655674703579,0.999999999999998
"trend",198,86.154616240267,71.7955135335558,43.4124501374853,-0.00732711889952192,1
"trend",199,86.4705228031145,72.0587690025955,19.697923474723,-0.00735488958790279,1
"trend",200,86.2591768631813,71.8826473859844,31.9478432826598,-0.00697496765262493,1
"hyperstable",1,86.2035595105312,57.4690396736875,31.9272442631597,-0.00270270844636382,0.99999999999897
"hyperstable",2,86.0967741935143,71.7473118279286,39.546711420576,-0.00285498785578066,0.999999999999026
"hyperstable",3,86.5061178755923,86.5061178755923,48.0589543753291,-0.002426747448394,0.999999999051566
"hyperstable",4,86.2347052280309,57.489803485354,39.9234746426069,-0.00269966079703184,0.999999999999994
"hyperstable",5,86.2925472706756,57.5283648471171,23.9701520196321,-0.00267377153480185,0.999999999883596
"hyperstable",6,86.3815350383324,86.3815350383324,86.3815350383324,-0.0030086874548374,0.999999999982865
"hyperstable",7,86.6129026920475,72.1774189100396,36.0887094550198,-0.00281177394168942,0.999999984749745
"hyperstable",8,86.290322580644,71.9086021505367,59.9238351254472,-0.00260852706624444,0.999999999999968
"hyperstable",9,86.512791984191,57.6751946561273,28.8375973280637,-0.00265115600499739,0.999999999802564
"hyperstable",10,86.2102335834706,57.473489055647,38.3156593704314,-0.00279154334372428,0.99999999973113
"hyperstable",11,86.3815350389259,57.5876900259506,23.9948708441461,-0.0030145674085434,0.999999999999821
"hyperstable",12,86.2680755145384,57.5120503430256,39.9389238493233,-0.00245847675737634,0.999999996426824
"hyperstable",13,86.4193548329251,57.6129032219501,32.0071684566389,-0.00280969847872825,0.999999999834726
"hyperstable",14,86.3548387091071,71.9623655909226,49.9738649936963,-0.00291092810852852,0.999999999983706
"hyperstable",15,86.3014460510401,71.9178717092001,29.9657798788334,-0.00281023998197612,0.999999999996347
"hyperstable",16,86.2369299214888,57.4912866143259,38.3275244095506,-0.00266638665231628,0.999999999981517
"hyperstable",17,86.4215795328142,72.0179829440118,40.009990524451,-0.00300346491122337,1
"hyperstable",18,86.3503893213806,71.9586577678172,49.9712901165397,-0.00340149645080593,0.999999999997495
"hyperstable",19,86.2814238041945,71.9011865034954,39.945103613053,-0.00293481475711672,0.999999999999073
"hyperstable",20,86.4416016892899,57.6277344595266,48.0231120496055,-0.00256860807193307,0.999999997415275
"hyperstable",21,86.1902113459398,71.8251761216165,39.9028756231203,-0.00303035416705575,0.999999999999996
"hyperstable",22,86.2903224261037,71.9086020217531,29.4120337549579,-0.00250507480992498,0.999999995584529
"hyperstable",23,86.2213569937156,57.4809046624771,23.9503769426988,-0.00270207174575484,0.999999998008909
"hyperstable",24,86.2347050668619,71.8622542223849,46.263603592717,-0.00286956599048378,0.999999995395166
"hyperstable",25,86.3370411567814,86.3370411567814,47.9650228648786,-0.00325847078478007,0.9999999999983
"hyperstable",26,86.459399332312,72.0494994435934,48.0329996290622,-0.00300838234671997,0.999999999992008
"hyperstable",27,86.2191323687985,71.8492769739987,9.97906624638872,-0.00312219227864702,0.999999999985693
"hyperstable",28,86.4816462420867,72.0680385350722,40.0377991861512,-0.00286245537160243,0.999999999098551
"hyperstable",29,86.2302553081693,86.2302553081693,43.1151276540847,-0.00267087187491757,0.999999984809922
"hyperstable",30,86.3770856507207,43.1885428253603,20.581484991619,-0.00294794974342733,0.999999999999933
"hyperstable",31,86.3793102799869,71.9827585666557,47.9885057111038,-0.00265104122867311,0.999999998147408
"hyperstable",32,86.3103448271287,71.9252873559406,35.9626436779703,-0.00263602679074884,0.999999999986929
"hyperstable",33,86.3971078976473,57.5980719317649,31.9989288509805,-0.0027652575324631,0.999999999999521
"hyperstable",34,86.3303670744732,57.5535780496488,38.3690520330992,-0.00308799317513149,0.999999999998455
"hyperstable",35,86.3815350389119,57.5876900259412,39.9914514069037,-0.00321926572119096,0.999999999999421
"hyperstable",36,86.3103447815983,71.9252873179986,35.9626436589993,-0.00266731309811422,0.99999999868606
"hyperstable",37,86.2969966629116,57.5313311086078,31.9618506158932,-0.00294036591443359,0.999999999998651
"hyperstable",38,86.472747496682,57.6484983311214,38.4323322207476,-0.00300244127543708,0.999999999984655
"hyperstable",39,86.2302558398213,57.4868372265476,47.3790984271176,-0.00322648649189135,0.99999999999998
"hyperstable",40,86.2992213569661,57.5328142379774,25.5701396613233,-0.00312910115778079,0.999999999997219
"hyperstable",41,86.4860956594639,57.6573971063093,40.0398591016037,-0.0027535936238542,0.999999999931926
"hyperstable",42,86.2791991093357,71.8993325911131,29.9580552462971,-0.00294013046679702,0.999999999977523
"hyperstable",43,86.0589543689241,43.0294771844621,13.5895689388826,-0.00268388561726537,0.999999999290093
"hyperstable",44,86.4260289191909,72.0216907659925,39.7257906161545,-0.00308968049193756,0.999999999947645
"hyperstable",45,86.4238042231344,86.4238042231344,56.9232100091436,-0.00303935397987078,0.999999999891875
"hyperstable",46,86.2169076751541,71.8474230626284,49.894043793492,-0.00293431118973874,0.999999999998841
"hyperstable",47,86.332591768618,57.5550611790787,23.9812754912828,-0.00243516021362178,0.999999999999606
"hyperstable",48,86.3370411568362,57.5580274378908,31.9766819099394,-0.00317770276342071,0.999999999999866
"hyperstable",49,86.3214682839684,57.5476455226456,38.3650970150971,-0.0024006887988659,0.999999999595982
"hyperstable",50,86.4238042268513,72.0198368557094,60.0165307130912,-0.00289429246836957,0.999999999998071
"hyperstable",51,86.3281423804138,71.9401186503448,49.9584157294061,-0.00327454344777164,0.999999999999746
"hyperstable",52,86.2102326018178,57.4734884012118,38.3156589341412,-0.00300844945444662,0.999999971683908
"hyperstable",53,86.2369299221316,71.864108268443,39.9245045935794,-0.00291151729052831,0.999999999999882
"hyperstable",54,86.3526140153478,71.9605116794565,39.9780620441425,-0.00282144221326572,0.999999999993571
"hyperstable",55,86.3859843661821,71.9883203051517,47.9922135367678,-0.00269952589121686,0.999999998258309
"hyperstable",56,86.4972191322685,72.0810159435571,40.0450088575317,-0.00249511440752012,0.999999999997119
"hyperstable",57,86.3993325917436,71.999443826453,23.9998146088177,-0.00281088392140293,0.999999999999285
"hyperstable",58,86.2035595105568,71.8362995921307,15.6433742782667,-0.00282725404652155,0.999999999999701
"hyperstable",59,86.3058954369562,57.5372636246375,7.77130861516195,-0.00296237695962899,0.999999999930833
"hyperstable",60,86.4616240263892,72.0513533553244,72.0513533553244,-0.00318493657602371,0.999999999991225
"hyperstable",61,86.250278086335,57.50018539089,38.33345692726,-0.00287260977125795,0.99999999998777
"hyperstable",62,86.1390433815303,86.1390433815303,58.90121320637,-0.0031947814012028,0.999999999999866
"hyperstable",63,86.1212458286951,57.4141638857967,28.7070819428984,-0.00276160004086272,0.999999999999902
"hyperstable",64,86.3726362624145,57.5817575082763,31.9898652823758,-0.00327230919193743,0.999999999997159
"hyperstable",65,86.0500556172899,71.7083796810749,49.7974858896354,-0.00319623269264248,0.999999999998208
"hyperstable",66,86.1968854254486,71.8307378545405,35.9153689272702,-0.00313658460298205,0.999999999919856
"hyperstable",67,86.2880978818107,71.9067482348422,39.17461358735,-0.00290469217747059,0.999999999864859
"hyperstable",68,86.2080088987425,43.1040044493712,21.5520022246856,-0.00289028738727728,0.99999999999903
"hyperstable",69,86.4705228031021,57.6470152020681,32.0261195567045,-0.00309249891359188,0.999999999999645
"hyperstable",70,86.2947719680868,57.5298479787245,19.1766159929082,-0.00308744998243295,0.999999999978072
"hyperstable",71,86.4638487170922,72.0532072642435,30.0221696934348,-0.00258133257107396,0.999999999894039
"hyperstable",72,86.4037819769575,72.0031516474646,30.0013131864436,-0.00248104155770668,0.999999999913708
"hyperstable",73,86.2725250269593,71.8937708557994,39.9409838087775,-0.00292364393689521,0.999999999975731
"hyperstable",74,86.167964403598,57.4453096023987,31.9140608902215,-0.00242771449027593,0.999999999962962
"hyperstable",75,86.185761957668,86.185761957668,35.9107341490284,-0.00285106502972967,0.999999999998207
"hyperstable",76,86.2169076751929,57.4779384501286,39.9152350348116,-0.00339689222727333,0.99999999999995
"hyperstable",77,86.3170189098531,71.9308490915443,35.9654245457721,-0.00339198888786632,0.999999999998664
"hyperstable",78,86.2747497216021,57.5164998144014,38.3443332096009,-0.00347595795172456,0.999999999991111
"hyperstable",79,86.4238042256922,57.6158694837948,32.008816379886,-0.00293335250324741,0.999999999964954
"hyperstable",80,86.3125695216823,71.9271412680686,39.9595229267048,-0.00302567067023617,0.999999999999758
"hyperstable",81,86.2235817551919,71.8529847959933,47.9019898639955,-0.0029508183984843,0.999999999933816
"hyperstable",82,86.4794215777534,72.0661846481278,36.0330923240639,-0.00285937625048007,0.999999999949159
"hyperstable",83,86.1501668472258,71.7918057060215,59.826504755018,-0.00258629734334915,0.999999999861943
"hyperstable",84,86.210233584014,71.8418613200116,29.9341088833382,-0.00316604382171537,0.999999999746656
"hyperstable",85,86.4015572853178,72.0012977377648,40.0007209654249,-0.0025110727335348,0.999999999984131
"hyperstable",86,86.3904338153388,86.3904338153388,86.3904338153388,-0.00306834813364442,0.99999999999967
"hyperstable",87,86.4126807563871,72.0105672969893,48.0070448646595,-0.00297046766617874,0.999999999999748
"hyperstable",88,86.2858731924225,71.9048943270187,35.9524471635094,-0.00300701004551511,0.999999999999613
"hyperstable",89,86.2747497183889,71.8956247653241,49.9275171981417,-0.00296036657877712,0.999999999899304
"hyperstable",90,86.4327029845617,43.2163514922809,30.0113552029728,-0.00297715719496688,0.999999999463562
"hyperstable",91,86.3147942157836,57.5431961438558,31.9684423021421,-0.00279416771368831,0.999999999999666
"hyperstable",92,86.4104549897003,57.6069699931335,37.7965158002824,-0.00288474614989462,0.999999969354538
"hyperstable",93,86.2013348120101,57.4675565413401,47.8896304511168,-0.00275107283595626,0.999999999872783
"hyperstable",94,86.3014460241284,86.3014460241284,47.9452477911824,-0.00278901834541575,0.99999999922744
"hyperstable",95,86.3681866599258,71.9734888832715,29.9889537013631,-0.00256406513773776,0.999999993874886
"hyperstable",96,86.2858731754593,71.9048943128828,19.9735817535786,-0.00275019038441021,0.999999999514951
"hyperstable",97,86.2947719598859,57.5298479732573,38.3532319821715,-0.00257478513581067,0.999999999743761
"hyperstable",98,86.2169076750633,57.4779384500422,28.7389692250211,-0.00280234491182897,0.999999999996247
"hyperstable",99,86.2836484983307,86.2836484983307,71.9030404152756,-0.0030528610356993,0.999999999999979
"hyperstable",100,86.4549499433331,86.4549499433331,86.4549499433331,-0.00316440817104383,0.999999999970012
"hyperstable",101,86.4393770854998,57.6262513903332,40.0182301321758,-0.0026098114695693,0.999999999995686
"hyperstable",102,86.0878754171154,57.3919169447436,15.9421991513177,-0.00280132508490291,0.999999999999578
"hyperstable",103,86.37931034442,71.98275862035,39.99042145575,-0.00230825595618513,0.999999999988356
"hyperstable",104,86.3192436028817,86.3192436028817,38.3641082679474,-0.00261388201637513,0.99999999996792
"hyperstable",105,86.1701890982126,57.4467927321417,31.9148848511898,-0.00304134057025429,0.999999999977534
"hyperstable",106,86.2614015520938,71.8845012934115,49.9197925648691,-0.00296902283753037,0.999999999851654
"hyperstable",107,86.348164627103,71.9568038559192,35.1685190276518,-0.00269968237060151,0.999999999992551
"hyperstable",108,86.1190211345183,57.4126807563455,47.843900630288,-0.00344428833597698,0.999999999997838
"hyperstable",109,86.3592880975091,43.1796440487546,28.7864293658364,-0.00309665103931163,0.999999999989217
"hyperstable",110,86.4816462734822,72.0680385612352,10.0094498001716,-0.00279321956505794,0.999999999995567
"hyperstable",111,86.4282535909815,57.618835727321,31.2871184293153,-0.00280538966246827,0.999999999310102
"hyperstable",112,86.2258061714947,71.8548384762456,49.8991933862817,-0.00278160939584664,0.999999991996623
"hyperstable",113,86.1568407818645,71.7973673182204,35.8986836591102,-0.00274285605588397,0.999999995642656
"hyperstable",114,86.1946607312704,43.0973303656352,21.5486651828176,-0.00297306912056766,0.999999999917752
"hyperstable",115,86.2814237994482,57.5209491996321,23.9670621665134,-0.00289482004381055,0.999999999863464
"hyperstable",116,86.4883203559401,72.0736002966168,60.061333580514,-0.00249203664877391,0.999999999999689
"hyperstable",117,86.0945494992591,86.0945494992591,43.0472747496295,-0.00309954316754174,0.999999999994721
"hyperstable",118,86.4616240261686,86.4616240261686,60.0427944626171,-0.00311035365084951,0.999999999984921
"hyperstable",119,86.127919910706,86.127919910706,35.8866332961275,-0.00293621945036139,0.999999999991251
"hyperstable",120,86.2035595093014,71.8362995910845,39.6571755040833,-0.0026347357378396,0.99999999996383
"hyperstable",121,86.2525027808468,57.5016685205645,31.9453714003136,-0.00281375470052951,0.999999999999404
"hyperstable",122,86.385984426333,57.590656284222,28.795328142111,-0.00299363220281345,0.999999999976907
"hyperstable",123,86.4593993322332,57.6395995548221,38.4263997032147,-0.00304551302720599,0.999999999989754
"hyperstable",124,86.3882091187175,71.990174265598,47.9934495103986,-0.002841069900675,0.999999999927764
"hyperstable",125,86.2658509379119,86.2658509379119,71.8882091149266,-0.00282416954858,0.99999999978334
"hyperstable",126,86.3214682980825,57.547645532055,31.970914184475,-0.00270147985131886,0.999999999999242
"hyperstable",127,86.3214680935191,71.9345567445992,49.9545532948606,-0.0024997878797423,0.999999994154573
"hyperstable",128,86.4794215794286,72.0661846495239,60.0551538746032,-0.00282873140875643,0.999999999997024
"hyperstable",129,86.3659621802002,57.5773081201335,37.9929105482881,-0.00321419033506265,1
"hyperstable",130,86.2146829496985,71.8455691247488,47.7129905963692,-0.00278004433719147,0.999999999103098
"hyperstable",131,86.3704115676232,86.3704115676232,43.1852057838116,-0.00275197915482122,0.999999999977538
"hyperstable",132,86.2480533762938,71.8733778135782,29.9472407556576,-0.00270493153881401,0.999999999532437
"hyperstable",133,86.412680756309,57.6084538375393,9.60140897292323,-0.00322620938311073,0.999999999997515
"hyperstable",134,86.4060066511753,72.0050055426461,60.0041712855384,-0.00286454865476006,0.999999999345514
"hyperstable",135,86.4482757953272,72.0402298294394,30.0167624289331,-0.00246321587420115,0.999999998093093
"hyperstable",136,86.0901001111626,57.3934000741084,23.9139166975452,-0.00296831636771315,0.99999999999794
"hyperstable",137,86.2146829809628,71.8455691508023,49.8927563547239,-0.00283383187284943,0.999999999996363
"hyperstable",138,86.2880978816706,71.9067482347255,39.9481934637364,-0.00262249885617175,0.999999999860858
"hyperstable",139,86.3815349080461,71.9846124233718,35.9923062116859,-0.00277042212697102,0.999999996260399
"hyperstable",140,86.1946607338026,57.4631071558684,57.4631071558684,-0.00272454399929006,0.999999999990101
"hyperstable",141,86.3926584860027,71.9938820716689,59.9949017263908,-0.00278170206528746,0.999999999329936
"hyperstable",142,86.2903225805958,43.1451612902979,23.2793526442042,-0.00313288801500717,0.999999999998588
"hyperstable",143,86.3437150426334,71.9530958688612,31.9791537194939,-0.00262500671269951,0.999999994385108
"hyperstable",144,86.6151279195057,72.1792732662548,40.0995962590304,-0.00287247353277664,0.99999999998842
"hyperstable",145,86.290322580583,71.9086021504859,49.9365292711707,-0.00313021800021783,0.999999999998225
"hyperstable",146,86.1301446050999,86.1301446050999,71.77512050425,-0.00320586770229058,0.999999999999518
"hyperstable",147,86.243604004438,57.4957360029587,47.9029413605313,-0.00290272931603264,0.999999999999675
"hyperstable",148,86.3014460490079,57.5342973660053,47.9452478050044,-0.00285219659953656,0.999999999938284
"hyperstable",149,86.2080088962022,71.8400074135018,31.9288921837786,-0.00274441648726887,0.99999999992645
"hyperstable",150,86.4838709677397,57.6559139784931,38.4372759856621,-0.0029037703181301,0.999999999999936
"hyperstable",151,86.1590655747694,43.0795327873847,17.949805328077,-0.00282465614595904,0.999999998465522
"hyperstable",152,86.499443826443,43.2497219132215,24.0276232851231,-0.00295438395168191,0.999999999999119
"hyperstable",153,86.5061179039782,43.2530589519891,23.7453452663082,-0.00256046518419785,0.999999999862589
"hyperstable",154,86.3726362453898,57.5817574969266,23.9923989570527,-0.00284967682394844,0.999999999510741
"hyperstable",155,86.2747496999331,57.5164997999554,47.9304164999628,-0.00313964672892436,0.999999999371996
"hyperstable",156,86.2591768631562,71.8826473859635,35.9413236929818,-0.00296333182630883,0.999999999999283
"hyperstable",157,86.3459399332554,71.9549499443795,39.974972191322,-0.00305714681047854,0.999999999999893
"hyperstable",158,86.3147942154924,57.5431961436616,28.7715980718308,-0.00287501584124734,0.999999999991346
"hyperstable",159,86.2636262510509,57.5090841673673,23.9621184030697,-0.0028970253920757,0.9999999999903
"hyperstable",160,86.3659621801865,57.5773081201243,28.7886540600622,-0.0028584478579862,0.999999999999608
"hyperstable",161,86.4705227741912,57.6470151827941,28.8235075913971,-0.00321654883221656,0.999999999173616
"hyperstable",162,86.5617352477375,57.7078234984917,38.4718823323278,-0.0028717832160616,0.999999999609598
"hyperstable",163,86.1256952168941,43.0628476084471,21.5314238042235,-0.00346381390162393,0.999999999999614
"hyperstable",164,86.3926585094339,57.5951056729559,47.3424815933848,-0.00293640914763859,0.999999999999398
"hyperstable",165,86.110122348097,71.7584352900808,59.7986960750673,-0.0027797077789008,0.999999999712035
"hyperstable",166,86.2969966609842,86.2969966609842,57.5313311073228,-0.00317800743251931,0.999999999943581
"hyperstable",167,86.4727473404727,72.0606227837273,40.0336793242929,-0.00286765351275437,0.999999995521531
"hyperstable",168,86.4927697270803,57.6618464847202,28.6105929820538,-0.00257935297355345,0.999999999512004
"hyperstable",169,86.2436040016606,57.4957360011071,39.9275944452132,-0.00264060561470645,0.99999999992032
"hyperstable",170,86.372636259977,57.5817575066513,39.9873316018412,-0.00271478424564498,0.999999999927517
"hyperstable",171,86.234705228031,71.8622543566925,29.9426059819552,-0.00297909860473983,0.999999999999997
"hyperstable",172,86.2124582869161,86.2124582869161,47.8958101593978,-0.00277710646546293,0.999999999998016
"hyperstable",173,86.3904337682108,57.5936225121406,28.7968112560703,-0.00277731715958301,0.999999998653156
"hyperstable",174,86.2347052212488,57.4898034808326,28.7449017404163,-0.00317721617327778,0.99999999980622
"hyperstable",175,86.3348164617464,71.9456803847887,47.7290009815722,-0.00298629125478057,0.999999999971716
"hyperstable",176,86.3526140149846,71.9605116791538,18.7553108745836,-0.00292200205531993,0.999999999983192
"hyperstable",177,86.1835372636248,71.819614386354,59.849678655295,-0.00313380845185137,0.999999999999959
"hyperstable",178,86.2413793103366,57.4942528735577,39.9265644955262,-0.00301173046331995,0.999999999999765
"hyperstable",179,86.3325917685547,57.5550611790365,23.9812754912652,-0.00277654407689473,0.999999999997797
"hyperstable",180,86.3592880974557,71.9660734145464,39.9811518969702,-0.00285035857355936,0.99999999998769
"hyperstable",181,86.2636262508351,71.8863552090293,39.9368640050163,-0.00300612573213143,0.999999999984134
"hyperstable",182,86.2703003268731,57.5135335512488,39.9399538550339,-0.0026534081340607,0.999999999804829
"hyperstable",183,86.1190207151688,57.4126804767792,19.1375601589264,-0.00286210730752042,0.999999988016424
"hyperstable",184,86.352614015569,71.9605116796408,47.9736744530939,-0.00280661269313187,0.99999999999989
"hyperstable",185,86.3392658457797,57.5595105638531,28.7797552819266,-0.00304652717647092,0.999999999852405
"hyperstable",186,86.4460511132034,72.0383759276695,48.0255839517797,-0.00272635535213368,0.999999998435401
"hyperstable",187,86.279199102689,71.8993325855742,49.9300920733154,-0.00307535349686143,0.99999999978762
"hyperstable",188,86.2814238040299,57.5209492026866,38.3472994684577,-0.00282039523728244,0.99999999999437
"hyperstable",189,86.3147941889853,71.9289951574878,49.9506910815887,-0.00286287087149491,0.999999999234
"hyperstable",190,86.4638487202142,72.0532072668452,48.0354715112301,-0.00265157519738829,0.999999999983239
"hyperstable",191,86.521688366185,43.2608441830925,14.4202813943642,-0.00262726828325359,0.999999931390444
"hyperstable",192,86.3704115683564,86.3704115683564,58.5840908275217,-0.0028538909931175,0.999999999998488
"hyperstable",193,86.4082313674026,57.6054875782684,38.3160289891577,-0.00279383160524075,0.999999999977594
"hyperstable",194,86.2836484983231,57.5224323322154,28.7612161661077,-0.00293940654779752,0.99999999999976
"hyperstable",195,86.285872630543,71.9048938587858,47.9365959058572,-0.00231937855087763,0.999999983945914
"hyperstable",196,86.2769744160178,43.1384872080089,23.9658262266716,-0.00308019107149614,0.999999999999999
"hyperstable",197,86.3014460511444,71.917871709287,23.9726239030957,-0.00308992541183316,0.999999999999328
"hyperstable",198,86.3770856434559,57.5847237623039,23.99363490096,-0.00278525854157833,0.999999999792368
"hyperstable",199,86.2391546161842,57.4927697441228,31.9404276356238,-0.00318608778666781,0.999999999998397
"hyperstable",200,86.4638487203075,72.0532072669229,20.0147797963675,-0.00277744863024467,0.999999999985903
