"series_type","unit","break_year","direction","p_value_raw","p_value_bh","sig_raw_05","sig_bh_05","n_used"
"RV_cpue","ANC",1987,"decrease",0.0198,0.0198,TRUE,TRUE,32
"RV_cpue","ANC",2015,"increase",0,0,TRUE,TRUE,40
"RV_cpue","CMA",2004,"decrease",0,0,TRUE,TRUE,29
"RV_cpue","DMF",1987,"decrease",0.0013,0.0015,TRUE,TRUE,22
"RV_cpue","DMF",2004,"decrease",2e-04,0.000290322580645161,TRUE,TRUE,41
"RV_cpue","LPF",1987,"decrease",0,0,TRUE,TRUE,41
"RV_cpue","MPF",1983,"decrease",4e-04,0.000529411764705882,TRUE,TRUE,20
"RV_cpue","MPF",1991,"decrease",0.011,0.0117857142857143,TRUE,TRUE,41
"RV_cpue","NTU",1987,"decrease",0.0087,0.00954878048780488,TRUE,TRUE,34
"RV_cpue","NTU",2016,"decrease",0,0,TRUE,TRUE,41
"RV_cpue","SAR",1987,"decrease",3e-04,0.000421875,TRUE,TRUE,24
"RV_cpue","SAR",2007,"decrease",0,0,TRUE,TRUE,40
"RV_cpue","SCP",1987,"decrease",0,0,TRUE,TRUE,41
"RV_ecosystem_index","ecosystem",1987,"decrease",0,0,TRUE,TRUE,41
"RV_ecosystem_index","ecosystem",2016,"increase",6e-04,0.00072972972972973,TRUE,TRUE,24
"demersal_share","DMF_share",1975,"decrease",0,0,TRUE,TRUE,53
"demersal_share","DMF_share",1986,"increase",7e-04,0.000828947368421053,TRUE,TRUE,48
"effort_by_fleet","APS",1982,"increase",5e-04,0.000642857142857143,TRUE,TRUE,23
"effort_by_fleet","APS",1994,"increase",0,0,TRUE,TRUE,52
"effort_by_fleet","GN",1976,"increase",0,0,TRUE,TRUE,44
"effort_by_fleet","GN",2015,"increase",0,0,TRUE,TRUE,52
"effort_by_fleet","OBT",1979,"increase",0.012,0.0125581395348837,TRUE,TRUE,19
"effort_by_fleet","OBT",1989,"decrease",0,0,TRUE,TRUE,53
"effort_by_fleet","PS",1977,"increase",2e-04,0.000290322580645161,TRUE,TRUE,20
"effort_by_fleet","PS",1990,"decrease",0,0,TRUE,TRUE,53
"effort_by_fleet","PT",2000,"increase",0.0133,0.0136022727272727,TRUE,TRUE,40
"effort_by_fleet","PT",2010,"decrease",1e-04,0.000160714285714286,TRUE,TRUE,53
"effort_total","all_fleets",1979,"increase",0.0079,0.0088875,TRUE,TRUE,17
"effort_total","all_fleets",1987,"decrease",0,0,TRUE,TRUE,53
"total_catch","ANC",1982,"increase",0,0,TRUE,TRUE,52
"total_catch","ANC",1989,"increase",0,0,TRUE,TRUE,41
"total_catch","CMA",1977,"increase",6e-04,0.00072972972972973,TRUE,TRUE,25
"total_catch","CMA",1995,"decrease",0,0,TRUE,TRUE,53
"total_catch","DMF",1985,"increase",0,0,TRUE,TRUE,53
"total_catch","DMF",2010,"increase",1e-04,0.000160714285714286,TRUE,TRUE,38
"total_catch","LPF",1977,"increase",0,0,TRUE,TRUE,53
"total_catch","LPF",2014,"increase",4e-04,0.000529411764705882,TRUE,TRUE,46
"total_catch","MPF",1989,"increase",0,0,TRUE,TRUE,45
"total_catch","MPF",2015,"decrease",0,0,TRUE,TRUE,53
"total_catch","NTU",1981,"increase",2e-04,0.000290322580645161,TRUE,TRUE,20
"total_catch","NTU",1990,"decrease",0,0,TRUE,TRUE,53
"total_catch","SAR",1977,"increase",0,0,TRUE,TRUE,52
"total_catch","SAR",1993,"decrease",0,0,TRUE,TRUE,46
"total_catch","SCP",1977,"increase",0,0,TRUE,TRUE,53
"total_catch","SCP",1998,"increase",0,0,TRUE,TRUE,46
