"year","species","catch_fleets_t","extra_catch_t","total_catch_t"
1971,"CMA",5.17,0.22,5.39
1971,"DMF",36.883,0.14,37.023
1971,"LPF",3.214,0.323,3.537
1971,"MPF",31.628,4.242,35.87
1971,"NTU",3.203,0.095,3.298
1971,"SCP",0.489,0.006,0.495
1972,"ANC",6.784,6.001,12.785
1972,"CMA",7.968,0.592,8.56
1972,"DMF",51.498,0.236,51.734
1972,"LPF",5.699,0.451,6.15
1972,"MPF",26.939,2.991,29.93
1972,"NTU",4.075,0.06,4.135
1972,"SAR",5.818,2.216,8.034
1972,"SCP",0.445,0.215,0.66
1973,"ANC",10.093,12.232,22.325
1973,"CMA",11.325,0.595,11.92
1973,"DMF",43.473,0.559,44.032
1973,"LPF",10.203,1.55,11.753
1973,"MPF",33.394,4.949,38.343
1973,"NTU",5.824,0.1,5.924
1973,"SAR",19.571,2.134,21.705
1973,"SCP",14.726,0.015,14.741
1974,"ANC",3.108,16.408,19.516
1974,"CMA",9.991,1.174,11.165
1974,"DMF",28.66,0.767,29.427
1974,"LPF",7.087,1.482,8.569
1974,"MPF",22.823,1.658,24.481
1974,"NTU",6.395,0.177,6.572
1974,"SAR",41.042,2.496,43.538
1974,"SCP",26.09,0.123,26.213
1975,"ANC",3.594,11.097,14.691
1975,"CMA",14.889,0.491,15.38
1975,"DMF",43.447,0.728,44.175
1975,"LPF",12.743,1.146,13.889
1975,"MPF",45.486,6.809,52.295
1975,"NTU",7.962,0.012,7.974
1975,"SAR",48.041,0.916,48.957
1975,"SCP",25.78,0.021,25.801
1976,"ANC",5.605,9.734,15.339
1976,"CMA",18.191,0.64,18.831
1976,"DMF",41.889,0.719,42.608
1976,"LPF",32.092,1.923,34.015
1976,"MPF",46.522,2.547,49.069
1976,"NTU",7.376,0.006,7.382
1976,"SAR",90.276,1.543,91.819
1976,"SCP",81.8,0.749,82.549
1977,"ANC",2.552,7.362,9.914
1977,"CMA",28.878,0.956,29.834
1977,"DMF",46.848,1.18,48.028
1977,"LPF",50.549,1.451,52
1977,"MPF",22.248,2.999,25.247
1977,"NTU",11.174,0.002,11.176
1977,"SAR",201.653,1.61,203.263
1977,"SCP",125.742,4.058,129.8
1978,"ANC",3.292,2.312,5.604
1978,"CMA",24.119,1.424,25.543
1978,"DMF",36.723,1.71,38.433
1978,"LPF",29.45,2.234,31.684
1978,"MPF",33.536,4.796,38.332
1978,"NTU",6.346,0.001,6.347
1978,"SAR",60.512,0.975,61.487
1978,"SCP",26.112,0.518,26.63
1979,"ANC",8.659,5.44,14.099
1979,"CMA",22.554,2.131,24.685
1979,"DMF",36.835,2.683,39.518
1979,"LPF",32.085,2.239,34.324
1979,"MPF",75.663,5.96,81.623
1979,"NTU",13.316,0.011,13.327
1979,"SAR",132.295,4.043,136.338
1979,"SCP",22.328,4.651,26.979
1980,"ANC",5.473,11.224,16.697
1980,"CMA",23.315,1.006,24.321
1980,"DMF",35.29,5.051,40.341
1980,"LPF",25.471,2.287,27.758
1980,"MPF",40.023,6.04,46.063
1980,"NTU",12.342,0.01,12.352
1980,"SAR",93.475,1.324,94.799
1980,"SCP",40.805,0.276,41.081
1981,"ANC",6.54,5.555,12.095
1981,"CMA",16.239,0.629,16.868
1981,"DMF",35.32,5.992,41.312
1981,"LPF",17.642,0.79,18.432
1981,"MPF",57.175,6.311,63.486
1981,"NTU",19.857,0.002,19.859
1981,"SAR",127.401,1.773,129.174
1981,"SCP",60.369,0.311,60.68
1982,"ANC",14.239,8.972,23.211
1982,"CMA",17.427,0.774,18.201
1982,"DMF",32.459,0.383,32.842
1982,"LPF",11.438,1.821,13.259
1982,"MPF",65.541,4.606,70.147
1982,"NTU",39.298,0.002,39.3
1982,"SAR",85.979,1.927,87.906
1982,"SCP",48.173,0.05,48.223
1983,"ANC",33.39,6.815,40.205
1983,"CMA",50.784,0.504,51.288
1983,"DMF",32.807,2.021,34.828
1983,"LPF",35.037,3.725,38.762
1983,"MPF",62.598,3.508,66.106
1983,"NTU",81.791,0.201,81.992
1983,"SAR",95.973,4.352,100.325
1983,"SCP",45.547,0.331,45.878
1984,"ANC",79.437,9.367,88.804
1984,"CMA",29.316,0.492,29.808
1984,"DMF",32.791,0.41,33.201
1984,"LPF",18.053,4.366,22.419
1984,"MPF",92.301,6.707,99.008
1984,"NTU",69.064,0.291,69.355
1984,"SAR",80.084,3.73,83.814
1984,"SCP",49.771,0.765,50.536
1985,"ANC",80.08,23.703,103.783
1985,"CMA",34.707,0.755,35.462
1985,"DMF",33.768,1.438,35.206
1985,"LPF",49.352,5.272,54.624
1985,"MPF",98.224,5.681,103.905
1985,"NTU",81.021,0.094,81.115
1985,"SAR",68.286,1.618,69.904
1985,"SCP",40.017,0.38,40.397
1986,"ANC",40.57,18.278,58.848
1986,"CMA",37.849,0.938,38.787
1986,"DMF",47.797,0.646,48.443
1986,"LPF",50.4,3.978,54.378
1986,"MPF",82.744,7.515,90.259
1986,"NTU",87.121,0.041,87.162
1986,"SAR",93.562,0.824,94.386
1986,"SCP",37.685,0.025,37.71
1987,"ANC",22.542,33.81,56.352
1987,"CMA",35.323,1.196,36.519
1987,"DMF",66.626,0.862,67.488
1987,"LPF",44.968,3.081,48.049
1987,"MPF",91.314,6.484,97.798
1987,"NTU",88.817,0.012,88.829
1987,"SAR",79.938,1.224,81.162
1987,"SCP",53.591,0.041,53.632
1988,"ANC",53.991,14.93,68.921
1988,"CMA",18.348,1.425,19.773
1988,"DMF",63.382,0.585,63.967
1988,"LPF",58.129,5.318,63.447
1988,"MPF",91.798,6.308,98.106
1988,"NTU",141.414,0.046,141.46
1988,"SAR",88.21,2.772,90.982
1988,"SCP",25.318,0.251,25.569
1989,"ANC",87.198,9.226,96.424
1989,"CMA",26.203,1.464,27.667
1989,"DMF",59.766,0.535,60.301
1989,"LPF",48.706,6.59,55.296
1989,"MPF",93.341,5.441,98.782
1989,"NTU",113.707,0.036,113.743
1989,"SAR",101.421,5.215,106.636
1989,"SCP",16.196,0.291,16.487
1990,"ANC",115.194,7.982,123.176
1990,"CMA",19.467,2.241,21.708
1990,"DMF",53.886,0.698,54.584
1990,"LPF",43.29,4.861,48.151
1990,"MPF",68.322,2.261,70.583
1990,"NTU",136.657,0.314,136.971
1990,"SAR",75.666,8.187,83.853
1990,"SCP",14.636,0.501,15.137
1991,"ANC",106.355,8.688,115.043
1991,"CMA",15.552,2.289,17.841
1991,"DMF",66.537,0.327,66.864
1991,"LPF",41.813,2.08,43.893
1991,"MPF",50.427,2.794,53.221
1991,"NTU",27.838,0.225,28.063
1991,"SAR",66.329,3.026,69.355
1991,"SCP",5.923,0.035,5.958
1992,"ANC",117.248,5.678,122.926
1992,"CMA",29.438,1.671,31.109
1992,"DMF",55.831,0.792,56.623
1992,"LPF",43.187,1.751,44.938
1992,"MPF",77.711,3.069,80.78
1992,"NTU",27.114,0.19,27.304
1992,"SAR",90.49,6.588,97.078
1992,"SCP",14.788,0.024,14.812
1993,"ANC",110.423,12.713,123.136
1993,"CMA",30.422,2.617,33.039
1993,"DMF",74.272,0.823,75.095
1993,"LPF",41.454,1.832,43.286
1993,"MPF",59.193,3.508,62.701
1993,"NTU",29.77,0.116,29.886
1993,"SAR",86.06,1.12,87.18
1993,"SCP",14.253,0.004,14.257
1994,"ANC",110.1575,7.637,117.7945
1994,"CMA",33.8185,2.929,36.7475
1994,"DMF",75.4975,0.405,75.9025
1994,"LPF",41.569,1.485,43.054
1994,"MPF",61.4505,3.813,65.2635
1994,"NTU",29.6665,0.102,29.7685
1994,"SAR",110.2,1.012,111.212
1994,"SCP",16.89,0.0275,16.9175
1995,"ANC",109.892,9.069,118.961
1995,"CMA",40.148,2.993,43.141
1995,"DMF",76.774,0.78,77.554
1995,"LPF",41.684,1.745,43.429
1995,"MPF",84.462,4.253,88.715
1995,"NTU",29.563,0.07,29.633
1995,"SAR",139.289,1.606,140.895
1995,"SCP",19.527,0.055,19.582
1996,"ANC",108.556,10.753,119.309
1996,"CMA",14.49,4.533,19.023
1996,"DMF",62.223,1.474,63.697
1996,"LPF",38.112,1.871,39.983
1996,"MPF",68.454,4.481,72.935
1996,"NTU",20.079,0.072,20.151
1996,"SAR",152.882,0.775,153.657
1996,"SCP",12.901,0.042,12.943
1997,"ANC",105.175,8.975,114.15
1997,"CMA",13.323,3.847,17.17
1997,"DMF",56.658,1.76,58.418
1997,"LPF",35.43,1.012,36.442
1997,"MPF",69.755,3.704,73.459
1997,"NTU",18.18,0.111,18.291
1997,"SAR",143.735,0.669,144.404
1997,"SCP",11.628,0.15,11.778
1998,"ANC",111.371,7.844,119.215
1998,"CMA",13.155,4.434,17.589
1998,"DMF",62.834,2.174,65.008
1998,"LPF",27.138,3.284,30.422
1998,"MPF",88.879,6.138,95.017
1998,"NTU",14.996,0.146,15.142
1998,"SAR",116.463,2.743,119.206
1998,"SCP",4.877,0.009,4.886
1999,"ANC",93.806,8.354,102.16
1999,"CMA",19.998,3.755,23.753
1999,"DMF",57.98,0.584,58.564
1999,"LPF",26.687,2.189,28.876
1999,"MPF",77.149,5.895,83.044
1999,"NTU",12.013,0.227,12.24
1999,"SAR",117.416,2.512,119.928
1999,"SCP",20.782,0.281,21.063
2000,"ANC",108.537,6.203,114.74
2000,"CMA",14.523,3.181,17.704
2000,"DMF",55.057,0.8,55.857
2000,"LPF",22.558,1.751,24.309
2000,"MPF",71.881,4.511,76.392
2000,"NTU",8.459,0.537,8.996
2000,"SAR",119.456,1.392,120.848
2000,"SCP",31.477,0.152,31.629
2001,"ANC",111.393,8.967,120.36
2001,"CMA",9.957,1.53,11.487
2001,"DMF",59.513,0.984,60.497
2001,"LPF",35.205,2.309,37.514
2001,"MPF",63.959,5.211,69.17
2001,"NTU",8.443,0.248,8.691
2001,"SAR",109.575,1.377,110.952
2001,"SCP",35.364,0.053,35.417
2002,"ANC",114.044,9.055,123.099
2002,"CMA",10.147,1.479,11.626
2002,"DMF",56.638,1.06,57.698
2002,"LPF",30.597,1.988,32.585
2002,"MPF",68.935,5.788,74.723
2002,"NTU",10.642,0.364,11.006
2002,"SAR",106.326,1.666,107.992
2002,"SCP",28.062,0.008,28.07
2003,"ANC",123.527,7.976,131.503
2003,"CMA",8.262,2.983,11.245
2003,"DMF",62.61,2.22,64.83
2003,"LPF",39.173,1.866,41.039
2003,"MPF",76.239,8.005,84.244
2003,"NTU",19.531,0.368,19.899
2003,"SAR",100.128,8.338,108.466
2003,"SCP",28.011,1.294,29.305
2004,"ANC",128.926,9.522,138.448
2004,"CMA",11.523,2.232,13.755
2004,"DMF",55.061,1,56.061
2004,"LPF",35.955,1.989,37.944
2004,"MPF",81.153,8.467,89.62
2004,"NTU",14.024,0.193,14.217
2004,"SAR",99.65,1.973,101.623
2004,"SCP",32.658,0.176,32.834
2005,"ANC",120.77,12.094,132.864
2005,"CMA",8.404,3.49,11.894
2005,"DMF",57.962,3.003,60.965
2005,"LPF",23.656,1.467,25.123
2005,"MPF",66.555,10.606,77.161
2005,"NTU",13.559,0.886,14.445
2005,"SAR",106.147,3.531,109.678
2005,"SCP",27.95,0.033,27.983
2006,"ANC",111.579,13.465,125.044
2006,"CMA",10.092,2.44,12.532
2006,"DMF",54.892,2.88,57.772
2006,"LPF",19.869,1.394,21.263
2006,"MPF",71.648,6.767,78.415
2006,"NTU",10.611,0.545,11.156
2006,"SAR",87.471,1.86,89.331
2006,"SCP",26.404,0.047,26.451
2007,"ANC",103.443,14.912,118.355
2007,"CMA",8.338,1.557,9.895
2007,"DMF",47.154,1.254,48.408
2007,"LPF",19.439,1.342,20.781
2007,"MPF",67.149,4.736,71.885
2007,"NTU",10.679,0.171,10.85
2007,"SAR",79.148,1.283,80.431
2007,"SCP",26.422,0.101,26.523
2008,"ANC",97.236,22.713,119.949
2008,"CMA",12.582,2.006,14.588
2008,"DMF",55.598,1.558,57.156
2008,"LPF",26.142,1.417,27.559
2008,"MPF",77.961,5.331,83.292
2008,"NTU",16.903,0.802,17.705
2008,"SAR",77.148,1.511,78.659
2008,"SCP",17.583,0.071,17.654
2009,"ANC",91.893,18.498,110.391
2009,"CMA",9.872,1.947,11.819
2009,"DMF",58.602,1.349,59.951
2009,"LPF",23.598,1.608,25.206
2009,"MPF",72.025,8.2,80.225
2009,"NTU",16.091,0.455,16.546
2009,"SAR",81.775,1.628,83.403
2009,"SCP",20.419,0.143,20.562
2010,"ANC",92.682,14.637,107.319
2010,"CMA",14.526,3.024,17.55
2010,"DMF",64.1,4.636,68.736
2010,"LPF",34.872,2.645,37.517
2010,"MPF",76.088,4.673,80.761
2010,"NTU",14.878,0.631,15.509
2010,"SAR",74.594,2.841,77.435
2010,"SCP",30.963,0.038,31.001
2011,"ANC",90.266,19.631,109.897
2011,"CMA",26.24,2.124,28.364
2011,"DMF",80.304,6.708,87.012
2011,"LPF",34.925,2.198,37.123
2011,"MPF",108.012,5.271,113.283
2011,"NTU",15.366,0.146,15.512
2011,"SAR",40.323,5.429,45.752
2011,"SCP",32.395,0.271,32.666
2012,"ANC",85.053,11.998,97.051
2012,"CMA",22.389,1.912,24.301
2012,"DMF",65.116,3.912,69.028
2012,"LPF",32.007,1.565,33.572
2012,"MPF",97.675,3.803,101.478
2012,"NTU",22.929,0.009,22.938
2012,"SAR",54.086,4.39,58.476
2012,"SCP",27.776,0.199,27.975
2013,"ANC",74.642,9.058,83.7
2013,"CMA",27.493,1.103,28.596
2013,"DMF",77.839,6,83.839
2013,"LPF",33.979,2.324,36.303
2013,"MPF",109.395,3.896,113.291
2013,"NTU",28.191,0.002,28.193
2013,"SAR",54.764,4.557,59.321
2013,"SCP",33.021,0.088,33.109
2014,"ANC",85.983,11.704,97.687
2014,"CMA",25.998,0.862,26.86
2014,"DMF",66.836,5.978,72.814
2014,"LPF",32.889,1.535,34.424
2014,"MPF",111.335,3.067,114.402
2014,"NTU",29.988,0.05,30.038
2014,"SAR",55.761,5.645,61.406
2014,"SCP",34.755,0.101,34.856
2015,"ANC",63.919,18.369,82.288
2015,"CMA",24.797,2.319,27.116
2015,"DMF",56.957,8.828,65.785
2015,"LPF",58.809,1.158,59.967
2015,"MPF",47.24,1.282,48.522
2015,"NTU",30.542,0.041,30.583
2015,"SAR",63.621,5.432,69.053
2015,"SCP",26.203,0.211,26.414
2016,"ANC",106.9535,5.68766,112.64116
2016,"CMA",26.27362,2.4352,28.70882
2016,"DMF",49.08813,7.25074,56.33887
2016,"LPF",69.31465,11.48059,80.79524
2016,"MPF",25.79024,0.86727,26.65751
2016,"NTU",28.1248,0.20058,28.32538
2016,"SAR",56.36257,7.09263,63.4552
2016,"SCP",23.82645,1.07795,24.9044
2017,"ANC",103.24466,2.70246,105.94712
2017,"CMA",25.75736,4.82609,30.58345
2017,"DMF",51.82816,6.72534,58.5535
2017,"LPF",60.66961,16.02019,76.6898
2017,"MPF",20.56303,1.09154,21.65457
2017,"NTU",31.56484,1.09188,32.65672
2017,"SAR",54.5492,10.71415,65.26335
2017,"SCP",33.50203,2.32814,35.83017
2018,"ANC",106.32996,5.0836,111.41356
2018,"CMA",36.70039,2.45952,39.15991
2018,"DMF",59.4426,7.30781,66.75041
2018,"LPF",70.4,10.35075,80.75075
2018,"MPF",10.7386,0.56835,11.30695
2018,"NTU",28.58688,1.57859,30.16547
2018,"SAR",52.29685,10.96846,63.26531
2018,"SCP",34.5,2.29911,36.79911
2019,"ANC",107.51836,4.41773,111.93609
2019,"CMA",36.89228,3.38516,40.27744
2019,"DMF",58.03636,10.0034,68.03976
2019,"LPF",44.744,14.57846,59.32246
2019,"MPF",18.80011,0.62309,19.4232
2019,"NTU",28.08343,1.02755,29.11098
2019,"SAR",63.85735,14.74365,78.601
2019,"SCP",32.931,2.07417,35.00517
2020,"ANC",98.1738,2.92842,101.10222
2020,"CMA",27.74144,2.12225,29.86369
2020,"DMF",50.2554,7.2243,57.4797
2020,"LPF",36.935,19.96242,56.89742
2020,"MPF",14.918,0.30726,15.22526
2020,"NTU",24.7902,0.47755,25.26775
2020,"SAR",54.0931,9.97561,64.06871
2020,"SCP",26.695,2.25238,28.94738
2021,"ANC",110.96577,2.53536,113.50113
2021,"CMA",30.47185,2.04311,32.51496
2021,"DMF",49.07711,6.73388,55.81099
2021,"LPF",38.771,15.90411,54.67511
2021,"MPF",19.23225,0.36528,19.59753
2021,"NTU",33.43909,0.75459,34.19368
2021,"SAR",29.00633,10.77032,39.77665
2021,"SCP",27.442,3.05849,30.50049
2022,"ANC",136.22233,3.93666,140.15899
2022,"CMA",18.68675,0.23241,18.91916
2022,"DMF",41.6522,6.09507,47.74727
2022,"LPF",19.623,7.56172,27.18472
2022,"MPF",35.39228,0.31564,35.70792
2022,"NTU",33.83526,1.14542,34.98068
2022,"SAR",45.40488,15.43573,60.84061
2022,"SCP",15.553,1.0573,16.6103
2023,"ANC",122.09251,3.91855,126.01106
2023,"CMA",27.71638,0.39333,28.10971
2023,"DMF",42.6705,7.14717,49.81767
2023,"LPF",21.545,10.80653,32.35153
2023,"MPF",40.77256,0.44644,41.219
2023,"NTU",36.34262,1.51948,37.8621
2023,"SAR",54.37194,17.83358,72.20552
2023,"SCP",20.489,0.98599,21.47499
