"year","dmf","all","dmf_share"
1971,37.023,85.613,0.432446007031642
1972,51.734,121.988,0.424090894186313
1973,44.032,170.743,0.257884657057683
1974,29.427,169.481,0.173630082428119
1975,44.175,223.162,0.197950367894176
1976,42.608,341.612,0.124726297671042
1977,48.028,509.262,0.0943090197187302
1978,38.433,234.06,0.164201486798257
1979,39.518,370.893,0.106548249764757
1980,40.341,303.412,0.132957826321965
1981,41.312,361.906,0.114151188430145
1982,32.842,333.089,0.0985982725337673
1983,34.828,459.384,0.0758145690751093
1984,33.201,476.945,0.0696118001027372
1985,35.206,524.396,0.0671362863179735
1986,48.443,509.973,0.0949913034611636
1987,67.488,529.829,0.127376946146776
1988,63.967,572.225,0.111786447638604
1989,60.301,575.336,0.104810058817804
1990,54.584,554.163,0.0984980953257435
1991,66.864,400.238,0.167060598943629
1992,56.623,475.57,0.119063439661879
1993,75.095,468.58,0.160260787912416
1994,75.9025,496.66,0.152825876857408
1995,77.554,561.91,0.13801854389493
1996,63.697,501.698,0.126962834215006
1997,58.418,474.112,0.12321561150108
1998,65.008,466.485,0.139357106873747
1999,58.564,449.628,0.130249895469143
2000,55.857,450.475,0.123995782229868
2001,60.497,454.088,0.133227480136009
2002,57.698,446.799,0.129136367807448
2003,64.83,490.531,0.132162901019507
2004,56.061,484.502,0.115708500687304
2005,60.965,460.113,0.132500059767927
2006,57.772,421.964,0.136912153643439
2007,48.408,387.128,0.125043913124341
2008,57.156,416.562,0.137208866867357
2009,59.951,408.103,0.14690164002715
2010,68.736,435.828,0.157713593435943
2011,87.012,469.609,0.185286057124118
2012,69.028,434.819,0.158751112531881
2013,83.839,466.352,0.179776220537277
2014,72.814,472.487,0.154107943710621
2015,65.785,409.728,0.160557735863793
2016,56.33887,421.82658,0.13355931719618
2017,58.5535,427.17868,0.137070277009143
2018,66.75041,439.61147,0.151839555050736
2019,68.03976,441.7161,0.154035046492532
2020,57.4797,378.85213,0.151720672653998
2021,55.81099,380.57054,0.146650841654743
2022,47.74727,382.14965,0.124943906137295
2023,49.81767,409.05158,0.12178823511695
