"year","rv_index","n_species"
1971,1.52633688786655,6
1972,1.43147239350732,8
1973,1.06488443121703,8
1974,1.2623193609928,8
1975,0.871274471953423,8
1976,1.24729231653028,8
1977,0.889218425197561,8
1978,1.07317895607749,8
1979,1.05401015417689,8
1980,0.924600187176908,8
1981,0.520791585485604,8
1982,0.589723374497877,8
1983,0.522178064486044,8
1984,0.889169055750854,8
1985,0.755015539027486,8
1986,0.524750740841858,8
1987,0.09034075152088,8
1988,-0.378806776286024,8
1989,-0.845080042927667,8
1991,-0.619333267028252,8
2003,-1.27333603749016,8
2004,-0.482605990261852,8
2005,-0.627697555800302,8
2006,-0.791144904322434,8
2007,-0.804916266521807,8
2008,-0.477755763914541,8
2009,-0.779488688232755,8
2010,-0.959852943718236,8
2011,-1.29107622825924,8
2012,-0.626624366219138,7
2013,-0.615415968229503,7
2014,-0.957096918826122,7
2015,-0.640946077947638,7
2016,-0.918436273565649,7
2017,-0.125101487607392,7
2018,-0.115531016526491,7
2019,-0.185270643179607,7
2020,-0.435218025044667,7
2021,-0.40152401779603,7
2022,-0.482358145179682,7
2023,-0.809480499394588,7
