"year","species","rv_cpue"
1972,"ANC",16.1708949524238
1973,"ANC",13.3041311141865
1974,"ANC",14.7784668024228
1975,"ANC",12.0012893341305
1976,"ANC",14.6607247162095
1977,"ANC",12.116471809774
1978,"ANC",13.3630021572932
1979,"ANC",13.2273427970909
1980,"ANC",12.3468367610609
1981,"ANC",9.95872009938648
1982,"ANC",10.3309230637857
1983,"ANC",9.96607271195794
1984,"ANC",12.1161533949215
1985,"ANC",11.281094835658
1986,"ANC",9.97973021175898
1987,"ANC",7.91939881320229
1988,"ANC",6.16928776726919
1989,"ANC",4.81329314416606
1991,"ANC",5.4278806352128
2003,"ANC",4.61981385281385
2004,"ANC",3.88929249011857
2005,"ANC",3.28431451612903
2006,"ANC",3.06047280334728
2007,"ANC",3.4611488372093
2008,"ANC",4.56883467741935
2009,"ANC",6.26608909090909
2010,"ANC",4.44362673583869
2011,"ANC",2.63982911426735
2012,"ANC",1.62108950005129
2013,"ANC",5.25953372129402
2014,"ANC",3.88114523402257
2015,"ANC",2.93538333759829
2016,"ANC",6.89150345891737
2017,"ANC",13.8915296983363
2018,"ANC",17.1901887763392
2019,"ANC",11.1697245198394
2020,"ANC",5.95832096876396
2021,"ANC",10.3466646120901
2022,"ANC",9.67071289611088
2023,"ANC",11.6201895886545
1971,"CMA",0.0497105342296127
1972,"CMA",0.0473282822250052
1973,"CMA",0.0389379606993438
1974,"CMA",0.0432529831982554
1975,"CMA",0.0351248592202709
1976,"CMA",0.0429083807070229
1977,"CMA",0.0354619703529984
1978,"CMA",0.0391102619449601
1979,"CMA",0.0387132199441922
1980,"CMA",0.0361361926184533
1981,"CMA",0.0291467551332372
1982,"CMA",0.0302361028159657
1983,"CMA",0.0291682744445614
1984,"CMA",0.0354610384300561
1985,"CMA",0.033017024831334
1986,"CMA",0.0292082466295872
1987,"CMA",0.0231781570028337
1988,"CMA",0.0180560070073812
1989,"CMA",0.0140873400655311
1991,"CMA",0.0158860883916934
2003,"CMA",0.00145021645021645
2004,"CMA",0.0107509881422925
2005,"CMA",0.0424193548387097
2006,"CMA",0.0269665271966527
2007,"CMA",0.0133953488372093
2008,"CMA",0.0139516129032258
2009,"CMA",0.0173553719008264
2010,"CMA",0.00935341365461847
2011,"CMA",0.00293172690763052
1971,"DMF",1.67474976082811
1972,"DMF",1.59449160153092
1973,"DMF",1.31182135494963
1974,"DMF",1.45719462462001
1975,"DMF",1.18335782324438
1976,"DMF",1.44558495377828
1977,"DMF",1.19471510993738
1978,"DMF",1.3176261903705
1979,"DMF",1.30424983048763
1980,"DMF",1.21742968332338
1981,"DMF",0.981955272555212
1982,"DMF",1.01865543680373
1983,"DMF",0.982680258960045
1984,"DMF",1.19468371341854
1985,"DMF",1.11234480370145
1986,"DMF",0.984026923371306
1987,"DMF",0.780872977901101
1988,"DMF",0.608307552629535
1989,"DMF",0.474603014654353
1991,"DMF",0.53520291316109
2003,"DMF",0.218073593073593
2004,"DMF",0.34598023715415
2005,"DMF",0.460996774193548
2006,"DMF",0.716878661087866
2007,"DMF",0.618506976744186
2008,"DMF",0.689983870967741
2009,"DMF",0.551097190082644
2010,"DMF",0.428982039964894
2011,"DMF",0.335571558242323
2012,"DMF",1.1035647590943
2013,"DMF",0.450093932629873
2014,"DMF",0.544155313409104
2015,"DMF",0.582898210982906
2016,"DMF",0.281060183108291
2017,"DMF",0.409122989753763
2018,"DMF",1.05518189938061
2019,"DMF",0.597438709818692
2020,"DMF",2.90203023411014
2021,"DMF",0.383345635853828
2022,"DMF",1.05826871692262
2023,"DMF",0.491586092424393
1971,"LPF",12.8378527334174
1972,"LPF",12.2226310126494
1973,"LPF",10.0558123734665
1974,"LPF",11.1701762450463
1975,"LPF",9.07107068833787
1976,"LPF",11.0811819080798
1977,"LPF",9.15813036580504
1978,"LPF",10.1003095419497
1979,"LPF",9.99777258848841
1980,"LPF",9.33224972073938
1981,"LPF",7.52721240792007
1982,"LPF",7.80853879764991
1983,"LPF",7.53276981650533
1984,"LPF",9.15788969469422
1985,"LPF",8.52671790897295
1986,"LPF",7.54309271954283
1987,"LPF",5.98580906131463
1988,"LPF",4.66300277208102
1989,"LPF",3.63808597050091
1991,"LPF",4.1026166071883
2003,"LPF",4.29295238095238
2004,"LPF",5.04093675889328
2005,"LPF",5.61389255865102
2006,"LPF",4.49885774058577
2007,"LPF",3.26075348837209
2008,"LPF",5.15178629032258
2009,"LPF",3.83899008264463
2010,"LPF",3.95987127544066
2011,"LPF",3.25660817550018
2012,"LPF",3.21120404561803
2013,"LPF",3.24794816724622
2014,"LPF",3.91872529514403
2015,"LPF",4.50325201552136
2016,"LPF",4.29188978133292
2017,"LPF",4.20791658428784
2018,"LPF",3.60600265796486
2019,"LPF",4.60460176547609
2020,"LPF",3.39169652855764
2021,"LPF",4.97093703256769
2022,"LPF",3.00406701531523
2023,"LPF",2.97108813946918
1971,"MPF",0.353326321325705
1972,"MPF",0.336394048311481
1973,"MPF",0.276758369770817
1974,"MPF",0.307428147306016
1975,"MPF",0.249656083719748
1976,"MPF",0.304978824794524
1977,"MPF",0.252052160089685
1978,"MPF",0.277983031026563
1979,"MPF",0.275160985524193
1980,"MPF",0.25684431282956
1981,"MPF",0.207165662759525
1982,"MPF",0.214908392049163
1983,"MPF",0.207318615030618
1984,"MPF",0.252045536284287
1985,"MPF",0.234674281931683
1986,"MPF",0.207602724330778
1987,"MPF",0.164742807049585
1988,"MPF",0.128336229586299
1989,"MPF",0.100128234784756
1991,"MPF",0.11291315329193
2003,"MPF",0.173805194805195
2004,"MPF",0.232833992094862
2005,"MPF",0.118326612903226
2006,"MPF",0.125384937238494
2007,"MPF",0.178241860465116
2008,"MPF",0.137282258064516
2009,"MPF",0.100152892561983
2010,"MPF",0.102269076305221
2011,"MPF",0.0947148037557509
2012,"MPF",0.265337966744104
2013,"MPF",0.113379550777092
2014,"MPF",0.0565709383721515
2015,"MPF",0.149189560068376
2016,"MPF",0.0787248490950704
2017,"MPF",0.119572119721201
2018,"MPF",0.11086192981615
2019,"MPF",0.116016386676069
2020,"MPF",0.0579767143191667
2021,"MPF",0.058825327510917
2022,"MPF",0.119676523593025
2023,"MPF",0.0654473684210526
1971,"NTU",0.977161449361856
1972,"NTU",0.930333450877368
1973,"NTU",0.765404651183573
1974,"NTU",0.850225176740382
1975,"NTU",0.690450402037019
1976,"NTU",0.843451315324387
1977,"NTU",0.697077005596144
1978,"NTU",0.768791581891571
1979,"NTU",0.76098691547749
1980,"NTU",0.710330212714396
1981,"NTU",0.57293863225519
1982,"NTU",0.594351972043438
1983,"NTU",0.573361637997711
1984,"NTU",0.697058686759159
1985,"NTU",0.649016638782843
1986,"NTU",0.57414737242723
1987,"NTU",0.455613721345479
1988,"NTU",0.354927466591379
1989,"NTU",0.276915262517688
1991,"NTU",0.312273311846052
2003,"NTU",0.396887445887446
2004,"NTU",0.377252964426877
2005,"NTU",0.285129032258064
2006,"NTU",0.193464435146443
2007,"NTU",0.415720930232558
2008,"NTU",0.374834677419355
2009,"NTU",0.253202479338843
2010,"NTU",0.32572023752697
2011,"NTU",0.170186779786895
2012,"NTU",0.233909344466189
2013,"NTU",0.482066459662908
2014,"NTU",0.234263339903652
2015,"NTU",0.232575573064103
2016,"NTU",0.199384047517606
2017,"NTU",0.500521297876311
2018,"NTU",0.515669359008297
2019,"NTU",0.347744517636968
2020,"NTU",0.34159467004208
2021,"NTU",0.429856195884502
2022,"NTU",0.262905487759869
2023,"NTU",0.310664523147775
1972,"SAR",2.40152911200141
1973,"SAR",1.97578787535281
1974,"SAR",2.19474051134352
1975,"SAR",1.78230368834018
1976,"SAR",2.17725471055259
1977,"SAR",1.79940936302695
1978,"SAR",1.98453077574827
1979,"SAR",1.96438409222829
1980,"SAR",1.8336207124005
1981,"SAR",1.47896305722805
1982,"SAR",1.53423867785435
1983,"SAR",1.48005498894807
1984,"SAR",1.79936207544391
1985,"SAR",1.67534807088835
1986,"SAR",1.48208325537771
1987,"SAR",1.17610477684812
1988,"SAR",0.916196921506222
1989,"SAR",0.714819040276993
1991,"SAR",0.806091029611104
2003,"SAR",0.468437229437229
2004,"SAR",0.645584980237154
2005,"SAR",0.482495967741935
2006,"SAR",0.433903765690376
2007,"SAR",0.471027906976744
2008,"SAR",0.721112903225806
2009,"SAR",0.570784297520661
2010,"SAR",0.515650602409638
2011,"SAR",0.894479757303785
2012,"SAR",0.813837101807261
2013,"SAR",0.723837336896096
2014,"SAR",0.765320303268354
2015,"SAR",1.13388212750427
2016,"SAR",1.09307315311908
2017,"SAR",1.43746822845057
2018,"SAR",0.969824510892139
2019,"SAR",1.20960157164704
2020,"SAR",1.28502917129911
2021,"SAR",1.77570650905933
2022,"SAR",0.939631445161844
2023,"SAR",0.787798496619153
1971,"SCP",4.86592129449322
1972,"SCP",4.63273428619181
1973,"SCP",3.8114467097843
1974,"SCP",4.23382317765102
1975,"SCP",3.43820083800625
1976,"SCP",4.20009172362
1977,"SCP",3.47119899955834
1978,"SCP",3.82831243679982
1979,"SCP",3.78944793541625
1980,"SCP",3.53719532266251
1981,"SCP",2.85303343981591
1982,"SCP",2.95966436158415
1983,"SCP",2.85513986005134
1984,"SCP",3.47110777817518
1985,"SCP",3.23187522921239
1986,"SCP",2.8590525419269
1987,"SCP",2.26879653327103
1988,"SCP",1.76741429864572
1989,"SCP",1.378940883858
1991,"SCP",1.55501156825819
2003,"SCP",1.08530735930736
2004,"SCP",2.57740711462451
2005,"SCP",1.75216129032258
2006,"SCP",1.73442259414226
2007,"SCP",1.13862325581395
2008,"SCP",1.62598387096774
2009,"SCP",1.43169851239669
2010,"SCP",1.36835857810045
2011,"SCP",2.06790046328034
2012,"SCP",1.82635106059834
2013,"SCP",1.86548959141155
2014,"SCP",1.94683512815003
2015,"SCP",1.63360575065385
2016,"SCP",1.39433649395423
2017,"SCP",1.75709581688134
2018,"SCP",1.24410451340998
2019,"SCP",1.95601999883948
2020,"SCP",0.951875864518764
2021,"SCP",1.43968279830572
2022,"SCP",1.30236158385798
2023,"SCP",1.27206721018344
