"year","fleet","effort"
1971,"OBT",478346
1971,"PS",58514
1971,"PT",74615
1972,"APS",5903
1972,"GN",47555
1972,"OBT",681718
1972,"PS",42928
1972,"PT",104152
1973,"APS",7062
1973,"GN",54786
1973,"OBT",971178
1973,"PS",51217
1973,"PT",114484
1974,"APS",4416
1974,"GN",41771
1974,"OBT",718082
1974,"PS",70240
1974,"PT",101185
1975,"APS",6215
1975,"GN",55246
1975,"OBT",749496
1975,"PS",99659
1975,"PT",79254
1976,"APS",5497
1976,"GN",55921
1976,"OBT",856857
1976,"PS",117427
1976,"PT",115950
1977,"APS",1832
1977,"GN",96343
1977,"OBT",1045733
1977,"PS",149221
1977,"PT",140004
1978,"APS",2671
1978,"GN",110560
1978,"OBT",1028547
1978,"PS",107135
1978,"PT",116462
1979,"APS",4992
1979,"GN",102559
1979,"OBT",996266
1979,"PS",116429
1979,"PT",118947
1980,"APS",3191
1980,"GN",67397
1980,"OBT",849070
1980,"PS",114208
1980,"PT",103254
1981,"APS",3488
1981,"GN",66189
1981,"OBT",853855
1981,"PS",126414
1981,"PT",100313
1982,"APS",7562
1982,"GN",64362
1982,"OBT",944470
1982,"PS",121609
1982,"PT",94328
1983,"APS",16827
1983,"GN",76178
1983,"OBT",959229
1983,"PS",118691
1983,"PT",102851
1984,"APS",29084
1984,"GN",103784
1984,"OBT",892093
1984,"PS",147566
1984,"PT",102430
1985,"APS",37983
1985,"GN",83339
1985,"OBT",920588
1985,"PS",120500
1985,"PT",99033
1986,"APS",21954
1986,"GN",90457
1986,"OBT",1069252
1986,"PS",152897
1986,"PT",131382
1987,"APS",14026
1987,"GN",87038
1987,"OBT",1086956
1987,"PS",144495
1987,"PT",143219
1988,"APS",28096
1988,"GN",100209
1988,"OBT",1002938
1988,"PS",189314
1988,"PT",142183
1989,"APS",47911
1989,"GN",67899
1989,"OBT",935008
1989,"PS",137030
1989,"PT",136626
1990,"APS",65525
1990,"GN",77461
1990,"OBT",948973
1990,"PS",189054
1990,"PT",132979
1991,"APS",50030
1991,"GN",38336
1991,"OBT",881969
1991,"PS",89859
1991,"PT",105148
1992,"APS",18665
1992,"GN",43393
1992,"OBT",770569
1992,"PS",113717
1992,"PT",101656
1993,"APS",23585
1993,"GN",57591
1993,"OBT",807763
1993,"PS",111605
1993,"PT",99602
1994,"APS",34047
1994,"GN",40981
1994,"OBT",902828
1994,"PS",111443
1994,"PT",99280
1995,"APS",90078
1995,"GN",62461
1995,"OBT",824970
1995,"PS",115262
1995,"PT",130005
1996,"APS",97195
1996,"GN",59759
1996,"OBT",777851
1996,"PS",68458
1996,"PT",117611
1997,"APS",104975
1997,"GN",56898
1997,"OBT",779825
1997,"PS",70856
1997,"PT",109775
1998,"APS",79395
1998,"GN",51220
1998,"OBT",929503
1998,"PS",81504
1998,"PT",95596
1999,"APS",53406
1999,"GN",43493
1999,"OBT",839174
1999,"PS",105324
1999,"PT",92361
2000,"APS",53683
2000,"GN",31211
2000,"OBT",754455
2000,"PS",77662
2000,"PT",87121
2001,"APS",45614
2001,"GN",28483
2001,"OBT",633853
2001,"PS",83718
2001,"PT",141923
2002,"APS",54845
2002,"GN",44203
2002,"OBT",617551
2002,"PS",95304
2002,"PT",141476
2003,"APS",73828
2003,"GN",47441
2003,"OBT",621338
2003,"PS",104994
2003,"PT",150630
2004,"APS",54770
2004,"GN",58517
2004,"OBT",566735
2004,"PS",107758
2004,"PT",135802
2005,"APS",63519
2005,"GN",39774
2005,"OBT",543798
2005,"PS",99309
2005,"PT",127763
2006,"APS",60607
2006,"GN",34341
2006,"OBT",512571
2006,"PS",93999
2006,"PT",110453
2007,"APS",53068
2007,"GN",33840
2007,"OBT",465597
2007,"PS",96076
2007,"PT",103916
2008,"APS",53458
2008,"GN",34355
2008,"OBT",456816
2008,"PS",95282
2008,"PT",103748
2009,"APS",52323
2009,"GN",36228
2009,"OBT",481122
2009,"PS",95940
2009,"PT",111785
2010,"APS",50707
2010,"GN",45635
2010,"OBT",506886
2010,"PS",97184
2010,"PT",99935
2011,"APS",50603
2011,"GN",34056
2011,"OBT",398799
2011,"PS",103252
2011,"PT",87738
2012,"APS",34682
2012,"GN",26520
2012,"OBT",359652
2012,"PS",101149
2012,"PT",68417
2013,"APS",28798
2013,"GN",26332
2013,"OBT",358999
2013,"PS",108670
2013,"PT",79373
2014,"APS",33097
2014,"GN",34249
2014,"OBT",336472
2014,"PS",111467
2014,"PT",74864
2015,"APS",28287
2015,"GN",36021
2015,"OBT",301616
2015,"PS",192586
2015,"PT",79237
2016,"AFN",96822
2016,"APS",32502
2016,"GN",87979
2016,"OBT",341810
2016,"PS",125340
2016,"PT",57909
2017,"AFN",76939
2017,"APS",22055
2017,"GN",110042
2017,"OBT",316463
2017,"PS",84992
2017,"PT",115778
2018,"AFN",70972
2018,"APS",14922
2018,"GN",83039
2018,"OBT",313218
2018,"PS",84143
2018,"PT",121924
2019,"AFN",69528
2019,"APS",16134
2019,"GN",89103
2019,"OBT",300588
2019,"PS",86225
2019,"PT",119135
2020,"AFN",54416
2020,"APS",12680
2020,"GN",44328
2020,"OBT",256052
2020,"PS",75184
2020,"PT",113581
2021,"AFN",51421
2021,"APS",11275
2021,"GN",51626
2021,"OBT",225432
2021,"PS",65725
2021,"PT",110570
2022,"AFN",48509
2022,"APS",11833
2022,"GN",50458
2022,"OBT",196076
2022,"PS",66670
2022,"PT",108445
2023,"AFN",52355
2023,"APS",13114
2023,"GN",52119
2023,"OBT",196388
2023,"PS",75226
2023,"PT",113504
