scenario,species,mohn_rho
baseline,ANC,0.37497757006241145
baseline,CMA,-0.2820149811223019
baseline,DMF,0.16139082515273884
baseline,LPF,-0.22887167850290432
baseline,MPF,0.05344183101337562
baseline,NTU,2.7655272318783055
baseline,SAR,0.1102670028217346
baseline,SCP,0.026657815830481112
per_species,ANC,0.06364363293374685
per_species,CMA,-0.046353573718671714
per_species,DMF,-0.12321079955997051
per_species,LPF,-0.08219902094997361
per_species,MPF,0.007738845537664625
per_species,NTU,-0.2927324736187631
per_species,SAR,-0.1046782156578436
per_species,SCP,0.05440904497392155
post_1987,ANC,0.4046541283211446
post_1987,CMA,-0.05605642168625173
post_1987,DMF,-0.17149128393912833
post_1987,LPF,-0.07860856204753311
post_1987,MPF,-0.031218123925643878
post_1987,NTU,0.1093640866714602
post_1987,SAR,0.7181627559078168
post_1987,SCP,0.18092496882458048
recent_2016,ANC,-0.01828751239226445
recent_2016,CMA,-0.2717118529293559
recent_2016,DMF,0.14836329249990984
recent_2016,LPF,-0.17455469005752525
recent_2016,MPF,0.18439436352918784
recent_2016,NTU,0.25012943848735125
recent_2016,SAR,0.12579892143388963
recent_2016,SCP,-0.1364251605251048
thai_dof,ANC,0.12054539157419203
thai_dof,CMA,-0.27537201718989346
thai_dof,DMF,0.04048229875359956
thai_dof,LPF,-0.04623616928599093
thai_dof,MPF,-0.22831147204695543
thai_dof,NTU,0.7851194963190467
thai_dof,SAR,0.06016994697456177
thai_dof,SCP,-0.0667657567846908
