species,period,interaction_mode,likelihood_mode,catch_scale_total,K,K_se,K_lcl95,K_ucl95,r,r_se,r_lcl95,r_ucl95,B0,B0_se,B0_lcl95,B0_ucl95,MSY,MSY_se,MSY_lcl95,MSY_ucl95,B_MSY,B_MSY_se,B_MSY_lcl95,B_MSY_ucl95,F_MSY,F_MSY_se,current_B,current_F,B_over_B_MSY,F_over_F_MSY,q_idx,q_idx_se,sigma_cpue,sigma_cpue_se,delta_pred,delta_pred_se,delta_pred_lcl95,delta_pred_ucl95,delta_prey,delta_prey_se,delta_prey_lcl95,delta_prey_ucl95,scenario
ANC,Min. informative,r_eff,per_fleet_sigma,141.64545368012423,4439.402181075615,1203.2117774700318,2081.1070972343523,6797.6972649168765,0.5024613237405334,0.09631244122068329,0.3136889389479942,0.6912337085330726,778.3867237362617,143.39183820429733,497.33872085583897,1059.4347266166844,557.6569741299663,97.26961561140949,367.00852753160376,748.305420728329,2219.7010905378074,601.6058887350159,1040.5535486171761,3398.8486324584383,0.2512306618702667,0.048156220610341645,1607.563636964017,0.2981503912277761,0.724225276915336,1.1867595659232801,0.0074598609770482795,0.039162018184755794,0.38752038877035255,0.02478140030292744,0.11499352457969396,0.29364658560946333,-0.46055378321485413,0.690540832374242,7.881754505154518e-7,0.3,-0.5879992118245495,0.5880007881754504,baseline
CMA,Min. informative,r_eff,per_fleet_sigma,21.56869619375907,1229.988003483934,221.45143745443065,795.94318607325,1664.0328208946182,0.1450212409394359,0.03691948774699311,0.07265904495532942,0.2173834369235424,1112.2113476541574,206.57535467437754,707.3236524923774,1517.0990428159373,44.593596651464814,4.593216252215652,35.590892797122144,53.59630050580749,614.994001741967,110.72571872721532,397.971593036625,832.0164104473091,0.07251062046971796,0.018459743873496554,148.49349388748473,0.27236952382300306,NA,NA,3.054350347721214e-5,0.004563474112246926,0.5838172736874263,0.03302910386948051,0.14373046414170473,0.29974593766950153,-0.44377157369051823,0.7312325019739278,-0.23636792481278282,0.3009385262723514,-0.8262074363065915,0.35347158668102596,baseline
DMF,Min. informative,r_eff,per_fleet_sigma,53.745783427672954,622.3364460199955,58.745117393166574,507.196015929389,737.4768761106019,0.86580833480913,0.05800355146031078,0.7521213739469209,0.9794952956713391,429.3280522604679,47.22028316618517,336.776297254745,521.8798072661909,134.70602050490112,8.416647526227859,118.20939135349451,151.20264965630773,311.16822300999775,29.372558696583287,253.5980079646945,368.73843805530095,0.432904167404565,0.02900177573015539,203.53857741138103,5,NA,NA,0.003523921985895875,0.014062369368648022,0.3715372980662044,0.017984966283161395,0.8367962148316945,0.24025237518934184,0.36590155946058456,1.3076908702028045,-0.8783984741136601,0.203252896692498,-1.2767741516309563,-0.48002279659636404,baseline
LPF,Min. informative,r_eff,per_fleet_sigma,33.742589811320755,1671.8729889836518,180.85574799991267,1317.3957229038228,2026.3502550634807,0.16471958158462946,0.024020159806495224,0.11764006836389881,0.2117990948053601,1503.4928583945514,172.13025673947334,1166.1175551851838,1840.8681616039191,68.84755480200772,4.845429132318826,59.35051370266282,78.34459590135262,835.9364944918259,90.42787399995633,658.6978614519114,1013.1751275317404,0.08235979079231473,0.012010079903247612,389.4914197668687,0.2256303574111831,NA,NA,0.0074846211098519595,0.00502375660829162,0.1898899149361245,0.010794277063415616,0.696008524149837,0.2798291413170545,0.1475434071684102,1.2444736411312638,-0.6249917664548562,0.24248946206515132,-1.1002711121025528,-0.14971242080715963,baseline
MPF,Min. informative,r_eff,per_fleet_sigma,62.10427093976778,1315.4395195566476,259.7606230189064,806.3086984395911,1824.5703406737043,0.5158109762865114,0.11008830816895895,0.3000378922753518,0.731584060297671,1155.0697782055652,240.13118942674876,684.4126469291376,1625.7269094819928,169.62953570709354,11.161872745802695,147.75226512532026,191.50680628886678,657.7197597783238,129.8803115094532,403.15434921979556,912.2851703368522,0.2579054881432557,0.05504415408447948,251.3672374481033,0.6154280013915505,NA,NA,2.7098738189421567e-4,0.020209735614458643,0.2832081365939055,0.014405929671716413,0.12494061853103304,0.27743689686199324,-0.4188356993184737,0.6687169363805398,0.09426521679460925,0.22030393235275098,-0.33753049061678264,0.5260609242060011,baseline
NTU,Min. informative,r_eff,per_fleet_sigma,31.47516468069666,175.02848374524376,19.73108793782098,136.35555138711464,213.70141610337288,1.1130979344687768,0.12930982808791092,0.8596506714164713,1.3665451975210823,119.94897754329043,14.077224845661672,92.35761684579354,147.5403382407873,48.70596093250818,4.025872178145583,40.81525146334283,56.59667040167352,87.51424187262188,9.86554396891049,68.17777569355732,106.85070805168644,0.5565489672343884,0.06465491404395546,50.934316410839635,5,NA,NA,0.006239197063909427,0.03459763444074369,0.25687896859438314,0.012947780345484335,0.6256107064668258,0.2236758402243552,0.18720605962708964,1.064015353306562,-0.12825238674957937,0.2430295180153166,-0.6045902420595999,0.3480854685604412,baseline
SAR,Min. informative,r_eff,per_fleet_sigma,85.36122802637362,744.4433018697854,57.51801566777546,631.7079911609455,857.1786125786252,1.0430318082050325,0.044211744398436954,0.9563767891840961,1.129686827225969,480.00637989391123,53.298573376917574,375.54117607515275,584.4715837126697,194.1195108138418,13.797346979948532,167.07671073314268,221.16231089454092,372.2216509348927,28.75900783388773,315.85399558047277,428.5893062893126,0.5215159041025162,0.022105872199218477,300.419473151275,5,NA,NA,0.004025333399462167,0.0192039209338756,0.21101137337025933,0.011278477879480714,2.1009134736928567,0.16433065954982407,1.7788253809752015,2.423001566410512,3.1108466437399797e-6,0.3,-0.5879968891533562,0.5880031108466437,baseline
SCP,Min. informative,r_eff,per_fleet_sigma,31.127090375457875,223.61974820631303,19.134286538155905,186.11654659152745,261.1229498210986,1.4249492677433946,0.175409353528871,1.0811469348268075,1.7687516006599817,177.4702002745241,19.26402405815197,139.71271312054625,215.22768742850195,79.66169911488699,7.469468611067704,65.02154063719428,94.30185759257968,111.80987410315652,9.567143269077953,93.05827329576373,130.5614749105493,0.7124746338716973,0.0877046767644355,79.26441908919799,4.221789761077791,NA,NA,0.016180404346305764,0.02110898737760045,0.23188286760109744,0.013381418195321723,0.16976337294017038,0.2590435866742312,-0.33796205694132275,0.6774888028216636,-0.106411135456328,0.27405659105381797,-0.6435620539218112,0.4307397830091553,baseline
ANC,Min. informative,r_eff,per_fleet_sigma,141.64545368012423,3929.159297423933,969.0637810922531,2029.794286483117,5828.524308364748,0.5190271817675047,0.08973737128669916,0.34314193404557436,0.6949124294894351,794.7779594634086,139.14636612084885,522.0510818665448,1067.5048370602724,509.8351192143832,69.70338166620259,373.2164911486261,646.4537472801403,1964.5796487119665,484.53189054612653,1014.8971432415585,2914.262154182374,0.25951359088375237,0.04486868564334958,1658.7431780676613,0.27275432496615526,0.8443247282721166,1.0510213512799567,0.007123425055373423,0.03565792299654687,0.38844292593585966,0.024842734711306193,0.03989588921809517,0.2983220760763285,-0.5448153798915086,0.624607158327699,-5.730324852790829e-6,0.3,-0.5880057303248527,0.5879942696751472,post_1987
CMA,Min. informative,r_eff,per_fleet_sigma,20.826265833333334,590.0656575082172,177.26696726963968,242.62240165972347,937.508913356711,0.5381947229561722,0.28769526349905733,-0.025687993501980144,1.1020774394143245,500.9294074848511,156.28548203685742,194.6098626926105,807.2489522770916,79.39255576714665,28.627939924569812,23.281793514989808,135.50331801930346,295.0328287541086,88.63348363481984,121.31120082986173,468.7544566783555,0.2690973614780861,0.14384763174952866,418.88252769887913,0.17250467382372037,NA,NA,2.5086958230468236e-5,0.009750725799633216,0.7487358022966287,0.05436729969710631,0.014132634070574867,0.3001502383045568,-0.5741618330063565,0.6024271011475062,-0.024107271465000465,0.30011095944317956,-0.6123247519736323,0.5641102090436314,post_1987
DMF,Min. informative,r_eff,per_fleet_sigma,59.5675915,1706.2019443800561,523.1633531095322,680.8017722853732,2731.602116474739,0.4594727102762032,0.10979116108096257,0.24428203455751654,0.6746633859948898,502.7964477255896,104.10143262218536,298.75763978610627,706.835255665073,195.98830791570805,24.76808531705603,147.4428606942782,244.53375513713783,853.1009721900281,261.5816765547661,340.4008861426866,1365.8010582373695,0.2297363551381016,0.054895580540481284,668.461782684333,0.2953016578698042,NA,NA,0.001007654908076838,0.019750147685709426,0.49670704716152747,0.03015447552090587,0.1267931151337433,0.3019622020948995,-0.4650528009722597,0.7186390312397464,-0.19393615450681875,0.29700668551410137,-0.7760692581144575,0.3881969491008199,post_1987
LPF,Min. informative,r_eff,per_fleet_sigma,37.579840555555556,1032.1370328621244,241.2118505640827,559.3618057565224,1504.9122599677266,0.4532018551953157,0.13066393892143544,0.19710053490930224,0.7093031754813292,686.7034961970181,147.63538613169402,397.3381393788978,976.0688530151384,116.94160452722582,12.900331062906924,91.65695564392824,142.22625341052338,516.0685164310622,120.60592528204135,279.6809028782612,752.4561299838633,0.22660092759765785,0.06533196946071772,528.2117456986313,0.24230119172707454,NA,NA,0.00634769945276357,0.012729513871160733,0.17952973622622073,0.011880650835159713,-0.07801522300882026,0.29873027876575137,-0.6635265693896929,0.5074961233720524,0.23984047753853366,0.3056399191305875,-0.3592137639574179,0.8388947190344852,post_1987
MPF,Min. informative,r_eff,per_fleet_sigma,65.1221825,1192.6086696938182,298.0606350225216,608.4098250496758,1776.8075143379606,0.6153614041137461,0.15048400665055423,0.3204127510786598,0.9103100571488323,501.39730721571885,129.85383561861897,246.88378940322562,755.910825028212,183.47133638525364,16.551434348349858,151.03052506248792,215.91214770801935,596.3043348469091,149.0303175112608,304.2049125248379,888.4037571689803,0.30768070205687303,0.07524200332527711,255.66605561193376,0.7186491209195225,NA,NA,2.8277395306289515e-4,0.037584972833748,0.33367976296944213,0.021010389234559702,0.10755972152577045,0.2985400800451023,-0.47757883536263,0.6926982784141709,-0.204065672061917,0.29893171938269864,-0.7899718420520063,0.38184049792817226,post_1987
NTU,Min. informative,r_eff,per_fleet_sigma,31.016683888888892,386.88631378851187,107.91597652124882,175.37099980686418,598.4016277701596,1.4240105526772142,0.430851461092144,0.579541688936612,2.2684794164178164,283.1938783512576,85.11453570096684,116.36938837736258,450.01836832515266,137.73254838030718,34.66181201771514,69.7953968255855,205.66969993502886,193.44315689425594,53.95798826062441,87.68549990343209,299.2008138850798,0.7120052763386071,0.215425730546072,365.49766905586233,0.08596632419593941,NA,NA,9.029287497709261e-4,0.024819065099694636,0.30776775492813974,0.019205128132965633,0.012577857704582867,0.30096907520078037,-0.5773215296889467,0.6024772450981124,0.0140622160779669,0.3005032051361524,-0.5749240659888919,0.6030484981448256,post_1987
SAR,Min. informative,r_eff,per_fleet_sigma,85.12018666666667,1803.851110107122,420.3315130652833,980.0013444991667,2627.700875715077,1.0815936099191867,0.02788009658119148,1.0269486206200515,1.136238599218322,252.4206900156689,24.61332314984746,204.17857664196788,300.6628033893699,487.7584584843737,101.89093607852185,288.0522237704709,687.46469319827645,901.925555053561,210.16575653264164,490.0006722495834,1313.8504378575385,0.5407968049595934,0.01394004829059574,333.6677594967419,1.7275281007215466,NA,NA,0.0035337110758938573,0.024898367161091874,0.2228617739236844,0.014959146187669366,0.03692720833222623,0.26564329309881207,-0.4837336461414454,0.5575880628058978,5.590523704787933e-6,0.3,-0.5879944094762952,0.5880055905237047,post_1987
SCP,Min. informative,r_eff,per_fleet_sigma,23.670013333333333,679.6669457782025,228.07728935953247,232.63545863351882,1126.698432922886,0.48171389945739107,0.11304752986466189,0.26014074092265377,0.7032870579921284,187.54004038868712,41.745447103580595,105.71896406566916,269.36111671170505,81.8512536957783,17.633653522917005,47.28929279086097,116.41321460069562,339.83347288910124,114.03864467976624,116.31772931675941,563.349216461443,0.24085694972869554,0.056523764932330946,151.28368256728706,0.5189586828385258,NA,NA,0.008445814128997536,0.029985714369672796,0.21358179473753036,0.013649870647354782,-0.14242341578184362,0.29032086635657234,-0.7114523138407254,0.4266054822770382,0.0011920933681545645,0.2799126204311957,-0.547436642676989,0.549820829413298,post_1987
ANC,Min. informative,r_eff,per_fleet_sigma,145.3633017032967,2388.5914530618393,471.68551506709605,1464.0878435303312,3313.0950625933474,1.115765943266634,0.03170248942542733,1.0536290639927965,1.1779028225404715,234.42137515989734,21.452954082811797,192.3735851575862,276.46916516220847,666.2772489260404,120.5730088165998,429.9541516455048,902.600346206576,1194.2957265309196,235.84275753354802,732.0439217651656,1656.5475312966737,0.557882971633317,0.015851244712713666,644.8519783343133,1.3994715675161777,0.5399433021563429,2.508539673507039,0.019185017353571168,0.026003144696437698,0.38018062313731305,0.02455599885124972,0.14418262036280327,0.3090029290227665,-0.46146312052181904,0.7498283612474256,-2.8691558687919207e-6,0.3,-0.5880028691558687,0.5879971308441312,thai_dof
CMA,Min. informative,r_eff,per_fleet_sigma,21.56869619375907,1237.011174656155,211.97667451331327,821.5368926100609,1652.485456702249,0.1385699270721713,0.03243440322933224,0.07499849674268011,0.2021413574016625,1111.1842098881295,199.15059672433526,720.8490403084326,1501.5193794678269,42.85313706489109,3.935851226924159,35.13886866011973,50.56740546966243,618.5055873280775,105.98833725665664,410.76844630503047,826.2427283511245,0.06928496353608565,0.01621720161466612,184.67186432912746,0.23524760892188024,NA,NA,3.109670901827523e-5,0.004630844240788848,0.5831442673850806,0.03288701506571945,0.280266726559843,0.30071187551854484,-0.30912854945650486,0.869662002576191,-0.35840125490438207,0.30087854217702414,-0.9481231975713493,0.23132068776258524,thai_dof
DMF,Min. informative,r_eff,per_fleet_sigma,53.745783427672954,478.76802569723856,42.88434056302016,394.7147181937191,562.8213332007581,1.0440482964748286,0.08914127721246884,0.8693313931383897,1.2187651998112674,362.2074019343906,40.731071618088116,282.3745015629379,442.0403023058433,124.96423540895476,7.063765319846365,111.1192553820559,138.80921543585362,239.38401284861928,21.44217028151008,197.35735909685954,281.41066660037905,0.5220241482374143,0.04457063860623442,186.5275822585506,5,NA,NA,0.0038596143682032027,0.01689367766787928,0.3639759997869885,0.018956329063035723,0.9563402838391143,0.272102165719404,0.4230200390290825,1.489660528649146,-1.1337886085692788,0.23840182763920328,-1.6010561907421172,-0.6665210263964403,thai_dof
LPF,Min. informative,r_eff,per_fleet_sigma,36.65727217391304,1238.8048396967386,275.17534959955987,699.4611544816014,1778.1485249118757,0.3179741387949335,0.07011202602863671,0.18055456777880557,0.4553937098110615,730.9032966604519,154.96835757631004,427.16531581088424,1034.6412775100196,98.47697550939154,12.892688431706427,73.20730618324693,123.74664483553613,619.4024198483693,137.58767479977993,349.7305772408007,889.0742624559379,0.15898706939746676,0.035056013014318356,435.4920977709134,0.21024196464027067,NA,NA,0.0077508500218366585,0.01607674920590467,0.18410122627578437,0.013435334058323313,0.036755768766440405,0.29876211739076347,-0.548817981319456,0.6223295188523368,0.01667760181519502,0.29460260247441944,-0.560743499034667,0.5940987026650572,thai_dof
MPF,Min. informative,r_eff,per_fleet_sigma,60.06852478260869,2387.2007476433637,434.6826145547706,1535.2228231160134,3239.178672170714,0.1873877657932891,0.049854389135281556,0.08967316308813726,0.28510236849844095,2026.7339157856086,378.63348828402735,1284.612278748915,2768.8555528223023,111.83305365023988,17.13289539772578,78.25257867069736,145.4135286297824,1193.6003738216818,217.3413072773853,767.6114115580067,1619.589336085357,0.09369388289664456,0.024927194567640778,478.61651292374296,0.19039099245100033,NA,NA,1.4175189290026983e-4,0.01545348540986458,0.3396379490458952,0.022953068165898958,-0.029737633288124052,0.299705669353513,-0.6171607452210095,0.5576854786447614,0.02649798365958461,0.29959826856307065,-0.5607146227240339,0.613710590043203,thai_dof
NTU,Min. informative,r_eff,per_fleet_sigma,22.049744347826085,177.5718800900012,50.393600491571604,78.80042312652084,276.34333705348155,1.1470145821553324,0.3555855082454861,0.4500669859941796,1.843962178316485,93.95406882831733,36.753658689320794,21.91689779724857,165.9912398593861,50.91938396099238,8.639966706013293,33.985049217206324,67.85371870477843,88.7859400450006,25.196800245785802,39.40021156326042,138.17166852674077,0.5735072910776662,0.17779275412274306,123.03803796105817,0.5092573521641643,NA,NA,0.0025330245005030813,0.05086392862951151,0.34100520010125135,0.024324859150681933,0.0613323694360781,0.2968394355989962,-0.5204729243379544,0.6431376632101107,-0.03083353884751318,0.29548837088998525,-0.6099907457918843,0.548323668096858,thai_dof
SAR,Min. informative,r_eff,per_fleet_sigma,85.36122802637362,598.3110839079208,41.26775235041062,517.426289301116,679.1958785147255,1.157007914685259,0.05871801518002672,1.0419206049324066,1.2720952244381114,470.40440837022794,48.11408563000561,376.10080053541697,564.7080162050389,173.0626648813451,10.16666348098338,153.1360044586177,192.9893253040725,299.1555419539604,20.63387617520531,258.713144650558,339.5979392573627,0.5785039573426295,0.02935900759001336,247.38282123888285,5,NA,NA,0.004372248965662215,0.020157026738773624,0.21052174056336817,0.011481618683395232,1.9474155760562493,0.15941625529038045,1.6349597156871036,2.259871436425395,1.3545114505038056e-6,0.3,-0.5879986454885494,0.5880013545114505,thai_dof
SCP,Min. informative,r_eff,per_fleet_sigma,27.953238260869565,1057.0829712836637,412.0425556810545,249.47956214879676,1864.6863804185302,0.5366060340479931,0.1381797354485101,0.26577375256891334,0.8074383155270729,204.43962606263008,50.013364010013795,106.41343260300302,302.4658195222571,141.8092752200488,39.29335573085952,64.79429798756415,218.82425245253344,528.5414856418319,206.02127784052726,124.73978107439838,932.3431902092651,0.26830301702399656,0.06908986772425504,139.8419813269769,0.6947111751787949,NA,NA,0.008706586938270486,0.03721185038318807,0.2256192663729382,0.01531822170964534,-0.05321413482633205,0.29327514804860827,-0.6280334250016043,0.5216051553489401,0.06439742261983074,0.2927866250706148,-0.5094643625185743,0.6382592077582357,thai_dof
ANC,Min. informative,r_eff,per_fleet_sigma,111.43761125,632.4361479911678,89.20007673361582,457.60399759328084,807.2682983890547,2.0553174311799927,0.26848071325059464,1.5290952332088272,2.581539629151158,290.3849849586335,50.558823174462965,191.28969153668606,389.4802783805809,324.9642597686442,26.18648158141139,273.63875586907784,376.2897636682105,316.2180739955839,44.60003836680791,228.80199879664042,403.63414919452737,1.0276587155899963,0.13424035662529732,390.03971105826986,1.749904002312665,1.2334516687484376,1.7028065599657913,0.027523129782251386,0.05277335364203473,0.2974848079857575,0.030194009425240937,-0.08921505418913395,0.29629514734289447,-0.6699535429812071,0.4915234346029392,5.556731091869995e-6,0.3,-0.5879944432689082,0.5880055567310918,recent_2016
CMA,Min. informative,r_eff,per_fleet_sigma,28.78000875,1341.3431278639314,714.1145359890775,-58.321362674660406,2741.007618402523,0.32925913368562915,0.16125338815230286,0.01320249290711556,0.6453157744641427,1097.557095748733,593.7153646264613,-66.12501891913118,2261.239210416597,110.41236906391256,65.37772749600254,-17.727976828252395,238.55271495607752,670.6715639319657,357.05726799453873,-29.160681337330203,1370.5038092012614,0.16462956684281457,0.08062669407615143,1057.3835166331448,0.06441863686794846,NA,NA,0.0025992122954107727,0.029922141042013503,0.3000076128618718,0.06000152257237433,0.0029865836821136517,0.30054746796767695,-0.5860864535345331,0.5920596208987605,-0.0016078848016983724,0.300904344149098,-0.5913803993339305,0.5881646297305337,recent_2016
DMF,Min. informative,r_eff,per_fleet_sigma,50.2563075,627.9955864538086,179.11571086830654,276.92879315192783,979.0623797556894,1.1315206241450844,0.2881360521199257,0.5667739619900299,1.696267286300139,248.74997182460237,88.10648586349775,76.06125953214678,421.43868411705796,177.647489486143,33.693817589562805,111.60760701059992,243.68737196168607,313.9977932269043,89.55785543415327,138.46439657596392,489.5311898778447,0.5657603120725422,0.14406802605996286,455.7105571319082,0.39501373413215024,NA,NA,0.0018283195998001738,0.03310328135638146,0.5534014350489423,0.05073963454397996,-0.14154559770634845,0.30181565518829623,-0.733104281875409,0.4500130864627121,0.2136840455573819,0.2989171148098826,-0.372193499469988,0.7995615905847517,recent_2016
LPF,Min. informative,r_eff,per_fleet_sigma,45.250282500000004,1294.9412772864418,300.88051150217944,705.21547474217,1884.6670798307136,0.31915163179724104,0.09971182884776465,0.12371644725562234,0.5145868163388597,899.2989269557975,250.90465479770847,407.52580355228883,1391.072050359306,103.3206554318929,15.265303864292134,73.40065985788031,133.24065100590548,647.4706386432209,150.44025575108972,352.607737371085,942.3335399153568,0.15957581589862052,0.049855914423882326,615.9782438898952,0.1652256749426213,NA,NA,0.005519531232400149,0.018759012983368677,0.20300337671413418,0.023002188809307902,0.04990488444204659,0.3005276260181247,-0.5391292625534779,0.638939031437571,-0.06720971707888733,0.297231044480941,-0.6497825642615317,0.515363130103757,recent_2016
MPF,Min. informative,r_eff,per_fleet_sigma,23.27588375,470.4831160828959,127.8891795248717,219.8203242141474,721.1459079516444,0.6268624648803988,0.20490033039061842,0.22525781731478667,1.0284671124460107,369.0852310318136,112.23786110461533,149.09902326676752,589.0714387968596,73.73205145808376,17.24656426189613,39.92878550476735,107.53531741140016,235.24155804144795,63.94458976243585,109.9101621070737,360.5729539758222,0.3134312324401994,0.10245016519530921,320.9942235771833,0.25043520197171176,NA,NA,2.612313960214473e-4,0.02125170267418294,0.29757928596391037,0.029719646523108326,0.015594954390549885,0.29904441260904835,-0.5705320943231849,0.6017220031042847,-0.039108636175522196,0.2960362001313855,-0.6193395884330377,0.5411223160819933,recent_2016
NTU,Min. informative,r_eff,per_fleet_sigma,30.595889999999997,195.74937745225623,65.06469761712741,68.22257012268653,323.276184781826,2.2552506022467544,0.2632601782381331,1.7392606529000136,2.771240551593495,87.99985440490056,35.82556414968731,17.78174867151343,158.2179601382877,110.36597534715705,31.90773092731773,47.82682272961431,172.90512796469983,97.87468872612811,32.532348808563704,34.11128506134327,161.638092390913,1.1276253011233772,0.13163008911906654,171.40568272022577,0.550073679800219,NA,NA,0.002312944577275093,0.07952829468088482,0.23180906590418285,0.025621034988494547,-0.06145034293965856,0.3015240862256822,-0.6524375519419957,0.5295368660626786,-0.007953400843094562,0.30000666556043276,-0.5959664653415429,0.5800596636553537,recent_2016
SAR,Min. informative,r_eff,per_fleet_sigma,51.2427775,422.33910590709786,112.75103400147087,201.34707926421498,643.3311325499808,2.0727545163549257,0.30711538422113055,1.4708083632815099,2.6747006694283417,302.33185275343635,97.10691599827064,112.00229739682591,492.66140811004675,218.85132230055964,47.14924483906091,126.43880241600026,311.2638421851191,211.16955295354893,56.375517000735435,100.67353963210749,321.6655662749904,1.0363772581774628,0.15355769211056527,337.5387268513041,0.5389828275473709,NA,NA,0.0035151122327853235,0.050261956001630886,0.24163963363677105,0.025908460460079774,-0.07698890873439976,0.3006184246959812,-0.666201021138523,0.5122232036697234,-5.875892779497883e-6,0.3,-0.5880058758927794,0.5879941241072205,recent_2016
SCP,Min. informative,r_eff,per_fleet_sigma,26.86731,591.727261085627,219.63049321832696,161.2514943777062,1022.2030277935479,0.5776444385998255,0.20685283426426565,0.17221288344186486,0.9830759937577862,230.0676070311474,85.61102540919357,62.26999722912799,397.86521683316676,85.45199038350484,16.768741899792968,52.58525625991062,118.31872450709906,295.8636305428135,109.81524660916348,80.6257471888531,511.10151389677395,0.28882221929991275,0.10342641713213283,188.22455754311963,0.4849309745702053,NA,NA,0.007003832541794493,0.04855434853144136,0.2182860879603989,0.023413792535958516,0.025809957243387156,0.3041747297685983,-0.5703725131030654,0.6219924275898397,-0.14164323871998294,0.30517976213154746,-0.739795572497816,0.4565090950578501,recent_2016
ANC,Min. informative,r_eff,per_fleet_sigma,148.36390515151516,2225.182358198,409.922592003564,1421.7340778710147,3028.6306385249854,1.1106967317782657,0.02660637853428198,1.0585482298510729,1.1628452337054584,213.63839885706096,20.21016419506685,174.02647703472996,253.250320679392,617.8756932152934,105.06626563286812,411.9458125748719,823.8055738557149,1112.591179099,204.961296001782,710.8670389355074,1514.3153192624927,0.5553483658891328,0.01330318926714099,657.3297215778623,1.3371837575148504,0.5908097546757308,2.4078287425478795,0.019895351391712397,0.025600871558359554,0.37158688410956703,0.023921461840987004,0.2564933488010126,0.17723692825871692,-0.09089103058607256,0.6038777281880978,1.8551534625552924e-7,0.3,-0.5879998144846537,0.5880001855153463,per_species
CMA,Min. informative,r_eff,per_fleet_sigma,22.156372105263156,462.254941189425,126.99317751178096,213.34831326633432,711.1615691125156,0.5624456312999401,0.2079263397645645,0.15491000536139365,0.9699812572384865,406.5502093913859,112.95703246241207,185.15442576505825,627.9459930177136,64.99831805470069,15.859374250472756,33.913944523774084,96.08269158562729,231.1274705947125,63.49658875589048,106.67415663316716,355.5807845562578,0.28122281564997004,0.10396316988228226,239.4470402999949,0.3721914316797381,NA,NA,3.682651116430362e-5,0.012778119128887386,0.6099797591424808,0.05644520545651379,0.005993402137972758,0.2999595952855172,-0.5819274046216409,0.5939142088975864,-0.010654719584160487,0.2985324870172114,-0.5957783941378949,0.5744689549695738,per_species
DMF,Min. informative,r_eff,per_fleet_sigma,57.46373090643275,547.6722740895237,140.0199635817269,273.23314546933904,822.1114027097085,1.417861973423333,0.3542478987590471,0.7235360918556007,2.1121878549910655,284.78399035184435,86.6415110276423,114.96662873766543,454.60135196602323,194.13092283245422,38.173948352322434,119.30998406190224,268.9518616030062,273.83613704476187,70.00998179086345,136.61657273466952,411.05570135485425,0.7089309867116665,0.17712394937952355,427.5212978970397,0.44224114456488284,NA,NA,0.0015021151760463449,0.03417279294467818,0.5043558076137246,0.032946623768866,0.2354453517505291,0.2949379085971311,-0.3426329490998478,0.813523652600906,-0.21330398892632282,0.2983021847854138,-0.7979762711057339,0.3713682932530882,per_species
LPF,Min. informative,r_eff,per_fleet_sigma,37.579840555555556,1036.1093091839355,259.8066606202398,526.8882543682654,1545.3303639996054,0.43278470500774546,0.1317801180564819,0.17449567361704094,0.69107373639845,661.1821038412163,145.68237761562267,375.6446437145959,946.7195639678366,112.10306543273714,13.344589285736545,85.94767043269351,138.25846043278077,518.0546545919677,129.9033303101199,263.4441271841327,772.6651819998027,0.21639235250387273,0.06589005902824095,509.4146889626236,0.24477575527503692,NA,NA,0.006618151810511705,0.013745212343850174,0.179691634734509,0.011842586477204445,0.12772136849129517,0.29431768955020965,-0.4491413030271157,0.7045840400097061,0.15761092099304552,0.29822259253477185,-0.4269053603751073,0.7421272023611983,per_species
MPF,Min. informative,r_eff,per_fleet_sigma,67.72453925,1506.4927944882775,283.8953137574684,950.0579795236393,2062.9276094529155,0.5277634441882093,0.09829281473565928,0.33510952730631716,0.7204173610701015,902.1566548842391,187.1547169669921,535.3334096289345,1268.9799001395436,198.7679564659635,25.36115960443617,149.0600836412686,248.47582929065837,753.2463972441387,141.9476568787342,475.0289897618197,1031.4638047264577,0.26388172209410465,0.04914640736782964,243.63714581954488,0.6884570128305061,NA,NA,3.087084541610741e-4,0.03139442807103875,0.3022770933162221,0.0175843646775928,0.4404974147198406,0.2482414794616686,-0.04605588502502983,0.9270507144647111,-0.40365723135191944,0.2660675383360208,-0.9251496064905202,0.11783514378668136,per_species
NTU,Min. informative,r_eff,per_fleet_sigma,31.47516468069666,3894.223184354755,1467.9712473741945,1016.9995395013336,6771.4468292081765,0.11726373242045107,0.02606869808009704,0.06616908418346087,0.16835838065744127,813.3166957937735,158.68814540537406,502.2879307992404,1124.3454607883068,114.16278636892326,38.947580028769075,37.82552951253587,190.50004322531063,1947.1115921773776,733.9856236870972,508.4997697506668,3385.7234146040882,0.058631866210225536,0.01303434904004852,309.9718537250447,0.09472850546629275,NA,NA,9.351795896652285e-4,0.010182386347942883,0.27268404820464615,0.014027908375172841,-0.4380541928830522,0.3048395129855735,-1.0355396383347761,0.1594312525686718,0.7321885205408635,0.29798602212241204,0.14813591718093588,1.3162411239007912,per_species
SAR,Min. informative,r_eff,per_fleet_sigma,57.82147803571428,1671.2093904740138,373.8534137695468,938.4566994857021,2403.9620814623254,0.44768775868413135,0.0813703962917962,0.2882017819522108,0.6071737354160519,524.2784104637908,138.54168831928544,252.73670135799134,795.8201195695902,187.0449965782962,21.580168493621535,144.747866330798,229.34212682579442,835.6046952370069,186.9267068847734,469.22834974285104,1201.9810407311627,0.22384387934206568,0.0406851981458981,1100.4610759353134,0.1350824193907938,NA,NA,0.0010904182896731374,0.01697366515807307,0.24587674574940593,0.019192840141101696,0.011491075622116008,0.2998216019442199,-0.576159264188555,0.5991414154327871,7.322098041530808e-7,0.3,-0.5879992677901958,0.5880007322098041,per_species
SCP,Min. informative,r_eff,per_fleet_sigma,23.670013333333333,667.2987089438167,225.90237995545155,224.53004423113165,1110.0673736565016,0.4973841110381983,0.11424833734164841,0.2734573698485674,0.7213108522278292,190.64222831812808,42.01881825760923,108.28534453321399,272.9991121030422,82.97594378623941,16.7131865639004,50.21809812099462,115.7337894514842,333.64935447190834,112.95118997772578,112.26502211556583,555.0336868282508,0.24869205551909915,0.057124168670824205,151.07268609603855,0.5201134948096113,NA,NA,0.00835166527519161,0.029016280930194052,0.21384376703312977,0.01365807868000221,-0.1938294749515659,0.2616083948046758,-0.7065819287687304,0.3189229788655986,0.1427949139894825,0.2805513149476697,-0.40708566330795015,0.6926754912869152,per_species
