scenario,species,B_end,B_end_over_B_MSY,mean_catch_20yr
baseline,ANC,2216.7419496944362,0.9986668741768946,538.2598840807653
baseline,CMA,9.321586212679044,0.015157198584499529,16.18503403314451
baseline,DMF,250.7471678428039,0.8058251109874657,236.05423883894267
baseline,LPF,84.87974979342107,0.10153851441193545,59.60307333133519
baseline,MPF,175.17770235325955,0.2663409449828617,92.89120977953283
baseline,NTU,54.9416784819689,0.627802713093684,53.41733271083874
baseline,SAR,385.4343631348401,1.0354968932268223,358.2090612334863
baseline,SCP,79.70171034549507,0.712832484472362,79.05179496668889
post_1987,ANC,2106.4570679598405,1.072217697735438,484.3490963393782
post_1987,CMA,412.5375417974164,1.3982767393700468,67.1260212137749
post_1987,DMF,709.8572459165541,0.8320905368262006,185.63371044969912
post_1987,LPF,447.72349853334924,0.8675660000141809,114.70286574247868
post_1987,MPF,208.50245024724796,0.34965778053714364,114.6127380067969
post_1987,NTU,363.7730994032241,1.880516763909501,30.95578219347024
post_1987,SAR,379.1457425971469,0.4203736555337223,314.9778660082901
post_1987,SCP,93.2541368924397,0.27441127591004427,48.60333156695531
thai_dof,ANC,802.9408978633707,0.6723132973067563,588.9129759590951
thai_dof,CMA,36.45785480551089,0.05894506945847903,21.775331987738348
thai_dof,DMF,229.2663412786088,0.9577345560816183,215.13270832285184
thai_dof,LPF,372.3995708332131,0.6012239521511348,89.12539924904267
thai_dof,MPF,320.6849499757683,0.2686702827923855,68.1467799498261
thai_dof,NTU,115.71956716282904,1.3033546426852867,47.32542652538693
thai_dof,SAR,305.4881828007437,1.0211683888769738,288.3516575930308
thai_dof,SCP,53.501393443285124,0.10122458671019165,46.462138517540296
recent_2016,ANC,378.1689792911716,1.1959119683223827,316.46927219843553
recent_2016,CMA,1080.7658309644748,1.611468100165508,68.78451426086538
recent_2016,DMF,451.27269364182825,1.4371842840173241,154.89026306719262
recent_2016,LPF,569.4768314198227,0.8795407813598548,102.77962322756113
recent_2016,MPF,300.87030520681685,1.2789844945415876,67.60290662364305
recent_2016,NTU,159.36240144283582,1.62822894782084,68.30117222168597
recent_2016,SAR,329.2163937317763,1.5590144939322488,151.04662523673312
recent_2016,SCP,176.5301167125359,0.5966604154375466,70.86506502015969
per_species,ANC,791.7245398967439,0.7116041855894446,570.3000485559147
per_species,CMA,201.17963843483568,0.8704272058928424,66.35867548746144
per_species,DMF,421.72770576606376,1.5400732361964602,157.94697476233992
per_species,LPF,431.211896504446,0.8323675748924191,111.92229535252478
per_species,MPF,224.30082108576153,0.29777881700649167,112.65052520314023
per_species,NTU,279.7168175763,0.14365731204111615,27.78255389755361
per_species,SAR,1156.5564221448558,1.3840951693274242,158.66283273082112
per_species,SCP,86.83110689645487,0.2602465904179222,47.235302917366965
