floor,design,n,mae_model,mae_naive,bias_model,mase
1971,one_step,35,0.33812339046932804,0.4503146011209663,0.06748403373476647,0.7508603754522702
1972,one_step,35,0.3345462779343517,0.4503146011209663,0.06769837494069167,0.7429167899543276
1973,one_step,35,0.3383376522159321,0.4503146011209663,0.05220581866349804,0.7513361800254967
1974,one_step,35,0.3428618989995406,0.4503146011209663,0.040790000392978025,0.7613830378718698
1975,one_step,35,0.3309258636119789,0.4503146011209663,0.03153084979804061,0.7348770454882132
1976,one_step,35,0.32099132440600225,0.4503146011209663,0.04590808352293323,0.7128157150733284
1977,one_step,35,0.31144432607936856,0.4503146011209663,0.048050074489914295,0.6916149849551657
1978,one_step,35,0.3232063105801919,0.4503146011209663,0.03321648870103015,0.7177344678045876
1979,one_step,35,0.31015460633996006,0.4503146011209663,0.03483227500385275,0.6887509433802357
1980,one_step,35,0.3090780295843917,0.4503146011209663,0.03243265938583349,0.6863602219759364
1981,one_step,35,0.32005030026411424,0.4503146011209663,0.03425200491715884,0.710726011253942
1982,one_step,35,0.31758207733687127,0.4503146011209663,0.015523207482521124,0.7052449033327267
1983,one_step,35,0.3184143497675207,0.4503146011209663,0.002174632952050745,0.7070931055197703
1984,one_step,35,0.3211082714159391,0.4503146011209663,-0.01516799390513405,0.7130754157573519
1985,one_step,35,0.3211980350715493,0.4503146011209663,-0.02852515536502441,0.7132747511894848
1986,one_step,35,0.3139826726422291,0.4503146011209663,-0.029870250830047202,0.6972518143107804
1987,one_step,35,0.31095405241055774,0.4503146011209663,-0.035084117828751746,0.690526249063435
1988,one_step,35,0.3322130446507174,0.4503146011209663,-0.06595011348691866,0.7377354494474326
1989,one_step,35,0.33594743642237396,0.4503146011209663,-0.08150791814089661,0.746028300184141
1990,one_step,35,0.32334091500202083,0.4503146011209663,-0.06560408478578117,0.7180333797685654
1991,one_step,35,0.3256278666503753,0.4503146011209663,-0.04969947001040473,0.7231119440493184
1992,one_step,35,0.3121756109940022,0.4503146011209663,-0.04317086867567387,0.6932389272231119
1993,one_step,35,0.3009602644236535,0.4503146011209663,-0.035091904538596334,0.6683333466746899
1994,one_step,35,0.31528886209292345,0.4503146011209663,-0.049938686643656485,0.7001524296748899
1995,one_step,35,0.3190729959210648,0.4503146011209663,-0.052630930048004225,0.7085557410903349
1996,one_step,35,0.3081663455533596,0.4503146011209663,-0.040596658325029226,0.6843356728523623
1997,one_step,35,0.3062713398003603,0.4503146011209663,-0.039438052458286486,0.6801274909540138
1998,one_step,35,0.31008747976985146,0.4503146011209663,-0.04435464775858652,0.6886018774384663
1999,one_step,35,0.32364355037319353,0.4503146011209663,-0.06279360470756876,0.7187054329740785
2000,one_step,35,0.3276246424172892,0.4503146011209663,-0.06743073762635861,0.7275461235361558
2001,one_step,35,0.3075424458108254,0.4503146011209663,-0.07651149510487697,0.6829501975846691
2002,one_step,35,0.32524661956797596,0.4503146011209663,-0.0718469499689685,0.7222653201969044
2003,one_step,35,0.33134199990510865,0.4503146011209663,-0.09441187718518755,0.7358011467545142
2004,one_step,35,0.311383730406988,0.4503146011209663,-0.0743685987747136,0.6914804219802374
2005,one_step,35,0.3386942005901229,0.4503146011209663,-0.1246818265095436,0.7521279562044243
2006,one_step,35,0.3321312138924148,0.4503146011209663,-0.10306111097306296,0.7375537303601569
2007,one_step,35,0.3339209523166121,0.4503146011209663,-0.12863609920600733,0.7415281482887387
2008,one_step,35,0.35091025337472925,0.4503146011209663,-0.17536722263969665,0.779255774743279
2009,one_step,35,0.34296858188462565,0.4503146011209663,-0.17257426930368913,0.7616199453246139
2010,one_step,35,0.3467921041507827,0.4503146011209663,-0.15610023775064957,0.7701107254517499
1971,5_year_ahead,35,0.35406287003229403,0.3916620689628441,0.10516947779083441,0.9040009183679285
1972,5_year_ahead,35,0.34729139477946597,0.3916620689628441,0.10702747769034471,0.886711842428664
1973,5_year_ahead,35,0.3589664660471071,0.3916620689628441,0.07474950278289515,0.9165208849498296
1974,5_year_ahead,35,0.36061320895535054,0.3916620689628441,0.062031415945945446,0.9207253842841772
1975,5_year_ahead,35,0.3516136660190027,0.3916620689628441,0.059844928437569445,0.897747558118423
1976,5_year_ahead,35,0.34933587782577874,0.3916620689628441,0.05200100538793068,0.8919318604194967
1977,5_year_ahead,35,0.35077279117513266,0.3916620689628441,0.044930710329917974,0.8956006184209008
1978,5_year_ahead,35,0.34068518406389536,0.3916620689628441,0.04664510829713487,0.8698447234526947
1979,5_year_ahead,35,0.3436416201975147,0.3916620689628441,0.028409302287150964,0.8773931596376136
1980,5_year_ahead,35,0.32182801455148724,0.3916620689628441,0.0765564634091053,0.8216981935567985
1981,5_year_ahead,35,0.3175746072696502,0.3916620689628441,0.06445857554795552,0.8108383028017391
1982,5_year_ahead,35,0.31718164442467894,0.3916620689628441,0.03794047595464774,0.8098349816325182
1983,5_year_ahead,35,0.32061049213911325,0.3916620689628441,0.016969868588762104,0.8185895892040765
1984,5_year_ahead,35,0.3290872832656403,0.3916620689628441,-0.011605821911254675,0.8402327142301337
1985,5_year_ahead,35,0.33045930412126556,0.3916620689628441,-0.03376642990148243,0.8437357873238813
1986,5_year_ahead,35,0.32795205729529237,0.3916620689628441,-0.04646216705185143,0.8373342309193701
1987,5_year_ahead,35,0.32531809424603525,0.3916620689628441,-0.055143289536407084,0.8306091399340927
1988,5_year_ahead,35,0.3305514030531407,0.3916620689628441,-0.09405764949503254,0.8439709362932951
1989,5_year_ahead,35,0.31819680248889587,0.3916620689628441,-0.08399501992736474,0.812426904988551
1990,5_year_ahead,35,0.3147943181762777,0.3916620689628441,-0.06622513675754414,0.803739609020299
1991,5_year_ahead,35,0.3173300416357844,0.3916620689628441,-0.03889530534987567,0.8102138725766895
1992,5_year_ahead,35,0.3097992037697082,0.3916620689628441,-0.04283397558536708,0.7909859757164741
1993,5_year_ahead,35,0.30836829191624043,0.3916620689628441,-0.04605091607171232,0.7873325408631656
1994,5_year_ahead,35,0.30946577865541375,0.3916620689628441,-0.047743676341069616,0.7901346675589662
1995,5_year_ahead,35,0.30949579200776317,0.3916620689628441,-0.04568558354964078,0.7902112982943063
1996,5_year_ahead,35,0.3067485350647088,0.3916620689628441,-0.042121524338081,0.7831969429079668
1997,5_year_ahead,35,0.3054288481829412,0.3916620689628441,-0.043476835761995576,0.7798274900394206
1998,5_year_ahead,35,0.3004421638967988,0.3916620689628441,-0.040367447387668606,0.7670953806999904
1999,5_year_ahead,35,0.3000945257548508,0.3916620689628441,-0.043480079200099046,0.7662077835352494
2000,5_year_ahead,35,0.30772093590165867,0.3916620689628441,-0.05349508131315991,0.7856796975937215
2001,5_year_ahead,35,0.30543703391082633,0.3916620689628441,-0.04872599797920817,0.7798483900155322
2002,5_year_ahead,35,0.30446879815089495,0.3916620689628441,-0.05458814686520965,0.7773762696938086
2003,5_year_ahead,35,0.31019936071449566,0.3916620689628441,-0.0796997770128588,0.7920076650157394
2004,5_year_ahead,35,0.33085501430056086,0.3916620689628441,-0.10426285024066043,0.8447461230460592
2005,5_year_ahead,35,0.3400941144375061,0.3916620689628441,-0.12182169194956581,0.8683355917975552
2006,5_year_ahead,35,0.3383598844059994,0.3916620689628441,-0.10581787805300454,0.8639077184625163
2007,5_year_ahead,35,0.3444143322941523,0.3916620689628441,-0.14961941113728924,0.8793660647460501
2008,5_year_ahead,35,0.37305447231395195,0.3916620689628441,-0.19216494447964425,0.952490684895357
2009,5_year_ahead,35,0.3778279787973107,0.3916620689628441,-0.1994479442753441,0.9646785040936763
2010,5_year_ahead,35,0.3745642235664912,0.3916620689628441,-0.198011819507475,0.9563454141943601
