floor,species,n_peels,mohn_rho
1971,ANC,5,0.07180704524549654
1971,CMA,5,-0.19620168475516428
1971,DMF,5,-0.17952706525953627
1971,LPF,5,-0.2136888837717353
1971,MPF,5,0.053584191987160745
1971,NTU,5,2.2275981999692798
1971,SAR,5,0.16340140702224176
1971,SCP,5,-0.26214155137982825
1972,ANC,5,0.06827293008604483
1972,CMA,5,-0.18732393810738976
1972,DMF,5,-0.18129797809707693
1972,LPF,5,-0.20799489744462366
1972,MPF,5,0.06241368599053625
1972,NTU,5,2.1450170058025937
1972,SAR,5,0.15479849654299788
1972,SCP,5,0.06452694991120667
1973,ANC,5,0.07933576269795271
1973,CMA,5,-0.18476415845427036
1973,DMF,5,-0.16882466963225898
1973,LPF,5,-0.18630409822096178
1973,MPF,5,0.04635120420064349
1973,NTU,5,2.233240735222368
1973,SAR,5,0.21210681815520654
1973,SCP,5,-0.14566551912307185
1974,ANC,5,0.07217523566277857
1974,CMA,5,-0.1856808270611696
1974,DMF,5,-0.17940859790700206
1974,LPF,5,-0.17895293006481014
1974,MPF,5,0.06160368937840636
1974,NTU,5,2.4372019572090413
1974,SAR,5,0.2458814228174859
1974,SCP,5,0.07591809973862278
1975,ANC,5,0.07955223456212619
1975,CMA,5,-0.1853862705468588
1975,DMF,5,-0.16087386372569767
1975,LPF,5,-0.16841294669610257
1975,MPF,5,0.1273867129341863
1975,NTU,5,1.7016722720333963
1975,SAR,5,0.2748688080214449
1975,SCP,5,0.07284945613570719
1976,ANC,5,0.07725193704621733
1976,CMA,5,-0.19309645137781378
1976,DMF,5,-0.15202660363594464
1976,LPF,5,-0.059123736326443174
1976,MPF,5,-0.0118434244006833
1976,NTU,5,2.8474311028492347
1976,SAR,5,-0.5762053734956989
1976,SCP,5,-0.039460393316256566
1977,ANC,5,0.07072940654701482
1977,CMA,5,-0.1687597606948305
1977,DMF,5,-0.14022164309784163
1977,LPF,5,-0.07066570133848792
1977,MPF,5,0.05062562769353815
1977,NTU,5,2.9514348486795834
1977,SAR,5,-0.4185911261379662
1977,SCP,5,-0.0389412335191627
1978,ANC,5,0.1030201561788453
1978,CMA,5,-0.19314581610215745
1978,DMF,5,-0.14532694674043092
1978,LPF,5,5.444478947537357e-4
1978,MPF,5,0.08404058076696683
1978,NTU,5,-0.0064836354624104395
1978,SAR,5,-0.7426386716648999
1978,SCP,5,-0.18996756729499373
1979,ANC,5,0.09739558994142196
1979,CMA,5,-0.15398892228444902
1979,DMF,5,-0.13035904271703158
1979,LPF,5,-0.05157884747571433
1979,MPF,5,0.11524967406708578
1979,NTU,5,-0.023095458802809398
1979,SAR,5,-0.28796955654389217
1979,SCP,5,-0.2061943492499297
1980,ANC,5,0.10380253152809131
1980,CMA,5,-0.15624261340103374
1980,DMF,5,-0.1280739630261858
1980,LPF,5,-0.037899963960058715
1980,MPF,5,0.13909395410511471
1980,NTU,5,-0.010109929385029868
1980,SAR,5,-0.29211328065341546
1980,SCP,5,-0.23408696187305328
1981,ANC,5,0.10888392857854555
1981,CMA,5,-0.09343399268045313
1981,DMF,5,-0.11893150495421963
1981,LPF,5,-0.08987699781216382
1981,MPF,5,0.11899601793648185
1981,NTU,5,-0.15622863762275213
1981,SAR,5,0.019083785129005555
1981,SCP,5,0.07967919099124461
1982,ANC,5,0.10796784500203811
1982,CMA,5,-0.11140419529071757
1982,DMF,5,-0.09687860357606998
1982,LPF,5,-0.05732537310293896
1982,MPF,5,0.15575601788960575
1982,NTU,5,0.0753522424133056
1982,SAR,5,0.039954075978757345
1982,SCP,5,0.11002185696262856
1983,ANC,5,0.10466277684750622
1983,CMA,5,-0.09982586379112901
1983,DMF,5,-0.10793484014654864
1983,LPF,5,-0.034897161090049644
1983,MPF,5,0.16300594852987582
1983,NTU,5,0.06519726614885385
1983,SAR,5,0.05282346709745635
1983,SCP,5,0.12327890374228274
1984,ANC,5,0.10134177365200406
1984,CMA,5,-0.1163852290153701
1984,DMF,5,-0.12989967858468
1984,LPF,5,-0.02012992549809165
1984,MPF,5,0.18140489311427047
1984,NTU,5,0.07687891867954703
1984,SAR,5,0.07356831426701584
1984,SCP,5,0.17277649952879592
1985,ANC,5,0.10268368184541685
1985,CMA,5,-0.1054801692971041
1985,DMF,5,-0.12442331285646258
1985,LPF,5,0.0061486162534053045
1985,MPF,5,0.19523553332668409
1985,NTU,5,0.09262822743783133
1985,SAR,5,0.0678324232591944
1985,SCP,5,0.16767279768319115
1986,ANC,5,0.10359800290144953
1986,CMA,5,-0.10466275717755742
1986,DMF,5,-0.11707514699191153
1986,LPF,5,0.02418790511979293
1986,MPF,5,0.2020875509158704
1986,NTU,5,0.06363730466844301
1986,SAR,5,0.06405943110507703
1986,SCP,5,0.1371653992727502
1987,ANC,5,0.10262567068098938
1987,CMA,5,-0.01822767486623796
1987,DMF,5,-0.11424309013585301
1987,LPF,5,-0.0028918930666378294
1987,MPF,5,0.16625578692995086
1987,NTU,5,0.23409417025405488
1987,SAR,5,0.059144511477864585
1987,SCP,5,0.057397099029951416
1988,ANC,5,0.10017692034245408
1988,CMA,5,-0.014001686326460202
1988,DMF,5,-0.09597326517853813
1988,LPF,5,-0.049960167714948454
1988,MPF,5,-0.642269022603838
1988,NTU,5,0.23320031468417732
1988,SAR,5,2.675836146593421
1988,SCP,5,0.021262511208680102
1989,ANC,5,0.09942460048734779
1989,CMA,5,-4.008417617471169e-4
1989,DMF,5,-0.07676881306406294
1989,LPF,5,-0.03407358178811433
1989,MPF,5,-0.48003616889194606
1989,NTU,5,0.15199812812661093
1989,SAR,5,-0.008105469765873518
1989,SCP,5,-0.08199933309782029
1990,ANC,5,0.09823174561695666
1990,CMA,5,-0.009230640846465984
1990,DMF,5,-0.08132298326558576
1990,LPF,5,-0.14633442282227885
1990,MPF,5,-0.6390970500429662
1990,NTU,5,0.08139635998367253
1990,SAR,5,1.7386588723750107
1990,SCP,5,-0.08607161321555078
1991,ANC,5,0.1021334244959609
1991,CMA,5,-0.010917086747118646
1991,DMF,5,-0.057486608448758594
1991,LPF,5,-0.049494580372415026
1991,MPF,5,1.780798473813268
1991,NTU,5,-0.027737349465152814
1991,SAR,5,2.000350171492761
1991,SCP,5,-0.19755934493051525
1992,ANC,5,0.10377088428594962
1992,CMA,5,-0.006802699568205559
1992,DMF,5,-0.04777620925836633
1992,LPF,5,-0.04659843183473618
1992,MPF,5,0.8278256886573935
1992,NTU,5,0.06402025403269816
1992,SAR,5,-0.08535698541851867
1992,SCP,5,1.2147590964817906e-5
1993,ANC,5,0.10463218579376625
1993,CMA,5,-0.010258237709436225
1993,DMF,5,-0.05302074274169741
1993,LPF,5,-0.12761032855145846
1993,MPF,5,0.02144091949332823
1993,NTU,5,0.06456248158646179
1993,SAR,5,-0.05919563458421288
1993,SCP,5,0.0017352422052595727
1994,ANC,5,0.10422775647222071
1994,CMA,5,-0.019075613319117408
1994,DMF,5,-0.054102514411597954
1994,LPF,5,-0.10514556001523136
1994,MPF,5,0.895295822735301
1994,NTU,5,0.05253079684134586
1994,SAR,5,-0.043876904974321805
1994,SCP,5,0.09145754468051573
1995,ANC,5,0.10388170512684115
1995,CMA,5,-0.02352164367353782
1995,DMF,5,-0.04725591081976954
1995,LPF,5,-0.15804831775342865
1995,MPF,5,0.851857264111577
1995,NTU,5,0.05203171812031401
1995,SAR,5,-0.01943062724592937
1995,SCP,5,-0.0458996884757246
1996,ANC,5,0.10482589287871132
1996,CMA,5,-0.03050919851437372
1996,DMF,5,-0.046849062210058585
1996,LPF,5,-0.13352773963923042
1996,MPF,5,0.0480445266429628
1996,NTU,5,0.05349582950120216
1996,SAR,5,0.04155965143524117
1996,SCP,5,0.1681861103440657
1997,ANC,5,0.10511303298461398
1997,CMA,5,-0.03992019006641365
1997,DMF,5,-0.015790886978405243
1997,LPF,5,-0.10876657041725979
1997,MPF,5,-0.7627230872716835
1997,NTU,5,0.07184478820412336
1997,SAR,5,0.0888381903679361
1997,SCP,5,-0.09291523903963528
1998,ANC,5,0.10373213596586157
1998,CMA,5,-0.047669379954957715
1998,DMF,5,0.013995167306940837
1998,LPF,5,-0.06834447327649226
1998,MPF,5,0.12261317094562321
1998,NTU,5,-0.3277861275482019
1998,SAR,5,0.12946282761268932
1998,SCP,5,-0.136559455789713
1999,ANC,5,0.1076972341449931
1999,CMA,5,-0.04853930562974753
1999,DMF,5,0.034938529766455013
1999,LPF,5,-0.12953566954348847
1999,MPF,5,0.8265179757404559
1999,NTU,5,0.1260056263719868
1999,SAR,5,0.15594158264451574
1999,SCP,5,-0.1611951146218964
2000,ANC,5,0.10656250699213972
2000,CMA,5,-0.043154116782529374
2000,DMF,5,0.05318522930933076
2000,LPF,5,-0.13536902475199325
2000,MPF,5,0.9357087429027887
2000,NTU,5,-0.2746569722604595
2000,SAR,5,0.23434871495506981
2000,SCP,5,-0.03182935155973896
2001,ANC,5,0.10229165711515027
2001,CMA,5,-0.10692078740556157
2001,DMF,5,0.08649451578094401
2001,LPF,5,-0.19187156774692327
2001,MPF,5,-0.39852562853504014
2001,NTU,5,0.03370206528071757
2001,SAR,5,0.30305537128685045
2001,SCP,5,0.03252259233190226
2002,ANC,5,0.11630922401376308
2002,CMA,5,-0.06883094970565232
2002,DMF,5,0.03178960504772539
2002,LPF,5,-0.16497249887525636
2002,MPF,5,-0.5483226603496301
2002,NTU,5,0.09152168362366118
2002,SAR,5,0.3163961144019084
2002,SCP,5,-0.24800636254875932
2003,ANC,5,0.1276933606436876
2003,CMA,5,-0.07169903077481747
2003,DMF,5,0.02775755176439234
2003,LPF,5,-0.33410831722981243
2003,MPF,5,0.8063562823544899
2003,NTU,5,-0.19538224757469844
2003,SAR,5,0.2883418922974
2003,SCP,5,-0.19311979248128566
2004,ANC,5,0.19046280040866856
2004,CMA,5,-0.11565317081273949
2004,DMF,5,0.018890483305087327
2004,LPF,5,-0.1737704536425231
2004,MPF,5,0.25365980943091093
2004,NTU,5,0.0014681148254248907
2004,SAR,5,0.2871036594777288
2004,SCP,5,-0.28072140947570057
2005,ANC,5,0.20538463709043311
2005,CMA,5,-0.09580159482657302
2005,DMF,5,-0.07094974260491452
2005,LPF,5,-0.19413150595037354
2005,MPF,5,1.7985769960944529
2005,NTU,5,-0.051844375025304125
2005,SAR,5,0.2830511568736368
2005,SCP,5,-0.32312085125214507
2006,ANC,5,0.21556807924964227
2006,CMA,5,-0.12622802279443507
2006,DMF,5,-0.03896976201489227
2006,LPF,5,-0.10067999047990799
2006,MPF,5,1.2825322705604831
2006,NTU,5,-0.2075439666045
2006,SAR,5,0.19185038216805902
2006,SCP,5,0.04720987307452754
2007,ANC,5,0.24044484086469237
2007,CMA,5,-0.04958918974772433
2007,DMF,5,0.022830741064873466
2007,LPF,5,-0.0494416402173589
2007,MPF,5,0.5913241390755614
2007,NTU,5,-0.047764186628799485
2007,SAR,5,0.11365912980058102
2007,SCP,5,0.2814136588522706
2008,ANC,5,0.2886295908544648
2008,CMA,5,-0.11943966147768066
2008,DMF,5,-0.004876649250843761
2008,LPF,5,-0.15282354347325455
2008,MPF,5,1.7442934203894893
2008,NTU,5,0.029631216154383373
2008,SAR,5,-0.010601443112698339
2008,SCP,5,-0.0823640948126364
2009,ANC,5,0.31337897527440295
2009,CMA,5,-0.1020569085153227
2009,DMF,5,0.009114125462417558
2009,LPF,5,0.1644733457942828
2009,MPF,5,0.24776779831472948
2009,NTU,5,0.1297902224746361
2009,SAR,5,0.07832525573460652
2009,SCP,5,0.07600776090486913
2010,ANC,5,0.3669654277390938
2010,CMA,5,0.022546012849127977
2010,DMF,5,0.06527335788709014
2010,LPF,5,0.1900210263650168
2010,MPF,5,1.3809884057038861
2010,NTU,5,0.2386408699699332
2010,SAR,5,0.14805683451097618
2010,SCP,5,0.9251544277251585
