scenario,start_years,n_cpue_obs,nll,n_par,aic,nll_per_obs,max_gradient,pdHess,elapsed_secs,floor,peel,cutoff
floor_1971,ANC:2001 CMA:1971 DMF:1971 LPF:1971 MPF:1971 NTU:1971 SAR:1972 SCP:1975,291,1328.8032145687616,108,2873.6064291375233,4.5663340706830295,0.9278461397044797,TRUE,4.9,1971,0,2023
floor_1971,ANC:2001 CMA:1971 DMF:1971 LPF:1971 MPF:1971 NTU:1971 SAR:1972 SCP:1975,284,1306.0654637480332,108,2828.1309274960663,4.598822055450821,0.5303166097175946,TRUE,5.3,1971,1,2022
floor_1971,ANC:2001 CMA:1971 DMF:1971 LPF:1971 MPF:1971 NTU:1971 SAR:1972 SCP:1975,277,1283.7719688022357,108,2783.5439376044715,4.634555844051393,0.4050701131407948,TRUE,5,1971,2,2021
floor_1971,ANC:2001 CMA:1971 DMF:1971 LPF:1971 MPF:1971 NTU:1971 SAR:1972 SCP:1975,270,1242.2275769197815,108,2700.455153839563,4.600842877480672,0.7507236567605613,TRUE,4.4,1971,3,2020
floor_1971,ANC:2001 CMA:1971 DMF:1971 LPF:1971 MPF:1971 NTU:1971 SAR:1972 SCP:1975,263,1168.455442487246,108,2552.910884974492,4.442796359267096,0.5754510962086972,TRUE,4.6,1971,4,2019
floor_1971,ANC:2001 CMA:1971 DMF:1971 LPF:1971 MPF:1971 NTU:1971 SAR:1972 SCP:1975,256,1106.636314311631,108,2429.272628623262,4.322798102779808,0.7417718582698853,TRUE,4.5,1971,5,2018
floor_1972,ANC:2001 CMA:1972 DMF:1972 LPF:1972 MPF:1972 NTU:1972 SAR:1972 SCP:1975,286,1310.9594548575815,108,2837.918909715163,4.583774317683852,0.8614176520536603,TRUE,4.4,1972,0,2023
floor_1972,ANC:2001 CMA:1972 DMF:1972 LPF:1972 MPF:1972 NTU:1972 SAR:1972 SCP:1975,279,1288.5432510744677,108,2793.0865021489353,4.618434591664759,0.9805146712777173,TRUE,4.9,1972,1,2022
floor_1972,ANC:2001 CMA:1972 DMF:1972 LPF:1972 MPF:1972 NTU:1972 SAR:1972 SCP:1975,272,1249.4615825744427,108,2714.9231651488853,4.593608759464863,0.6895209266550637,TRUE,5,1972,2,2021
floor_1972,ANC:2001 CMA:1972 DMF:1972 LPF:1972 MPF:1972 NTU:1972 SAR:1972 SCP:1975,265,1223.4708224990256,108,2662.9416449980513,4.61687102829821,0.4474143107396742,TRUE,4.5,1972,3,2020
floor_1972,ANC:2001 CMA:1972 DMF:1972 LPF:1972 MPF:1972 NTU:1972 SAR:1972 SCP:1975,258,1135.6145796898622,108,2487.2291593797245,4.401606898022722,0.8132470554090485,TRUE,4.3,1972,4,2019
floor_1972,ANC:2001 CMA:1972 DMF:1972 LPF:1972 MPF:1972 NTU:1972 SAR:1972 SCP:1975,251,1090.3850749636122,108,2396.7701499272243,4.344163645273356,0.7241074453398577,TRUE,4.4,1972,5,2018
floor_1973,ANC:2001 CMA:1973 DMF:1973 LPF:1973 MPF:1973 NTU:1973 SAR:1973 SCP:1975,280,1273.81963577036,108,2763.63927154072,4.549355842037,0.9977327310812196,TRUE,5.1,1973,0,2023
floor_1973,ANC:2001 CMA:1973 DMF:1973 LPF:1973 MPF:1973 NTU:1973 SAR:1973 SCP:1975,273,1265.4360308972418,108,2746.8720617944837,4.635296816473414,0.6266943207330442,TRUE,5,1973,1,2022
floor_1973,ANC:2001 CMA:1973 DMF:1973 LPF:1973 MPF:1973 NTU:1973 SAR:1973 SCP:1975,266,1202.946451110328,108,2621.892902220656,4.522355079362136,0.8571537804897389,TRUE,4.6,1973,2,2021
floor_1973,ANC:2001 CMA:1973 DMF:1973 LPF:1973 MPF:1973 NTU:1973 SAR:1973 SCP:1975,259,1179.0829983906417,108,2574.1659967812834,4.5524440092302765,0.6032816398021765,TRUE,4.3,1973,3,2020
floor_1973,ANC:2001 CMA:1973 DMF:1973 LPF:1973 MPF:1973 NTU:1973 SAR:1973 SCP:1975,252,1104.9720707494546,108,2425.944141498909,4.3848098045613275,0.7456744719705029,TRUE,5.9,1973,4,2019
floor_1973,ANC:2001 CMA:1973 DMF:1973 LPF:1973 MPF:1973 NTU:1973 SAR:1973 SCP:1975,245,1051.5555369066903,108,2319.1110738133807,4.292063415945675,0.8486850102071628,TRUE,4.5,1973,5,2018
floor_1974,ANC:2001 CMA:1974 DMF:1974 LPF:1974 MPF:1974 NTU:1974 SAR:1974 SCP:1975,274,1260.1842899533387,108,2736.3685799066775,4.599212737055981,0.9852147120071066,TRUE,5.5,1974,0,2023
floor_1974,ANC:2001 CMA:1974 DMF:1974 LPF:1974 MPF:1974 NTU:1974 SAR:1974 SCP:1975,267,1228.2143691920637,108,2672.4287383841274,4.600053817198741,0.6732689088332195,TRUE,4.8,1974,1,2022
floor_1974,ANC:2001 CMA:1974 DMF:1974 LPF:1974 MPF:1974 NTU:1974 SAR:1974 SCP:1975,260,1180.4162248553757,108,2576.8324497107515,4.540062403289907,0.9387356892038952,TRUE,5.2,1974,2,2021
floor_1974,ANC:2001 CMA:1974 DMF:1974 LPF:1974 MPF:1974 NTU:1974 SAR:1974 SCP:1975,253,1155.2224027238415,108,2526.444805447683,4.566096453453919,0.9977828446735941,TRUE,4.8,1974,3,2020
floor_1974,ANC:2001 CMA:1974 DMF:1974 LPF:1974 MPF:1974 NTU:1974 SAR:1974 SCP:1975,246,1071.1047753543653,108,2358.2095507087306,4.354084452660022,0.9830057403386263,TRUE,4.7,1974,4,2019
floor_1974,ANC:2001 CMA:1974 DMF:1974 LPF:1974 MPF:1974 NTU:1974 SAR:1974 SCP:1975,239,1034.3043535721304,108,2284.6087071442607,4.327633278544479,0.9599974347624141,TRUE,4.3,1974,5,2018
floor_1975,ANC:2001 CMA:1975 DMF:1975 LPF:1975 MPF:1975 NTU:1975 SAR:1975 SCP:1975,268,1232.2580666085505,108,2680.516133217101,4.597977860479666,0.8404720165380013,TRUE,5.4,1975,0,2023
floor_1975,ANC:2001 CMA:1975 DMF:1975 LPF:1975 MPF:1975 NTU:1975 SAR:1975 SCP:1975,261,1203.918142001327,108,2623.836284002654,4.612713187744547,0.7013499045376079,TRUE,4.6,1975,1,2022
floor_1975,ANC:2001 CMA:1975 DMF:1975 LPF:1975 MPF:1975 NTU:1975 SAR:1975 SCP:1975,254,1154.4059460319256,108,2524.8118920638512,4.54490529933829,0.461789717169502,TRUE,5,1975,2,2021
floor_1975,ANC:2001 CMA:1975 DMF:1975 LPF:1975 MPF:1975 NTU:1975 SAR:1975 SCP:1975,247,1116.2899575736747,108,2448.5799151473493,4.519392540784108,0.6498733314836329,TRUE,4.5,1975,3,2020
floor_1975,ANC:2001 CMA:1975 DMF:1975 LPF:1975 MPF:1975 NTU:1975 SAR:1975 SCP:1975,240,1048.046577584029,108,2312.093155168058,4.366860739933454,0.4038831228802877,TRUE,5,1975,4,2019
floor_1975,ANC:2001 CMA:1975 DMF:1975 LPF:1975 MPF:1975 NTU:1975 SAR:1975 SCP:1975,233,1008.5127179663369,108,2233.0254359326736,4.328380763804021,0.6662692824340795,TRUE,4.5,1975,5,2018
floor_1976,ANC:2001 CMA:1976 DMF:1976 LPF:1976 MPF:1976 NTU:1976 SAR:1976 SCP:1976,261,1250.3373953433984,108,2716.6747906867968,4.790564733116469,0.8522989388517956,TRUE,5.5,1976,0,2023
floor_1976,ANC:2001 CMA:1976 DMF:1976 LPF:1976 MPF:1976 NTU:1976 SAR:1976 SCP:1976,254,1208.220467986525,108,2632.44093597305,4.756773496009941,0.5822195864094963,TRUE,4.6,1976,1,2022
floor_1976,ANC:2001 CMA:1976 DMF:1976 LPF:1976 MPF:1976 NTU:1976 SAR:1976 SCP:1976,247,1197.7597762136375,108,2611.519552427275,4.8492298632131074,0.9133048184776431,TRUE,5,1976,2,2021
floor_1976,ANC:2001 CMA:1976 DMF:1976 LPF:1976 MPF:1976 NTU:1976 SAR:1976 SCP:1976,240,1106.7325418509477,108,2429.4650837018953,4.611385591045615,0.5213500111602798,TRUE,4.6,1976,3,2020
floor_1976,ANC:2001 CMA:1976 DMF:1976 LPF:1976 MPF:1976 NTU:1976 SAR:1976 SCP:1976,233,1025.4502799955249,108,2266.9005599910497,4.4010741630709225,0.6117240202968333,TRUE,4,1976,4,2019
floor_1976,ANC:2001 CMA:1976 DMF:1976 LPF:1976 MPF:1976 NTU:1976 SAR:1976 SCP:1976,226,990.6321263234348,108,2197.26425264687,4.38332799258157,0.6653821880974107,TRUE,5,1976,5,2018
floor_1977,ANC:2001 CMA:1977 DMF:1977 LPF:1977 MPF:1977 NTU:1977 SAR:1977 SCP:1977,254,1230.619466423201,108,2677.238932846402,4.844958529225201,0.7810742766875336,TRUE,4.8,1977,0,2023
floor_1977,ANC:2001 CMA:1977 DMF:1977 LPF:1977 MPF:1977 NTU:1977 SAR:1977 SCP:1977,247,1211.9275613572972,108,2639.8551227145945,4.906589317236021,0.8686783331389165,TRUE,4,1977,1,2022
floor_1977,ANC:2001 CMA:1977 DMF:1977 LPF:1977 MPF:1977 NTU:1977 SAR:1977 SCP:1977,240,1181.2518749623514,108,2578.503749924703,4.921882812343131,0.7188996230417573,TRUE,4.6,1977,2,2021
floor_1977,ANC:2001 CMA:1977 DMF:1977 LPF:1977 MPF:1977 NTU:1977 SAR:1977 SCP:1977,233,1090.6513880497403,108,2397.3027760994805,4.680907244848671,0.9998450515084158,TRUE,4.5,1977,3,2020
floor_1977,ANC:2001 CMA:1977 DMF:1977 LPF:1977 MPF:1977 NTU:1977 SAR:1977 SCP:1977,226,1011.1625231338796,108,2238.3250462677593,4.4741704563446,0.48611361120941865,TRUE,4.2,1977,4,2019
floor_1977,ANC:2001 CMA:1977 DMF:1977 LPF:1977 MPF:1977 NTU:1977 SAR:1977 SCP:1977,219,991.9170819254888,108,2199.8341638509773,4.529301743952003,0.666779100303593,TRUE,3.8,1977,5,2018
floor_1978,ANC:2001 CMA:1978 DMF:1978 LPF:1978 MPF:1978 NTU:1978 SAR:1978 SCP:1978,247,1199.2255847118763,108,2614.4511694237526,4.855164310574398,0.46569921292258876,TRUE,4.7,1978,0,2023
floor_1978,ANC:2001 CMA:1978 DMF:1978 LPF:1978 MPF:1978 NTU:1978 SAR:1978 SCP:1978,240,1159.8708126696645,108,2535.741625339329,4.832795052790269,0.9952026058540433,TRUE,4.6,1978,1,2022
floor_1978,ANC:2001 CMA:1978 DMF:1978 LPF:1978 MPF:1978 NTU:1978 SAR:1978 SCP:1978,233,1131.1879052495235,108,2478.375810499047,4.854883713517268,0.7009787395831069,TRUE,5.3,1978,2,2021
floor_1978,ANC:2001 CMA:1978 DMF:1978 LPF:1978 MPF:1978 NTU:1978 SAR:1978 SCP:1978,226,1087.9939198480895,108,2391.987839696179,4.8141323887083605,0.4571212914825238,TRUE,4.6,1978,3,2020
floor_1978,ANC:2001 CMA:1978 DMF:1978 LPF:1978 MPF:1978 NTU:1978 SAR:1978 SCP:1978,219,990.0252247472231,108,2196.050449494446,4.520663126699649,0.8957897351811113,TRUE,4.1,1978,4,2019
floor_1978,ANC:2001 CMA:1978 DMF:1978 LPF:1978 MPF:1978 NTU:1978 SAR:1978 SCP:1978,212,952.3630391869966,108,2120.726078373993,4.4922784867311165,0.8492638453546348,TRUE,3.8,1978,5,2018
floor_1979,ANC:2001 CMA:1979 DMF:1979 LPF:1979 MPF:1979 NTU:1979 SAR:1979 SCP:1979,240,1164.0435455470988,108,2544.0870910941976,4.850181439779578,0.4990197997659891,TRUE,4.9,1979,0,2023
floor_1979,ANC:2001 CMA:1979 DMF:1979 LPF:1979 MPF:1979 NTU:1979 SAR:1979 SCP:1979,233,1142.1985912512146,108,2500.397182502429,4.902139876614655,0.3833331844966352,TRUE,5.5,1979,1,2022
floor_1979,ANC:2001 CMA:1979 DMF:1979 LPF:1979 MPF:1979 NTU:1979 SAR:1979 SCP:1979,226,1113.1319600680354,108,2442.2639201360707,4.925362655168298,0.7293725416595649,TRUE,5.1,1979,2,2021
floor_1979,ANC:2001 CMA:1979 DMF:1979 LPF:1979 MPF:1979 NTU:1979 SAR:1979 SCP:1979,219,1063.8598869511252,108,2343.7197739022504,4.857807702973174,0.8640225867590221,TRUE,5.1,1979,3,2020
floor_1979,ANC:2001 CMA:1979 DMF:1979 LPF:1979 MPF:1979 NTU:1979 SAR:1979 SCP:1979,212,992.2263207122421,108,2200.4526414244842,4.680312833548312,0.49715524918781284,TRUE,6.3,1979,4,2019
floor_1979,ANC:2001 CMA:1979 DMF:1979 LPF:1979 MPF:1979 NTU:1979 SAR:1979 SCP:1979,205,951.8885022501149,108,2119.77700450023,4.643358547561537,0.6601748645745342,TRUE,3.8,1979,5,2018
floor_1980,ANC:2001 CMA:1980 DMF:1980 LPF:1980 MPF:1980 NTU:1980 SAR:1980 SCP:1980,233,1147.7794792058844,108,2511.558958411769,4.926092185432981,0.9005625411038132,TRUE,4.7,1980,0,2023
floor_1980,ANC:2001 CMA:1980 DMF:1980 LPF:1980 MPF:1980 NTU:1980 SAR:1980 SCP:1980,226,1125.9378511664127,108,2467.8757023328253,4.98202589011687,0.846085082210422,TRUE,4.3,1980,1,2022
floor_1980,ANC:2001 CMA:1980 DMF:1980 LPF:1980 MPF:1980 NTU:1980 SAR:1980 SCP:1980,219,1096.6706164096827,108,2409.3412328193654,5.007628385432341,0.9812779425850824,TRUE,4.2,1980,2,2021
floor_1980,ANC:2001 CMA:1980 DMF:1980 LPF:1980 MPF:1980 NTU:1980 SAR:1980 SCP:1980,212,1052.1834042258236,108,2320.366808451647,4.963129265216149,0.28160712917499486,TRUE,4.2,1980,3,2020
floor_1980,ANC:2001 CMA:1980 DMF:1980 LPF:1980 MPF:1980 NTU:1980 SAR:1980 SCP:1980,205,977.986782658015,108,2171.97356531603,4.7706672324781225,0.9136487588948139,TRUE,3.8,1980,4,2019
floor_1980,ANC:2001 CMA:1980 DMF:1980 LPF:1980 MPF:1980 NTU:1980 SAR:1980 SCP:1980,198,947.6216940158281,108,2111.243388031656,4.785968151595092,0.7645986527316602,TRUE,3.4,1980,5,2018
floor_1981,ANC:2001 CMA:1981 DMF:1981 LPF:1981 MPF:1981 NTU:1981 SAR:1981 SCP:1981,226,1186.4229072532833,108,2588.8458145065665,5.249658881651696,0.7117482561789643,TRUE,4.3,1981,0,2023
floor_1981,ANC:2001 CMA:1981 DMF:1981 LPF:1981 MPF:1981 NTU:1981 SAR:1981 SCP:1981,219,1109.5777451342617,108,2435.1554902685234,5.0665650462751675,0.39710113366434463,TRUE,3.9,1981,1,2022
floor_1981,ANC:2001 CMA:1981 DMF:1981 LPF:1981 MPF:1981 NTU:1981 SAR:1981 SCP:1981,212,1076.3027368673086,108,2368.605473734617,5.076899702204286,0.48312336210209317,TRUE,3.7,1981,2,2021
floor_1981,ANC:2001 CMA:1981 DMF:1981 LPF:1981 MPF:1981 NTU:1981 SAR:1981 SCP:1981,205,1037.5496787359566,108,2291.099357471913,5.061217945053447,0.7970153762694228,TRUE,4.2,1981,3,2020
floor_1981,ANC:2001 CMA:1981 DMF:1981 LPF:1981 MPF:1981 NTU:1981 SAR:1981 SCP:1981,198,961.9689330042997,108,2139.9378660085995,4.85842895456717,0.3895217282246932,TRUE,3.9,1981,4,2019
floor_1981,ANC:2001 CMA:1981 DMF:1981 LPF:1981 MPF:1981 NTU:1981 SAR:1981 SCP:1981,191,935.4216665304264,108,2086.8433330608527,4.897495636284955,0.559919387346774,TRUE,3.5,1981,5,2018
floor_1982,ANC:2001 CMA:1982 DMF:1982 LPF:1982 MPF:1982 NTU:1982 SAR:1982 SCP:1982,219,1101.563758230025,108,2419.12751646005,5.029971498767238,0.6001280712033576,TRUE,4.4,1982,0,2023
floor_1982,ANC:2001 CMA:1982 DMF:1982 LPF:1982 MPF:1982 NTU:1982 SAR:1982 SCP:1982,212,1136.8477304240494,108,2489.6954608480987,5.362489294453063,0.3256788893745082,TRUE,3.8,1982,1,2022
floor_1982,ANC:2001 CMA:1982 DMF:1982 LPF:1982 MPF:1982 NTU:1982 SAR:1982 SCP:1982,205,1047.02885623952,108,2310.05771247904,5.107457835314732,0.9906110509267876,TRUE,3.9,1982,2,2021
floor_1982,ANC:2001 CMA:1982 DMF:1982 LPF:1982 MPF:1982 NTU:1982 SAR:1982 SCP:1982,198,1009.236529156612,108,2234.473058313224,5.0971541876596564,0.5978996067744049,TRUE,3.8,1982,3,2020
floor_1982,ANC:2001 CMA:1982 DMF:1982 LPF:1982 MPF:1982 NTU:1982 SAR:1982 SCP:1982,191,935.4300960336263,108,2086.8601920672527,4.897539769809562,0.6439971477529696,TRUE,3.7,1982,4,2019
floor_1982,ANC:2001 CMA:1982 DMF:1982 LPF:1982 MPF:1982 NTU:1982 SAR:1982 SCP:1982,184,906.5117778317449,108,2029.0235556634898,4.926694444737744,0.28519294209433355,TRUE,3.3,1982,5,2018
floor_1983,ANC:2001 CMA:1983 DMF:1983 LPF:1983 MPF:1983 NTU:1983 SAR:1983 SCP:1983,212,1066.0108655397894,108,2348.021731079579,5.02835313933863,0.5153347905141175,TRUE,3.9,1983,0,2023
floor_1983,ANC:2001 CMA:1983 DMF:1983 LPF:1983 MPF:1983 NTU:1983 SAR:1983 SCP:1983,205,1040.454360059849,108,2296.908720119698,5.075387122243166,0.43123489201410337,TRUE,3.9,1983,1,2022
floor_1983,ANC:2001 CMA:1983 DMF:1983 LPF:1983 MPF:1983 NTU:1983 SAR:1983 SCP:1983,198,1007.9258120170331,108,2231.851624034066,5.09053440412643,0.6613876920998152,TRUE,3.6,1983,2,2021
floor_1983,ANC:2001 CMA:1983 DMF:1983 LPF:1983 MPF:1983 NTU:1983 SAR:1983 SCP:1983,191,971.592169778771,108,2159.184339557542,5.086869998841733,0.685621148202646,TRUE,4.3,1983,3,2020
floor_1983,ANC:2001 CMA:1983 DMF:1983 LPF:1983 MPF:1983 NTU:1983 SAR:1983 SCP:1983,184,899.2583255037138,108,2014.5166510074275,4.887273508172357,0.7673564137792823,TRUE,3.6,1983,4,2019
floor_1983,ANC:2001 CMA:1983 DMF:1983 LPF:1983 MPF:1983 NTU:1983 SAR:1983 SCP:1983,177,872.2277102243287,108,1960.4554204486574,4.927840170758919,0.950830728312118,TRUE,3.5,1983,5,2018
floor_1984,ANC:2001 CMA:1984 DMF:1984 LPF:1984 MPF:1984 NTU:1984 SAR:1984 SCP:1984,205,1022.1169850121788,108,2260.2339700243574,4.985936512254531,0.7968226626369299,TRUE,5.1,1984,0,2023
floor_1984,ANC:2001 CMA:1984 DMF:1984 LPF:1984 MPF:1984 NTU:1984 SAR:1984 SCP:1984,198,993.8708105066196,108,2203.741621013239,5.01954954801323,0.9241197121897482,TRUE,4,1984,1,2022
floor_1984,ANC:2001 CMA:1984 DMF:1984 LPF:1984 MPF:1984 NTU:1984 SAR:1984 SCP:1984,191,958.8204835515158,108,2133.6409671030315,5.020002531683329,0.5112404216311721,TRUE,3.6,1984,2,2021
floor_1984,ANC:2001 CMA:1984 DMF:1984 LPF:1984 MPF:1984 NTU:1984 SAR:1984 SCP:1984,184,923.4635865153863,108,2062.927173030773,5.018823839757534,0.7583241686126438,TRUE,4,1984,3,2020
floor_1984,ANC:2001 CMA:1984 DMF:1984 LPF:1984 MPF:1984 NTU:1984 SAR:1984 SCP:1984,177,850.7939379325861,108,1917.5878758651722,4.806745412048509,0.2347110776394601,TRUE,3.3,1984,4,2019
floor_1984,ANC:2001 CMA:1984 DMF:1984 LPF:1984 MPF:1984 NTU:1984 SAR:1984 SCP:1984,170,826.807807705819,108,1869.615615411638,4.863575339445994,0.652193605439809,TRUE,3.1,1984,5,2018
floor_1985,ANC:2001 CMA:1985 DMF:1985 LPF:1985 MPF:1985 NTU:1985 SAR:1985 SCP:1985,198,998.0534019195118,108,2212.1068038390235,5.040673747068241,0.5708334347011998,TRUE,3.6,1985,0,2023
floor_1985,ANC:2001 CMA:1985 DMF:1985 LPF:1985 MPF:1985 NTU:1985 SAR:1985 SCP:1985,191,968.8607453610277,108,2153.7214907220555,5.072569347439936,0.7555892480157453,TRUE,3.4,1985,1,2022
floor_1985,ANC:2001 CMA:1985 DMF:1985 LPF:1985 MPF:1985 NTU:1985 SAR:1985 SCP:1985,184,932.7587816645101,108,2081.51756332902,5.069341204698425,0.7385339482988407,TRUE,3.4,1985,2,2021
floor_1985,ANC:2001 CMA:1985 DMF:1985 LPF:1985 MPF:1985 NTU:1985 SAR:1985 SCP:1985,177,897.7480316137144,108,2011.4960632274287,5.072022777478613,0.740511728342959,TRUE,3.3,1985,3,2020
floor_1985,ANC:2001 CMA:1985 DMF:1985 LPF:1985 MPF:1985 NTU:1985 SAR:1985 SCP:1985,170,826.2262936612465,108,1868.452587322493,4.860154668595568,0.33501314312582053,TRUE,3.3,1985,4,2019
floor_1985,ANC:2001 CMA:1985 DMF:1985 LPF:1985 MPF:1985 NTU:1985 SAR:1985 SCP:1985,163,803.8070991589941,108,1823.6141983179882,4.931331896680946,0.9400078373851688,TRUE,3,1985,5,2018
floor_1986,ANC:2001 CMA:1986 DMF:1986 LPF:1986 MPF:1986 NTU:1986 SAR:1986 SCP:1986,191,977.7001698154193,108,2171.4003396308385,5.118849056625232,0.6950355056589785,TRUE,3.7,1986,0,2023
floor_1986,ANC:2001 CMA:1986 DMF:1986 LPF:1986 MPF:1986 NTU:1986 SAR:1986 SCP:1986,184,948.8106168102674,108,2113.621233620535,5.1565794391862365,0.5128816272578796,TRUE,3.5,1986,1,2022
floor_1986,ANC:2001 CMA:1986 DMF:1986 LPF:1986 MPF:1986 NTU:1986 SAR:1986 SCP:1986,177,941.0276534485182,108,2098.0553068970366,5.31654041496338,0.7378867136873808,TRUE,3.8,1986,2,2021
floor_1986,ANC:2001 CMA:1986 DMF:1986 LPF:1986 MPF:1986 NTU:1986 SAR:1986 SCP:1986,170,882.4675725095329,108,1980.9351450190659,5.190985720644312,0.8278308795356892,TRUE,3.4,1986,3,2020
floor_1986,ANC:2001 CMA:1986 DMF:1986 LPF:1986 MPF:1986 NTU:1986 SAR:1986 SCP:1986,163,809.0276824944549,108,1834.0553649889098,4.9633600153034045,0.5415961365761603,TRUE,3.2,1986,4,2019
floor_1986,ANC:2001 CMA:1986 DMF:1986 LPF:1986 MPF:1986 NTU:1986 SAR:1986 SCP:1986,156,788.0437096982529,108,1792.0874193965058,5.051562241655467,0.4142430414137408,TRUE,3.7,1986,5,2018
floor_1987,ANC:2001 CMA:1987 DMF:1987 LPF:1987 MPF:1987 NTU:1987 SAR:1987 SCP:1987,184,972.5000932399852,108,2161.0001864799706,5.285326593695571,0.6639221441003347,TRUE,3.5,1987,0,2023
floor_1987,ANC:2001 CMA:1987 DMF:1987 LPF:1987 MPF:1987 NTU:1987 SAR:1987 SCP:1987,177,932.40040889067,108,2080.80081778134,5.267798920286271,0.28487883559467697,TRUE,3.5,1987,1,2022
floor_1987,ANC:2001 CMA:1987 DMF:1987 LPF:1987 MPF:1987 NTU:1987 SAR:1987 SCP:1987,170,907.5770489651845,108,2031.154097930369,5.338688523324615,0.7291997906039107,TRUE,3.4,1987,2,2021
floor_1987,ANC:2001 CMA:1987 DMF:1987 LPF:1987 MPF:1987 NTU:1987 SAR:1987 SCP:1987,163,864.1671326669492,108,1944.3342653338984,5.30163885071748,0.8013340064046588,TRUE,3.9,1987,3,2020
floor_1987,ANC:2001 CMA:1987 DMF:1987 LPF:1987 MPF:1987 NTU:1987 SAR:1987 SCP:1987,156,796.5982142287507,108,1809.1964284575015,5.106398809158659,0.7149704775156351,TRUE,3,1987,4,2019
floor_1987,ANC:2001 CMA:1987 DMF:1987 LPF:1987 MPF:1987 NTU:1987 SAR:1987 SCP:1987,149,777.7596337343912,108,1771.5192674687823,5.219863313653632,0.4971520943006382,TRUE,4.5,1987,5,2018
floor_1988,ANC:2001 CMA:1988 DMF:1988 LPF:1988 MPF:1988 NTU:1988 SAR:1988 SCP:1988,177,946.8729756976935,108,2109.7459513953872,5.349564834450246,0.5799224041879967,TRUE,4.4,1988,0,2023
floor_1988,ANC:2001 CMA:1988 DMF:1988 LPF:1988 MPF:1988 NTU:1988 SAR:1988 SCP:1988,170,908.5866711605104,108,2033.1733423210208,5.344627477414767,0.42907042149953156,TRUE,5,1988,1,2022
floor_1988,ANC:2001 CMA:1988 DMF:1988 LPF:1988 MPF:1988 NTU:1988 SAR:1988 SCP:1988,163,868.3562151152522,108,1952.7124302305044,5.327338743038357,0.6697719898599122,TRUE,4.4,1988,2,2021
floor_1988,ANC:2001 CMA:1988 DMF:1988 LPF:1988 MPF:1988 NTU:1988 SAR:1988 SCP:1988,156,849.9807854153485,108,1915.961570830697,5.448594778303516,0.3071121114785278,TRUE,3.8,1988,3,2020
floor_1988,ANC:2001 CMA:1988 DMF:1988 LPF:1988 MPF:1988 NTU:1988 SAR:1988 SCP:1988,149,771.2691914966363,108,1758.5383829932725,5.176303298635143,0.6401385062708265,TRUE,4,1988,4,2019
floor_1988,ANC:2001 CMA:1988 DMF:1988 LPF:1988 MPF:1988 NTU:1988 SAR:1988 SCP:1988,142,751.8854894532457,108,1719.7709789064913,5.2949682355862375,0.5338536312260977,TRUE,4.1,1988,5,2018
floor_1989,ANC:2001 CMA:1989 DMF:1989 LPF:1989 MPF:1989 NTU:1989 SAR:1989 SCP:1989,170,922.74731901447,108,2061.4946380289402,5.42792540596747,0.25798611273939187,TRUE,3.8,1989,0,2023
floor_1989,ANC:2001 CMA:1989 DMF:1989 LPF:1989 MPF:1989 NTU:1989 SAR:1989 SCP:1989,163,879.05567943422,108,1974.11135886844,5.392979628430798,0.9709719595493995,TRUE,2.9,1989,1,2022
floor_1989,ANC:2001 CMA:1989 DMF:1989 LPF:1989 MPF:1989 NTU:1989 SAR:1989 SCP:1989,156,829.4169150589756,108,1874.8338301179513,5.316775096531895,0.6478714772221412,TRUE,2.7,1989,2,2021
floor_1989,ANC:2001 CMA:1989 DMF:1989 LPF:1989 MPF:1989 NTU:1989 SAR:1989 SCP:1989,149,815.6610749742546,108,1847.3221499485091,5.474235402511776,0.46357343952217356,TRUE,2.9,1989,3,2020
floor_1989,ANC:2001 CMA:1989 DMF:1989 LPF:1989 MPF:1989 NTU:1989 SAR:1989 SCP:1989,142,740.8842692562515,108,1697.768538512503,5.217494853917264,0.9417632037419903,TRUE,3,1989,4,2019
floor_1989,ANC:2001 CMA:1989 DMF:1989 LPF:1989 MPF:1989 NTU:1989 SAR:1989 SCP:1989,135,731.4286837719985,108,1678.857367543997,5.417990250162952,0.7858426080115173,TRUE,3,1989,5,2018
floor_1990,ANC:2001 CMA:1990 DMF:1990 LPF:1990 MPF:1990 NTU:1990 SAR:1990 SCP:1990,163,899.5026699940416,108,2015.0053399880833,5.518421288307004,0.7524249823722755,FALSE,2.9,1990,0,2023
floor_1990,ANC:2001 CMA:1990 DMF:1990 LPF:1990 MPF:1990 NTU:1990 SAR:1990 SCP:1990,156,870.9498440024315,108,1957.899688004863,5.583011820528407,0.9404263804903117,TRUE,3.7,1990,1,2022
floor_1990,ANC:2001 CMA:1990 DMF:1990 LPF:1990 MPF:1990 NTU:1990 SAR:1990 SCP:1990,149,818.8323859158314,108,1853.6647718316628,5.495519368562627,0.27560291806591763,TRUE,2.7,1990,2,2021
floor_1990,ANC:2001 CMA:1990 DMF:1990 LPF:1990 MPF:1990 NTU:1990 SAR:1990 SCP:1990,142,795.9860451121293,108,1807.9720902242586,5.605535528958657,0.7314222333010765,TRUE,3.4,1990,3,2020
floor_1990,ANC:2001 CMA:1990 DMF:1990 LPF:1990 MPF:1990 NTU:1990 SAR:1990 SCP:1990,135,737.5576211029896,108,1691.1152422059793,5.463389785948071,0.4499895055121037,TRUE,2.7,1990,4,2019
floor_1990,ANC:2001 CMA:1990 DMF:1990 LPF:1990 MPF:1990 NTU:1990 SAR:1990 SCP:1990,128,715.7860700852397,108,1647.5721401704793,5.592078672540935,0.6048617651556274,TRUE,2.6,1990,5,2018
floor_1991,ANC:2001 CMA:1991 DMF:1991 LPF:1991 MPF:1991 NTU:1991 SAR:1991 SCP:1991,163,861.1504361758784,108,1938.3008723517569,5.283131510281462,0.43928172901066365,TRUE,2.6,1991,0,2023
floor_1991,ANC:2001 CMA:1991 DMF:1991 LPF:1991 MPF:1991 NTU:1991 SAR:1991 SCP:1991,156,835.9284554498212,108,1887.8569108996423,5.358515740062956,0.10517061486281243,TRUE,3.2,1991,1,2022
floor_1991,ANC:2001 CMA:1991 DMF:1991 LPF:1991 MPF:1991 NTU:1991 SAR:1991 SCP:1991,149,797.2114631040985,108,1810.422926208197,5.350412504054352,0.5579097083084292,TRUE,3,1991,2,2021
floor_1991,ANC:2001 CMA:1991 DMF:1991 LPF:1991 MPF:1991 NTU:1991 SAR:1991 SCP:1991,142,771.6066195985117,108,1759.2132391970233,5.433849433792336,0.9707725588025831,TRUE,2.9,1991,3,2020
floor_1991,ANC:2001 CMA:1991 DMF:1991 LPF:1991 MPF:1991 NTU:1991 SAR:1991 SCP:1991,135,708.73874496063,108,1633.47748992126,5.249916629338,0.647390172972127,TRUE,3.7,1991,4,2019
floor_1991,ANC:2001 CMA:1991 DMF:1991 LPF:1991 MPF:1991 NTU:1991 SAR:1991 SCP:1991,128,694.9227803213365,108,1605.845560642673,5.4290842212604415,0.7498180104898324,TRUE,3.2,1991,5,2018
floor_1992,ANC:2001 CMA:1992 DMF:1992 LPF:1992 MPF:1992 NTU:1992 SAR:1992 SCP:1992,156,829.1697514722989,108,1874.3395029445978,5.315190714566019,0.3412169472934349,TRUE,3,1992,0,2023
floor_1992,ANC:2001 CMA:1992 DMF:1992 LPF:1992 MPF:1992 NTU:1992 SAR:1992 SCP:1992,149,814.1404786243147,108,1844.2809572486294,5.464030057881307,0.43008814394399497,TRUE,4.2,1992,1,2022
floor_1992,ANC:2001 CMA:1992 DMF:1992 LPF:1992 MPF:1992 NTU:1992 SAR:1992 SCP:1992,142,755.0125518628992,108,1726.0251037257983,5.316989801851403,0.7522861319380709,TRUE,3,1992,2,2021
floor_1992,ANC:2001 CMA:1992 DMF:1992 LPF:1992 MPF:1992 NTU:1992 SAR:1992 SCP:1992,135,733.4399646444297,108,1682.8799292888593,5.4328886269957755,0.6514079538414332,TRUE,3.3,1992,3,2020
floor_1992,ANC:2001 CMA:1992 DMF:1992 LPF:1992 MPF:1992 NTU:1992 SAR:1992 SCP:1992,128,676.1247301166098,108,1568.2494602332197,5.282224454036014,0.24381668097170794,TRUE,2.7,1992,4,2019
floor_1992,ANC:2001 CMA:1992 DMF:1992 LPF:1992 MPF:1992 NTU:1992 SAR:1992 SCP:1992,121,661.9505900662318,108,1539.9011801324637,5.470666033605221,0.6068532874682138,TRUE,3.3,1992,5,2018
floor_1993,ANC:2001 CMA:1993 DMF:1993 LPF:1993 MPF:1993 NTU:1993 SAR:1993 SCP:1993,156,792.9816669642363,108,1801.9633339284726,5.083215813873309,0.2563622189141528,TRUE,3.8,1993,0,2023
floor_1993,ANC:2001 CMA:1993 DMF:1993 LPF:1993 MPF:1993 NTU:1993 SAR:1993 SCP:1993,149,763.7849448183628,108,1743.5698896367255,5.1260734551567975,0.6035621655472738,TRUE,5.7,1993,1,2022
floor_1993,ANC:2001 CMA:1993 DMF:1993 LPF:1993 MPF:1993 NTU:1993 SAR:1993 SCP:1993,142,715.6707427150798,108,1647.3414854301595,5.039934807852674,0.7635492875856209,TRUE,3.5,1993,2,2021
floor_1993,ANC:2001 CMA:1993 DMF:1993 LPF:1993 MPF:1993 NTU:1993 SAR:1993 SCP:1993,135,691.6502849732025,108,1599.300569946405,5.123335444245944,0.32067557469648333,TRUE,3.2,1993,3,2020
floor_1993,ANC:2001 CMA:1993 DMF:1993 LPF:1993 MPF:1993 NTU:1993 SAR:1993 SCP:1993,128,641.4901049900141,108,1498.9802099800281,5.011641445234485,0.8519210787450202,TRUE,2.8,1993,4,2019
floor_1993,ANC:2001 CMA:1993 DMF:1993 LPF:1993 MPF:1993 NTU:1993 SAR:1993 SCP:1993,121,627.6773241368315,108,1471.354648273663,5.187415901957285,0.16021538714526606,TRUE,2.8,1993,5,2018
floor_1994,ANC:2001 CMA:1994 DMF:1994 LPF:1994 MPF:1994 NTU:1994 SAR:1994 SCP:1994,156,769.7725250068121,108,1755.5450500136242,4.9344392628641804,0.9052073779578071,TRUE,4.2,1994,0,2023
floor_1994,ANC:2001 CMA:1994 DMF:1994 LPF:1994 MPF:1994 NTU:1994 SAR:1994 SCP:1994,149,755.8232477470962,108,1727.6464954941923,5.0726392466248065,0.7020682101467441,TRUE,4.5,1994,1,2022
floor_1994,ANC:2001 CMA:1994 DMF:1994 LPF:1994 MPF:1994 NTU:1994 SAR:1994 SCP:1994,142,697.4014680202758,108,1610.8029360405517,4.91127794380476,0.43029771014487395,TRUE,3.8,1994,2,2021
floor_1994,ANC:2001 CMA:1994 DMF:1994 LPF:1994 MPF:1994 NTU:1994 SAR:1994 SCP:1994,135,676.9252013704366,108,1569.8504027408733,5.014260750892123,0.27001190985629364,TRUE,4.1,1994,3,2020
floor_1994,ANC:2001 CMA:1994 DMF:1994 LPF:1994 MPF:1994 NTU:1994 SAR:1994 SCP:1994,128,620.2395165194984,108,1456.4790330389967,4.845621222808581,0.8954010358325046,TRUE,3.2,1994,4,2019
floor_1994,ANC:2001 CMA:1994 DMF:1994 LPF:1994 MPF:1994 NTU:1994 SAR:1994 SCP:1994,121,607.3803247969751,108,1430.7606495939501,5.019672105760124,0.7268712368498917,TRUE,3.3,1994,5,2018
floor_1995,ANC:2001 CMA:1995 DMF:1995 LPF:1995 MPF:1995 NTU:1995 SAR:1995 SCP:1995,156,747.7475497154672,108,1711.4950994309345,4.793253523817098,0.24383672120550592,TRUE,4.4,1995,0,2023
floor_1995,ANC:2001 CMA:1995 DMF:1995 LPF:1995 MPF:1995 NTU:1995 SAR:1995 SCP:1995,149,727.450613551363,108,1670.901227102726,4.882218882895053,0.17270584571309122,TRUE,4.6,1995,1,2022
floor_1995,ANC:2001 CMA:1995 DMF:1995 LPF:1995 MPF:1995 NTU:1995 SAR:1995 SCP:1995,142,667.6348736259172,108,1551.2697472518344,4.701654039619135,0.09440075337633891,TRUE,3.5,1995,2,2021
floor_1995,ANC:2001 CMA:1995 DMF:1995 LPF:1995 MPF:1995 NTU:1995 SAR:1995 SCP:1995,135,651.1856724177522,108,1518.3713448355045,4.8235975734648315,0.6721338360373711,TRUE,3.5,1995,3,2020
floor_1995,ANC:2001 CMA:1995 DMF:1995 LPF:1995 MPF:1995 NTU:1995 SAR:1995 SCP:1995,128,599.2076975401425,108,1414.415395080285,4.681310137032363,0.5308807723236875,TRUE,3.6,1995,4,2019
floor_1995,ANC:2001 CMA:1995 DMF:1995 LPF:1995 MPF:1995 NTU:1995 SAR:1995 SCP:1995,121,586.8295981870345,108,1389.659196374069,4.849831389975492,0.4885146912966789,TRUE,2.8,1995,5,2018
floor_1996,ANC:2001 CMA:1996 DMF:1996 LPF:1996 MPF:1996 NTU:1996 SAR:1996 SCP:1996,156,727.1374620520646,108,1670.2749241041292,4.661137577256825,0.4417610633997855,TRUE,3.4,1996,0,2023
floor_1996,ANC:2001 CMA:1996 DMF:1996 LPF:1996 MPF:1996 NTU:1996 SAR:1996 SCP:1996,149,696.9883069286675,108,1609.976613857335,4.6777738720044795,0.24830809098871143,TRUE,4.3,1996,1,2022
floor_1996,ANC:2001 CMA:1996 DMF:1996 LPF:1996 MPF:1996 NTU:1996 SAR:1996 SCP:1996,142,655.8030942157194,108,1527.6061884314388,4.618331649406475,0.7239033988143824,TRUE,3,1996,2,2021
floor_1996,ANC:2001 CMA:1996 DMF:1996 LPF:1996 MPF:1996 NTU:1996 SAR:1996 SCP:1996,135,630.8162806658466,108,1477.6325613316933,4.672713190117382,0.49519889221681623,TRUE,5.7,1996,3,2020
floor_1996,ANC:2001 CMA:1996 DMF:1996 LPF:1996 MPF:1996 NTU:1996 SAR:1996 SCP:1996,128,576.118435108124,108,1368.236870216248,4.500925274282219,0.18991290093441648,TRUE,2.9,1996,4,2019
floor_1996,ANC:2001 CMA:1996 DMF:1996 LPF:1996 MPF:1996 NTU:1996 SAR:1996 SCP:1996,121,565.1087648857389,108,1346.2175297714778,4.67032037095652,0.2271136159245266,TRUE,2.9,1996,5,2018
floor_1997,ANC:2001 CMA:1997 DMF:1997 LPF:1997 MPF:1997 NTU:1997 SAR:1997 SCP:1997,156,725.2671040465004,108,1666.5342080930009,4.649148102862182,0.6249637322749226,TRUE,3.2,1997,0,2023
floor_1997,ANC:2001 CMA:1997 DMF:1997 LPF:1997 MPF:1997 NTU:1997 SAR:1997 SCP:1997,149,676.2740043179605,108,1568.548008635921,4.53875170683195,0.6288980842730814,TRUE,3.2,1997,1,2022
floor_1997,ANC:2001 CMA:1997 DMF:1997 LPF:1997 MPF:1997 NTU:1997 SAR:1997 SCP:1997,142,631.2331749216233,108,1478.4663498432467,4.445304048743826,0.7521946256744964,TRUE,2.8,1997,2,2021
floor_1997,ANC:2001 CMA:1997 DMF:1997 LPF:1997 MPF:1997 NTU:1997 SAR:1997 SCP:1997,135,611.9079142870725,108,1439.815828574145,4.532651216941278,0.434603529206246,TRUE,2.9,1997,3,2020
floor_1997,ANC:2001 CMA:1997 DMF:1997 LPF:1997 MPF:1997 NTU:1997 SAR:1997 SCP:1997,128,555.8339646601204,108,1327.6679293202408,4.3424528489071905,0.5369939939743336,TRUE,3,1997,4,2019
floor_1997,ANC:2001 CMA:1997 DMF:1997 LPF:1997 MPF:1997 NTU:1997 SAR:1997 SCP:1997,121,545.1777174421569,108,1306.3554348843138,4.505600970596338,0.22434653679013472,TRUE,2.9,1997,5,2018
floor_1998,ANC:2001 CMA:1998 DMF:1998 LPF:1998 MPF:1998 NTU:1998 SAR:1998 SCP:1998,156,682.6480773083563,108,1581.2961546167126,4.375949213515105,0.3810181687923295,TRUE,3.1,1998,0,2023
floor_1998,ANC:2001 CMA:1998 DMF:1998 LPF:1998 MPF:1998 NTU:1998 SAR:1998 SCP:1998,149,641.413049700856,108,1498.826099401712,4.304785568462121,0.6428343774552392,TRUE,3.1,1998,1,2022
floor_1998,ANC:2001 CMA:1998 DMF:1998 LPF:1998 MPF:1998 NTU:1998 SAR:1998 SCP:1998,142,597.8762992727133,108,1411.7525985454265,4.210396473751501,0.5244609228935886,TRUE,3.4,1998,2,2021
floor_1998,ANC:2001 CMA:1998 DMF:1998 LPF:1998 MPF:1998 NTU:1998 SAR:1998 SCP:1998,135,578.3015207702537,108,1372.6030415405073,4.283714968668546,0.763356174863139,TRUE,2.9,1998,3,2020
floor_1998,ANC:2001 CMA:1998 DMF:1998 LPF:1998 MPF:1998 NTU:1998 SAR:1998 SCP:1998,128,522.8554424071081,108,1261.7108848142161,4.084808143805532,0.8519925024275814,TRUE,3.1,1998,4,2019
floor_1998,ANC:2001 CMA:1998 DMF:1998 LPF:1998 MPF:1998 NTU:1998 SAR:1998 SCP:1998,121,513.4133063701798,108,1242.8266127403597,4.243085176613056,0.1614842895498967,TRUE,2.7,1998,5,2018
floor_1999,ANC:2001 CMA:1999 DMF:1999 LPF:1999 MPF:1999 NTU:1999 SAR:1999 SCP:1999,156,672.3609420455678,108,1560.7218840911355,4.31000603875364,0.3334257242295058,TRUE,2.8,1999,0,2023
floor_1999,ANC:2001 CMA:1999 DMF:1999 LPF:1999 MPF:1999 NTU:1999 SAR:1999 SCP:1999,149,633.6069973279256,108,1483.2139946558511,4.252395955220977,0.7669699616370265,FALSE,2.4,1999,1,2022
floor_1999,ANC:2001 CMA:1999 DMF:1999 LPF:1999 MPF:1999 NTU:1999 SAR:1999 SCP:1999,142,580.8254452491747,108,1377.6508904983493,4.090320036966019,0.1911876298504538,TRUE,2.3,1999,2,2021
floor_1999,ANC:2001 CMA:1999 DMF:1999 LPF:1999 MPF:1999 NTU:1999 SAR:1999 SCP:1999,135,556.7620939596379,108,1329.5241879192758,4.124163658960281,0.6282974865051192,FALSE,2.2,1999,3,2020
floor_1999,ANC:2001 CMA:1999 DMF:1999 LPF:1999 MPF:1999 NTU:1999 SAR:1999 SCP:1999,128,507.8986095630229,108,1231.7972191260458,3.9679578872111163,0.1650554358131755,TRUE,2,1999,4,2019
floor_1999,ANC:2001 CMA:1999 DMF:1999 LPF:1999 MPF:1999 NTU:1999 SAR:1999 SCP:1999,121,498.81663024243403,108,1213.633260484868,4.122451489606893,0.28767848928897166,TRUE,2.1,1999,5,2018
floor_2000,ANC:2001 CMA:2000 DMF:2000 LPF:2000 MPF:2000 NTU:2000 SAR:2000 SCP:2000,156,669.3666116265484,108,1554.7332232530969,4.290811612990695,0.7989511965709966,TRUE,2.1,2000,0,2023
floor_2000,ANC:2001 CMA:2000 DMF:2000 LPF:2000 MPF:2000 NTU:2000 SAR:2000 SCP:2000,149,627.7992271380442,108,1471.5984542760884,4.213417631798954,0.3558241213229878,FALSE,2.2,2000,1,2022
floor_2000,ANC:2001 CMA:2000 DMF:2000 LPF:2000 MPF:2000 NTU:2000 SAR:2000 SCP:2000,142,582.6459322020564,108,1381.2918644041129,4.1031403676201155,0.9469549231471799,TRUE,2.3,2000,2,2021
floor_2000,ANC:2001 CMA:2000 DMF:2000 LPF:2000 MPF:2000 NTU:2000 SAR:2000 SCP:2000,135,551.8325955156414,108,1319.6651910312828,4.087648855671418,0.7423075346816068,FALSE,2.2,2000,3,2020
floor_2000,ANC:2001 CMA:2000 DMF:2000 LPF:2000 MPF:2000 NTU:2000 SAR:2000 SCP:2000,128,500.15786234241233,108,1216.3157246848245,3.9074832995500963,0.8998853663439643,TRUE,1.8,2000,4,2019
floor_2000,ANC:2001 CMA:2000 DMF:2000 LPF:2000 MPF:2000 NTU:2000 SAR:2000 SCP:2000,121,495.6283740550539,108,1207.2567481101078,4.096102264917801,0.12959656044471135,TRUE,2,2000,5,2018
floor_2001,ANC:2001 CMA:2001 DMF:2001 LPF:2001 MPF:2001 NTU:2001 SAR:2001 SCP:2001,156,655.0524902976858,108,1526.1049805953717,4.199054424985166,0.4616328881305991,TRUE,2.2,2001,0,2023
floor_2001,ANC:2001 CMA:2001 DMF:2001 LPF:2001 MPF:2001 NTU:2001 SAR:2001 SCP:2001,149,615.9014900164594,108,1447.8029800329189,4.133567047090332,0.4391230364682599,TRUE,2.1,2001,1,2022
floor_2001,ANC:2001 CMA:2001 DMF:2001 LPF:2001 MPF:2001 NTU:2001 SAR:2001 SCP:2001,142,575.49939375823806,108,1366.9987875164761,4.052812632100268,0.17015895190308683,TRUE,2.4,2001,2,2021
floor_2001,ANC:2001 CMA:2001 DMF:2001 LPF:2001 MPF:2001 NTU:2001 SAR:2001 SCP:2001,135,537.5162704607802,108,1291.0325409215604,3.9816020034131867,0.24850312129848362,TRUE,2.2,2001,3,2020
floor_2001,ANC:2001 CMA:2001 DMF:2001 LPF:2001 MPF:2001 NTU:2001 SAR:2001 SCP:2001,128,487.56986136075113,108,1191.1397227215023,3.8091395418808682,0.8289223408166144,TRUE,1.7,2001,4,2019
floor_2001,ANC:2001 CMA:2001 DMF:2001 LPF:2001 MPF:2001 NTU:2001 SAR:2001 SCP:2001,121,479.0786769521093,108,1174.1573539042186,3.959327908695118,0.5963513064385371,TRUE,1.6,2001,5,2018
floor_2002,ANC:2002 CMA:2002 DMF:2002 LPF:2002 MPF:2002 NTU:2002 SAR:2002 SCP:2002,156,640.9394345049926,108,1497.8788690099852,4.108586118621748,0.57692230439288394,TRUE,1.9,2002,0,2023
floor_2002,ANC:2002 CMA:2002 DMF:2002 LPF:2002 MPF:2002 NTU:2002 SAR:2002 SCP:2002,149,604.1654163154853,108,1424.3308326309707,4.054801451781781,0.3315246123497424,TRUE,1.9,2002,1,2022
floor_2002,ANC:2002 CMA:2002 DMF:2002 LPF:2002 MPF:2002 NTU:2002 SAR:2002 SCP:2002,142,556.7935232935776,108,1329.587046587155,3.9210811499547713,0.16690229835670145,TRUE,1.7,2002,2,2021
floor_2002,ANC:2002 CMA:2002 DMF:2002 LPF:2002 MPF:2002 NTU:2002 SAR:2002 SCP:2002,135,535.3924262733317,108,1286.7848525466634,3.9658698242469015,0.18871985408942749,TRUE,1.9,2002,3,2020
floor_2002,ANC:2002 CMA:2002 DMF:2002 LPF:2002 MPF:2002 NTU:2002 SAR:2002 SCP:2002,128,464.7376028766423,108,1145.4752057532846,3.630762522473768,0.3197970107467718,TRUE,1.9,2002,4,2019
floor_2002,ANC:2002 CMA:2002 DMF:2002 LPF:2002 MPF:2002 NTU:2002 SAR:2002 SCP:2002,121,457.9693006160337,108,1131.9386012320674,3.7848702530250717,0.4493246767944301,TRUE,1.5,2002,5,2018
floor_2003,ANC:2003 CMA:2003 DMF:2003 LPF:2003 MPF:2003 NTU:2003 SAR:2003 SCP:2003,156,611.5199361806322,108,1439.0398723612643,3.919999590901488,0.22613855616456036,TRUE,1.8,2003,0,2023
floor_2003,ANC:2003 CMA:2003 DMF:2003 LPF:2003 MPF:2003 NTU:2003 SAR:2003 SCP:2003,149,572.8541752221023,108,1361.7083504442046,3.8446588941080693,0.24252944836545254,FALSE,1.8,2003,1,2022
floor_2003,ANC:2003 CMA:2003 DMF:2003 LPF:2003 MPF:2003 NTU:2003 SAR:2003 SCP:2003,142,534.3456947107949,108,1284.6913894215897,3.76299785007602,0.5179009283662097,TRUE,1.9,2003,2,2021
floor_2003,ANC:2003 CMA:2003 DMF:2003 LPF:2003 MPF:2003 NTU:2003 SAR:2003 SCP:2003,135,518.0713293417227,108,1252.1426586834455,3.8375654025312795,0.712268486835498,TRUE,1.7,2003,3,2020
floor_2003,ANC:2003 CMA:2003 DMF:2003 LPF:2003 MPF:2003 NTU:2003 SAR:2003 SCP:2003,128,450.9977357014886,108,1117.9954714029773,3.5234198101678795,0.3000042387406978,TRUE,1.5,2003,4,2019
floor_2003,ANC:2003 CMA:2003 DMF:2003 LPF:2003 MPF:2003 NTU:2003 SAR:2003 SCP:2003,121,444.09182805701477,108,1104.1836561140294,3.6701803971654114,0.395924290898499,TRUE,1.4,2003,5,2018
floor_2004,ANC:2004 CMA:2004 DMF:2004 LPF:2004 MPF:2004 NTU:2004 SAR:2004 SCP:2004,148,582.6081008563931,108,1381.2162017127862,3.936541222002656,0.7740479694298159,TRUE,2,2004,0,2023
floor_2004,ANC:2004 CMA:2004 DMF:2004 LPF:2004 MPF:2004 NTU:2004 SAR:2004 SCP:2004,141,551.2362648964219,108,1318.4725297928437,3.909477056002992,0.3439713914454785,TRUE,1.8,2004,1,2022
floor_2004,ANC:2004 CMA:2004 DMF:2004 LPF:2004 MPF:2004 NTU:2004 SAR:2004 SCP:2004,134,510.8822835577293,108,1237.7645671154587,3.8125543549084275,0.151015906445938,TRUE,1.7,2004,2,2021
floor_2004,ANC:2004 CMA:2004 DMF:2004 LPF:2004 MPF:2004 NTU:2004 SAR:2004 SCP:2004,127,487.8585637177564,108,1191.7171274355128,3.8414060135256407,0.45137248113588413,TRUE,1.7,2004,3,2020
floor_2004,ANC:2004 CMA:2004 DMF:2004 LPF:2004 MPF:2004 NTU:2004 SAR:2004 SCP:2004,120,413.14988543698746,108,1042.299770873975,3.4429157119748957,0.31424360601090484,TRUE,1.6,2004,4,2019
floor_2004,ANC:2004 CMA:2004 DMF:2004 LPF:2004 MPF:2004 NTU:2004 SAR:2004 SCP:2004,113,406.82747257174805,108,1029.6549451434962,3.600243120103965,0.1761532938610415,TRUE,1.6,2004,5,2018
floor_2005,ANC:2005 CMA:2005 DMF:2005 LPF:2005 MPF:2005 NTU:2005 SAR:2005 SCP:2005,140,561.72601731832,108,1339.45203463664,4.012328695130857,0.649988593689443,TRUE,2.1,2005,0,2023
floor_2005,ANC:2005 CMA:2005 DMF:2005 LPF:2005 MPF:2005 NTU:2005 SAR:2005 SCP:2005,133,516.3451214093749,108,1248.6902428187498,3.8822941459351497,0.38943807247669326,FALSE,1.8,2005,1,2022
floor_2005,ANC:2005 CMA:2005 DMF:2005 LPF:2005 MPF:2005 NTU:2005 SAR:2005 SCP:2005,126,473.9094265644717,108,1163.8188531289434,3.7611859251148547,0.9029751016941532,FALSE,1.7,2005,2,2021
floor_2005,ANC:2005 CMA:2005 DMF:2005 LPF:2005 MPF:2005 NTU:2005 SAR:2005 SCP:2005,119,444.94692555906965,108,1105.8938511181393,3.7390497946140306,0.47642930924879323,FALSE,1.5,2005,3,2020
floor_2005,ANC:2005 CMA:2005 DMF:2005 LPF:2005 MPF:2005 NTU:2005 SAR:2005 SCP:2005,112,393.63594775826874,108,1003.2718955165375,3.5146066764131136,0.4199736188784158,TRUE,1.4,2005,4,2019
floor_2005,ANC:2005 CMA:2005 DMF:2005 LPF:2005 MPF:2005 NTU:2005 SAR:2005 SCP:2005,105,390.0934323138934,108,996.1868646277868,3.715175545846604,0.27312136879501736,TRUE,1.2,2005,5,2018
floor_2006,ANC:2006 CMA:2006 DMF:2006 LPF:2006 MPF:2006 NTU:2006 SAR:2006 SCP:2006,132,523.8685629061459,108,1263.7371258122919,3.9687012341374692,0.17124235304329716,TRUE,1.8,2006,0,2023
floor_2006,ANC:2006 CMA:2006 DMF:2006 LPF:2006 MPF:2006 NTU:2006 SAR:2006 SCP:2006,125,492.33581486567533,108,1200.6716297313505,3.938686518925403,0.6160799912564414,TRUE,1.7,2006,1,2022
floor_2006,ANC:2006 CMA:2006 DMF:2006 LPF:2006 MPF:2006 NTU:2006 SAR:2006 SCP:2006,118,456.6406828975722,108,1129.2813657951444,3.8698362957421373,0.5459285020373414,TRUE,1.4,2006,2,2021
floor_2006,ANC:2006 CMA:2006 DMF:2006 LPF:2006 MPF:2006 NTU:2006 SAR:2006 SCP:2006,111,431.5438409048419,108,1079.0876818096838,3.887782350494071,0.3569351142377002,TRUE,1.4,2006,3,2020
floor_2006,ANC:2006 CMA:2006 DMF:2006 LPF:2006 MPF:2006 NTU:2006 SAR:2006 SCP:2006,104,369.03465971892297,108,954.0693194378459,3.5484101896050286,0.6493976428451447,TRUE,1.5,2006,4,2019
floor_2006,ANC:2006 CMA:2006 DMF:2006 LPF:2006 MPF:2006 NTU:2006 SAR:2006 SCP:2006,97,365.19610236380237,108,946.3922047276047,3.764908271791777,0.4414713944490529,TRUE,1.2,2006,5,2018
floor_2007,ANC:2007 CMA:2007 DMF:2007 LPF:2007 MPF:2007 NTU:2007 SAR:2007 SCP:2007,124,488.89224806905315,108,1193.7844961381063,3.9426794199117188,0.34792679388355907,TRUE,1.8,2007,0,2023
floor_2007,ANC:2007 CMA:2007 DMF:2007 LPF:2007 MPF:2007 NTU:2007 SAR:2007 SCP:2007,117,442.38697899628954,108,1100.7739579925792,3.7810852905665775,0.8843353543326913,TRUE,1.4,2007,1,2022
floor_2007,ANC:2007 CMA:2007 DMF:2007 LPF:2007 MPF:2007 NTU:2007 SAR:2007 SCP:2007,110,409.52195294267267,108,1035.0439058853453,3.722926844933388,0.2507811846810881,TRUE,1.4,2007,2,2021
floor_2007,ANC:2007 CMA:2007 DMF:2007 LPF:2007 MPF:2007 NTU:2007 SAR:2007 SCP:2007,103,382.1641412521768,108,980.3282825043536,3.710331468467736,0.12830168324206248,TRUE,1.5,2007,3,2020
floor_2007,ANC:2007 CMA:2007 DMF:2007 LPF:2007 MPF:2007 NTU:2007 SAR:2007 SCP:2007,96,332.29656801692045,108,880.5931360338409,3.461422583509588,0.14467834332864982,TRUE,1.5,2007,4,2019
floor_2007,ANC:2007 CMA:2007 DMF:2007 LPF:2007 MPF:2007 NTU:2007 SAR:2007 SCP:2007,89,327.7853964129398,108,871.5707928258796,3.682981982167863,0.335177613438816,TRUE,1.4,2007,5,2018
floor_2008,ANC:2008 CMA:2008 DMF:2008 LPF:2008 MPF:2008 NTU:2008 SAR:2008 SCP:2008,116,468.853521664175,108,1153.70704332835,4.041840704001508,0.4008552032832071,TRUE,1.4,2008,0,2023
floor_2008,ANC:2008 CMA:2008 DMF:2008 LPF:2008 MPF:2008 NTU:2008 SAR:2008 SCP:2008,109,434.5325532056874,108,1085.065106411375,3.986537185373279,0.35058629793751095,FALSE,1.5,2008,1,2022
floor_2008,ANC:2008 CMA:2008 DMF:2008 LPF:2008 MPF:2008 NTU:2008 SAR:2008 SCP:2008,102,402.97545341034754,108,1021.9509068206951,3.950739739317133,0.30046830713095574,TRUE,1.4,2008,2,2021
floor_2008,ANC:2008 CMA:2008 DMF:2008 LPF:2008 MPF:2008 NTU:2008 SAR:2008 SCP:2008,95,369.2729698729277,108,954.5459397458554,3.887083893399239,0.4829277563429599,FALSE,1.3,2008,3,2020
floor_2008,ANC:2008 CMA:2008 DMF:2008 LPF:2008 MPF:2008 NTU:2008 SAR:2008 SCP:2008,88,320.7854464048104,108,857.5708928096208,3.645289163691027,0.7056183412635164,TRUE,1.4,2008,4,2019
floor_2008,ANC:2008 CMA:2008 DMF:2008 LPF:2008 MPF:2008 NTU:2008 SAR:2008 SCP:2008,81,315.17046800905763,108,846.3409360181153,3.890993432210588,0.21806152910351528,TRUE,1.2,2008,5,2018
floor_2009,ANC:2009 CMA:2009 DMF:2009 LPF:2009 MPF:2009 NTU:2009 SAR:2009 SCP:2009,108,443.11748674489615,108,1102.2349734897923,4.102939692082372,0.5192394147254937,TRUE,1.5,2009,0,2023
floor_2009,ANC:2009 CMA:2009 DMF:2009 LPF:2009 MPF:2009 NTU:2009 SAR:2009 SCP:2009,101,409.6779449004126,108,1035.3558898008253,4.056217276241709,0.31974906530560077,FALSE,1.4,2009,1,2022
floor_2009,ANC:2009 CMA:2009 DMF:2009 LPF:2009 MPF:2009 NTU:2009 SAR:2009 SCP:2009,94,371.1116586164417,108,958.2233172328833,3.947996368260018,0.30229201847348186,TRUE,1.2,2009,2,2021
floor_2009,ANC:2009 CMA:2009 DMF:2009 LPF:2009 MPF:2009 NTU:2009 SAR:2009 SCP:2009,87,352.2441306529391,108,920.4882613058782,4.048783110953322,0.6368756260101236,TRUE,1.1,2009,3,2020
floor_2009,ANC:2009 CMA:2009 DMF:2009 LPF:2009 MPF:2009 NTU:2009 SAR:2009 SCP:2009,80,290.00498209241846,108,796.0099641848369,3.625062276155231,0.09528476720313872,TRUE,1.1,2009,4,2019
floor_2009,ANC:2009 CMA:2009 DMF:2009 LPF:2009 MPF:2009 NTU:2009 SAR:2009 SCP:2009,73,286.39652892918804,108,788.7930578583761,3.9232401223176443,0.2120819501517346,TRUE,1,2009,5,2018
floor_2010,ANC:2010 CMA:2010 DMF:2010 LPF:2010 MPF:2010 NTU:2010 SAR:2010 SCP:2010,100,411.170881366891,108,1038.3417627337822,4.11170881366891,0.27972482543850496,TRUE,1.2,2010,0,2023
floor_2010,ANC:2010 CMA:2010 DMF:2010 LPF:2010 MPF:2010 NTU:2010 SAR:2010 SCP:2010,93,378.77502032321786,108,973.5500406464357,4.072849680894816,0.08837059153481164,TRUE,1.2,2010,1,2022
floor_2010,ANC:2010 CMA:2010 DMF:2010 LPF:2010 MPF:2010 NTU:2010 SAR:2010 SCP:2010,86,341.6649028963596,108,899.3298057927192,3.9728477080972047,0.31049526748627443,TRUE,1.2,2010,2,2021
floor_2010,ANC:2010 CMA:2010 DMF:2010 LPF:2010 MPF:2010 NTU:2010 SAR:2010 SCP:2010,79,310.2234472409568,108,836.4468944819135,3.9268790789994528,0.3897483425768584,TRUE,1.2,2010,3,2020
floor_2010,ANC:2010 CMA:2010 DMF:2010 LPF:2010 MPF:2010 NTU:2010 SAR:2010 SCP:2010,72,263.1665855507113,108,742.3331711014226,3.6550914659821014,0.2857816405967597,TRUE,1.1,2010,4,2019
floor_2010,ANC:2010 CMA:2010 DMF:2010 LPF:2010 MPF:2010 NTU:2010 SAR:2010 SCP:2010,65,262.9751576675576,108,741.9503153351152,4.045771656423963,0.21288864395248197,TRUE,0.9,2010,5,2018
