floor,species,design,n,mae_model,mae_naive,bias_model,mase
1971,ANC,one_step,5,0.24243379854745087,0.37252595527385945,-0.19939273860386403,0.650783643704041
1971,DMF,one_step,5,0.69816507700961,1.1911529485873469,0.4115354484506568,0.5861254659509527
1971,LPF,one_step,5,0.26953925979581905,0.28942809518099794,0.26953925979581905,0.9312822918150323
1971,MPF,one_step,5,0.3509485381109775,0.4134866165541669,0.07181926968825696,0.8487542862587503
1971,NTU,one_step,5,0.29310983325445356,0.2600483859450975,0.15230876360925472,1.1271357527915444
1971,SAR,one_step,5,0.30748124585702075,0.28350996624907404,-0.18895424720016682,1.0845518057974972
1971,SCP,one_step,5,0.2051859807099645,0.3420502400562212,-0.044467519596591384,0.5998708864412404
1972,ANC,one_step,5,0.23312936836697418,0.37252595527385945,-0.18743458294461793,0.6258070479829815
1972,DMF,one_step,5,0.6969163646273993,1.1911529485873469,0.4136048729236396,0.5850771434969039
1972,LPF,one_step,5,0.25796411624287663,0.28942809518099794,0.25796411624287663,0.8912891337710499
1972,MPF,one_step,5,0.34735046547557963,0.4134866165541669,0.08375247446097304,0.840052498845695
1972,NTU,one_step,5,0.29401783091031825,0.2600483859450975,0.13604056490092659,1.1306274016728277
1972,SAR,one_step,5,0.30406144656455664,0.28350996624907404,-0.18161660452267855,1.0724894457411327
1972,SCP,one_step,5,0.20838435335275743,0.3420502400562212,-0.048422216476277716,0.6092214796238887
1973,ANC,one_step,5,0.23728195603531033,0.37252595527385945,-0.18821083042033732,0.6369541576260758
1973,DMF,one_step,5,0.7040726968920774,1.1911529485873469,0.42901252950729757,0.5910850472452556
1973,LPF,one_step,5,0.23929317979466358,0.28942809518099794,0.23903940921833886,0.8267793755302788
1973,MPF,one_step,5,0.35079757150716995,0.4134866165541669,0.08381014579206295,0.8483891798737707
1973,NTU,one_step,5,0.31187497578532747,0.2600483859450975,0.10416827920321778,1.1992959489130297
1973,SAR,one_step,5,0.3371968612144338,0.28350996624907404,-0.27906765450536847,1.1893651065451218
1973,SCP,one_step,5,0.18784632428254192,0.3420502400562212,-0.02331114815072504,0.5491775835376304
1974,ANC,one_step,5,0.2343822225023356,0.37252595527385945,-0.18246449646074012,0.6291701804510007
1974,DMF,one_step,5,0.7067209021101098,1.1911529485873469,0.4260867623184695,0.593308275774533
1974,LPF,one_step,5,0.23181790783157052,0.28942809518099794,0.22684263011467026,0.8009516411549471
1974,MPF,one_step,5,0.3498352942974243,0.4134866165541669,0.09253540817281056,0.8460619528941773
1974,NTU,one_step,5,0.3245525703519561,0.2600483859450975,0.07404397422535478,1.2480468554820294
1974,SAR,one_step,5,0.34603261937110924,0.28350996624907404,-0.29777732466155954,1.2205307063777318
1974,SCP,one_step,5,0.20669177653227877,0.3420502400562212,-0.05373695095815925,0.6042731515063571
1975,ANC,one_step,5,0.240467706098923,0.37252595527385945,-0.18522835575902574,0.6455059109160464
1975,DMF,one_step,5,0.6896024234282189,1.1911529485873469,0.43048601255895286,0.578936923462311
1975,LPF,one_step,5,0.22040482226494823,0.28942809518099794,0.20753929101605265,0.7615184079731961
1975,MPF,one_step,5,0.344874571820635,0.4134866165541669,0.10666671012800766,0.8340646541227443
1975,NTU,one_step,5,0.26709813839652663,0.2600483859450975,0.006366366526692646,1.0271093874542159
1975,SAR,one_step,5,0.3472323195021689,0.28350996624907404,-0.2935637438155129,1.2247623041128382
1975,SCP,one_step,5,0.2068010637724316,0.3420502400562212,-0.051550332068882807,0.6045926579044081
1976,ANC,one_step,5,0.24001786873020386,0.37252595527385945,-0.18515243150840605,0.6442983779580047
1976,DMF,one_step,5,0.7118514996086933,1.1911529485873469,0.41329913641075555,0.5976155290996985
1976,LPF,one_step,5,0.22042461266194965,0.28942809518099794,0.1873936686566477,0.7615867855679457
1976,MPF,one_step,5,0.32809609392821226,0.4134866165541669,0.09598140173699683,0.793486610673
1976,NTU,one_step,5,0.30036210507121225,0.2600483859450975,0.056719108030903985,1.1550239159516489
1976,SAR,one_step,5,0.254673806272215,0.28350996624907404,-0.20526776865750854,0.8982887255838992
1976,SCP,one_step,5,0.19151328456952926,0.3420502400562212,-0.04161653000885688,0.5598981147858605
1977,ANC,one_step,5,0.22675679293319329,0.37252595527385945,-0.18913627526783391,0.6087006548751612
1977,DMF,one_step,5,0.7285941502667281,1.1911529485873469,0.42585629835094446,0.611671365235512
1977,LPF,one_step,5,0.2241452788849711,0.28942809518099794,0.18178764111620827,0.7744420207195113
1977,MPF,one_step,5,0.335043862336458,0.4134866165541669,0.08583020339805607,0.8102894964982914
1977,NTU,one_step,5,0.27777790492019444,0.2600483859450975,0.05534404577317742,1.068177769727977
1977,SAR,one_step,5,0.190958580031258,0.28350996624907404,-0.13847140194984217,0.673551559959955
1977,SCP,one_step,5,0.19683371318277693,0.3420502400562212,-0.08485998999131004,0.5754526386253209
1978,ANC,one_step,5,0.23193480313131393,0.37252595527385945,-0.17422151130143063,0.622600384880052
1978,DMF,one_step,5,0.7076016675058291,1.1911529485873469,0.3949723938560362,0.5940476983623408
1978,LPF,one_step,5,0.21615320643752384,0.28942809518099794,0.19058707187969745,0.746828694368283
1978,MPF,one_step,5,0.3469124396636628,0.4134866165541669,0.08701495022738985,0.8389931518332883
1978,NTU,one_step,5,0.20857063224742764,0.2600483859450975,0.08432755568764339,0.8020454789189191
1978,SAR,one_step,5,0.344319577093212,0.28350996624907404,-0.29050973732929086,1.2144884416187134
1978,SCP,one_step,5,0.2069518479823738,0.3420502400562212,-0.05965530211283438,0.6050334826496777
1979,ANC,one_step,5,0.21518218484756693,0.37252595527385945,-0.17506233502850987,0.5776300464470387
1979,DMF,one_step,5,0.6998494861417084,1.1911529485873469,0.3761717566268144,0.5875395657389741
1979,LPF,one_step,5,0.22025852209774274,0.28942809518099794,0.1588426987654598,0.7610129277878188
1979,MPF,one_step,5,0.3687875334861448,0.4134866165541669,0.01646212753007008,0.8918971466585146
1979,NTU,one_step,5,0.20233695235548363,0.2600483859450975,0.04565443535968983,0.7780742480678263
1979,SAR,one_step,5,0.24840212783634238,0.28350996624907404,-0.07827611167272923,0.8761671807265917
1979,SCP,one_step,5,0.2162654376147317,0.3420502400562212,-0.09996664655382581,0.6322622009538281
1980,ANC,one_step,5,0.2291948367435511,0.37252595527385945,-0.16551063815583014,0.6152452829093756
1980,DMF,one_step,5,0.7016231483602298,1.1911529485873469,0.3677692059776851,0.5890285955236251
1980,LPF,one_step,5,0.2220501586479749,0.28942809518099794,0.15779081423967378,0.7672031925895539
1980,MPF,one_step,5,0.32912742878287543,0.4134866165541669,0.012769725020222644,0.7959808506637834
1980,NTU,one_step,5,0.19434749228674042,0.2600483859450975,0.024533764660914704,0.7473512730349031
1980,SAR,one_step,5,0.26489132089879713,0.28350996624907404,-0.07200167650402522,0.934328074611953
1980,SCP,one_step,5,0.22231182137057293,0.3420502400562212,-0.09832257953780643,0.6499390888719522
1981,ANC,one_step,5,0.21855410760545385,0.37252595527385945,-0.15297002187606212,0.5866815573824529
1981,DMF,one_step,5,0.6881607371094322,1.1911529485873469,0.3266340524142614,0.5777265949981986
1981,LPF,one_step,5,0.20103599312989268,0.28942809518099794,0.13404376538042037,0.694597367972076
1981,MPF,one_step,5,0.36559377737200655,0.4134866165541669,-0.021075256853769098,0.8841731817554817
1981,NTU,one_step,5,0.1793874931511817,0.2600483859450975,-0.0072610139783453095,0.6898235207237731
1981,SAR,one_step,5,0.363878730163249,0.28350996624907404,0.06347358456352893,1.2834777379345035
1981,SCP,one_step,5,0.22374126331758393,0.3420502400562212,-0.10308107522992233,0.654118129783533
1982,ANC,one_step,5,0.21860066807638842,0.37252595527385945,-0.1535009538083231,0.5868065432264603
1982,DMF,one_step,5,0.681805954920768,1.1911529485873469,0.30038209180644243,0.5723916107745515
1982,LPF,one_step,5,0.2020313296111639,0.28942809518099794,0.12140882488149654,0.6980363446914881
1982,MPF,one_step,5,0.3676516304158629,0.4134866165541669,-0.029804437078949152,0.8891500128340923
1982,NTU,one_step,5,0.16864842721718643,0.2600483859450975,-0.04637206492744035,0.6485271062316541
1982,SAR,one_step,5,0.3557156494287846,0.28350996624907404,0.02812245703847164,1.254684814558777
1982,SCP,one_step,5,0.2286208816879448,0.3420502400562212,-0.11157346553405013,0.6683839240994758
1983,ANC,one_step,5,0.2175561391723611,0.37252595527385945,-0.15401079414467073,0.5840026341585419
1983,DMF,one_step,5,0.6833744139635318,1.1911529485873469,0.3032918312801137,0.5737083678246213
1983,LPF,one_step,5,0.20506154077421593,0.28942809518099794,0.10736842222469449,0.7085059957499212
1983,MPF,one_step,5,0.3699971092850297,0.4134866165541669,-0.03614402126006011,0.8948224548800117
1983,NTU,one_step,5,0.16781188806648462,0.2600483859450975,-0.0756157330204377,0.6453102466166192
1983,SAR,one_step,5,0.3465172439080272,0.28350996624907404,-0.0023248338743877828,1.2222400802785145
1983,SCP,one_step,5,0.23858211320299466,0.3420502400562212,-0.12734244054089672,0.6975060539755213
1984,ANC,one_step,5,0.21791835600422296,0.37252595527385945,-0.15655686010666123,0.5849749605877047
1984,DMF,one_step,5,0.6831124025918127,1.1911529485873469,0.30948420203439686,0.5734884033170995
1984,LPF,one_step,5,0.20776894860702938,0.28942809518099794,0.1007733201488322,0.7178603323809948
1984,MPF,one_step,5,0.37621110549533954,0.4134866165541669,-0.0634462084906076,0.9098507434908857
1984,NTU,one_step,5,0.1710531314924837,0.2600483859450975,-0.09227520617965265,0.6577742479378325
1984,SAR,one_step,5,0.3327111304677198,0.28350996624907404,-0.04454118394390945,1.1735429793512822
1984,SCP,one_step,5,0.2589828252529659,0.3420502400562212,-0.15961402079833645,0.7571484972803939
1985,ANC,one_step,5,0.21760718025205367,0.37252595527385945,-0.1545215631271369,0.5841396476443675
1985,DMF,one_step,5,0.6764868939072687,1.1911529485873469,0.2881871873175051,0.5679261380409218
1985,LPF,one_step,5,0.21134424127405582,0.28942809518099794,0.07929486528177784,0.7302132888719346
1985,MPF,one_step,5,0.3822837837652998,0.4134866165541669,-0.08923068169481967,0.9245372606037431
1985,NTU,one_step,5,0.17215507073811598,0.2600483859450975,-0.10687574519712924,0.6620116872190934
1985,SAR,one_step,5,0.3279126382123483,0.28350996624907404,-0.053566602460899386,1.1566176757407705
1985,SCP,one_step,5,0.260596437351703,0.3420502400562212,-0.1629635476744686,0.7618659683117602
1986,ANC,one_step,5,0.2176144074394383,0.37252595527385945,-0.15207454713053573,0.5841590481378964
1986,DMF,one_step,5,0.6686427069005713,1.1911529485873469,0.26813372189721896,0.5613407645874118
1986,LPF,one_step,5,0.21258872504584853,0.28942809518099794,0.05983326679517735,0.7345130918023116
1986,MPF,one_step,5,0.3804888180371817,0.4134866165541669,-0.09388757735918621,0.9201962114469974
1986,NTU,one_step,5,0.14125709193219438,0.2600483859450975,-0.07792943445216823,0.5431954188787665
1986,SAR,one_step,5,0.3252312140374967,0.28350996624907404,-0.06013388872622243,1.1471597218976388
1986,SCP,one_step,5,0.2520557451028728,0.3420502400562212,-0.15303329683461414,0.736896851940357
1987,ANC,one_step,5,0.21777061838805062,0.37252595527385945,-0.14926771841784933,0.5845783771709498
1987,DMF,one_step,5,0.6591099746087611,1.1911529485873469,0.2524691829574206,0.553337818951324
1987,LPF,one_step,5,0.2232173337664177,0.28942809518099794,0.013048135430572127,0.7712358871961811
1987,MPF,one_step,5,0.3778361639668802,0.4134866165541669,-0.08194712633249175,0.9137808790901543
1987,NTU,one_step,5,0.1367209976044387,0.2600483859450975,-0.07508429919343299,0.525752148422501
1987,SAR,one_step,5,0.32283321917496977,0.28350996624907404,-0.06794739816520093,1.1387014835709472
1987,SCP,one_step,5,0.23919005936438606,0.3420502400562212,-0.13685960108027995,0.6992834132350602
1988,ANC,one_step,5,0.21854915052651752,0.37252595527385945,-0.1466785273204157,0.5866682507151827
1988,DMF,one_step,5,0.6507711131048097,1.1911529485873469,0.24221417513096993,0.5463371550031376
1988,LPF,one_step,5,0.22860469056671015,0.28942809518099794,-0.03813562299695472,0.7898496876184359
1988,MPF,one_step,5,0.43688367776779413,0.4134866165541669,-0.12079195999457752,1.0565848089802978
1988,NTU,one_step,5,0.20702098967584054,0.2600483859450975,-0.050602658950663536,0.7960864241608778
1988,SAR,one_step,5,0.3412302688843506,0.28350996624907404,-0.20469032963479242,1.2035917939638394
1988,SCP,one_step,5,0.2424314220289991,0.3420502400562212,-0.14296587064199667,0.7087596897729169
1989,ANC,one_step,5,0.21955707644932793,0.37252595527385945,-0.14570053959011275,0.5893739035926298
1989,DMF,one_step,5,0.646786762371551,1.1911529485873469,0.230757794366899,0.5429922019154724
1989,LPF,one_step,5,0.22467621631015228,0.28942809518099794,-0.061442279507503895,0.7762764570925564
1989,MPF,one_step,5,0.533745961372474,0.4134866165541669,-0.18775816401144416,1.290842169984849
1989,NTU,one_step,5,0.18010381781026963,0.2600483859450975,-0.007448767094498487,0.6925781029392504
1989,SAR,one_step,5,0.30157030876797364,0.28350996624907404,-0.23433282256702417,1.0637026724592564
1989,SCP,one_step,5,0.24519191187486944,0.3420502400562212,-0.16463064858259177,0.7168301119583146
1990,ANC,one_step,5,0.21774181664215045,0.37252595527385945,-0.14467156592621314,0.5845010624349095
1990,DMF,one_step,5,0.6417275566167007,1.1911529485873469,0.22939922484326558,0.5387448835833889
1990,LPF,one_step,5,0.22562586195268414,0.28942809518099794,-0.06056246589434533,0.7795575678704786
1990,MPF,one_step,5,0.4441834031822357,0.4134866165541669,-0.07155596610208148,1.0742388880295175
1990,NTU,one_step,5,0.15743472934063396,0.2600483859450975,-0.027371658867926873,0.6054055239315049
1990,SAR,one_step,5,0.33956142053827004,0.28350996624907404,-0.2309542718394653,1.1977054106096316
1990,SCP,one_step,5,0.23711161674147088,0.3420502400562212,-0.15351188971370167,0.6932069882555789
1991,ANC,one_step,5,0.21705255092077716,0.37252595527385945,-0.14266062308122923,0.5826508135821374
1991,DMF,one_step,5,0.6282804720856161,1.1911529485873469,0.20606672899798117,0.5274557501878563
1991,LPF,one_step,5,0.22848492884575267,0.28942809518099794,-0.04170863993596745,0.7894359001425428
1991,MPF,one_step,5,0.5258152288122349,0.4134866165541669,-0.14247370038597892,1.271662026679775
1991,NTU,one_step,5,0.12438558006321479,0.2600483859450975,0.03191487618687654,0.47831706246188965
1991,SAR,one_step,5,0.2997504368897472,0.28350996624907404,-0.0919951963370375,1.0572835969597107
1991,SCP,one_step,5,0.2556258689352844,0.3420502400562212,-0.16703973551747772,0.7473342772490624
1992,ANC,one_step,5,0.21920856630763189,0.37252595527385945,-0.14734145170905935,0.5884383710833853
1992,DMF,one_step,5,0.6194826091384479,1.1911529485873469,0.20190311389077686,0.5200697440854477
1992,LPF,one_step,5,0.22542624110579723,0.28942809518099794,-0.05583102929853787,0.7788678599595653
1992,MPF,one_step,5,0.4496727993208345,0.4134866165541669,-0.03163310999017286,1.0875147618276713
1992,NTU,one_step,5,0.14171090258682978,0.2600483859450975,0.06424872053440593,0.5449405197106217
1992,SAR,one_step,5,0.2817405389671385,0.28350996624907404,-0.16266892285279944,0.9937588533294064
1992,SCP,one_step,5,0.24798761953133558,0.3420502400562212,-0.1708734013043304,0.7250034950730484
1993,ANC,one_step,5,0.2191773152358664,0.37252595527385945,-0.14753190907183936,0.588354481434025
1993,DMF,one_step,5,0.6192793037063036,1.1911529485873469,0.19526280287046516,0.519899064549805
1993,LPF,one_step,5,0.22530838292158112,0.28942809518099794,-0.05668841051520244,0.77846064937366
1993,MPF,one_step,5,0.357088835140836,0.4134866165541669,0.06338308801075634,0.8636043364998665
1993,NTU,one_step,5,0.14321858874346344,0.2600483859450975,0.06670387027262918,0.5507382336674082
1993,SAR,one_step,5,0.28175108749734973,0.28350996624907404,-0.18161164051734272,0.9937960602408626
1993,SCP,one_step,5,0.260898337720174,0.3420502400562212,-0.18516113281964053,0.7627485882696395
1994,ANC,one_step,5,0.21906590919548066,0.37252595527385945,-0.14711221923532136,0.5880554256533242
1994,DMF,one_step,5,0.6192885747841013,1.1911529485873469,0.19475405472635904,0.5199068478305404
1994,LPF,one_step,5,0.22889360615402574,0.28942809518099794,-0.052654496955348275,0.7908479168578431
1994,MPF,one_step,5,0.4509242789725314,0.4134866165541669,-0.03677231879912553,1.0905414127556414
1994,NTU,one_step,5,0.14539495292264262,0.2600483859450975,0.07018783001699777,0.5591073076428901
1994,SAR,one_step,5,0.28527121925369947,0.28350996624907404,-0.19398665105358673,1.0062123142545123
1994,SCP,one_step,5,0.2581834933679829,0.3420502400562212,-0.18398700520557032,0.7548116128366011
1995,ANC,one_step,5,0.21873038583012788,0.37252595527385945,-0.14657657980833144,0.5871547545440962
1995,DMF,one_step,5,0.6225025429529795,1.1911529485873469,0.1967172733909344,0.5226050472286025
1995,LPF,one_step,5,0.23276120307620635,0.28942809518099794,-0.04255231054444346,0.8042108107391781
1995,MPF,one_step,5,0.45015983092398787,0.4134866165541669,-0.05133419590884207,1.08869262728608
1995,NTU,one_step,5,0.14800475870063512,0.2600483859450975,0.07504218093322994,0.5691431545046486
1995,SAR,one_step,5,0.28802642613522755,0.28350996624907404,-0.19753770112511043,1.0159305154097673
1995,SCP,one_step,5,0.2733258238282894,0.3420502400562212,-0.2021751772734665,0.7990809297001636
1996,ANC,one_step,5,0.21901474825657444,0.37252595527385945,-0.14550465296182588,0.5879180904202165
1996,DMF,one_step,5,0.6228901548569044,1.1911529485873469,0.2009006542143668,0.5229304562404212
1996,LPF,one_step,5,0.23681262557198815,0.28942809518099794,-0.03797590024935889,0.8182088384470555
1996,MPF,one_step,5,0.36657253175790006,0.4134866165541669,0.01773903701474113,0.8865402580929216
1996,NTU,one_step,5,0.151700504748629,0.2600483859450975,0.08105649599680016,0.5833549175754417
1996,SAR,one_step,5,0.28194097570298626,0.28350996624907404,-0.18683347988786497,0.9944658363624883
1996,SCP,one_step,5,0.278232877978535,0.3420502400562212,-0.21355876240206292,0.8134269338118376
1997,ANC,one_step,5,0.21888579055890062,0.37252595527385945,-0.14585701010045887,0.5875719193793852
1997,DMF,one_step,5,0.6222722293971749,1.1911529485873469,0.2004339043194157,0.522411693758691
1997,LPF,one_step,5,0.230184721621772,0.28942809518099794,-0.03425816998872135,0.7953088364756806
1997,MPF,one_step,5,0.3689715544627181,0.4134866165541669,0.0029383420506445823,0.8923421936544896
1997,NTU,one_step,5,0.1562618189424267,0.2600483859450975,0.08764521285543869,0.6008951694682594
1997,SAR,one_step,5,0.28001063887757643,0.28350996624907404,-0.18313307005307836,0.9876571274802265
1997,SCP,one_step,5,0.26731262474195366,0.3420502400562212,-0.20383557629124582,0.7815010587275621
1998,ANC,one_step,5,0.21793869337445376,0.37252595527385945,-0.14520532792163374,0.5850295537507927
1998,DMF,one_step,5,0.6286526395278251,1.1911529485873469,0.19109081803278055,0.5277681932226911
1998,LPF,one_step,5,0.22714322373974777,0.28942809518099794,-0.039463205775225954,0.7848001887919711
1998,MPF,one_step,5,0.37273591767909203,0.4134866165541669,-0.004658058773101903,0.9014461478471177
1998,NTU,one_step,5,0.1601981710479926,0.2600483859450975,0.09349948693036148,0.6160321682666176
1998,SAR,one_step,5,0.277692094411398,0.28350996624907404,-0.17919765984017547,0.9794791276135781
1998,SCP,one_step,5,0.28625161860845094,0.3420502400562212,-0.22654858696311053,0.836870100022152
1999,ANC,one_step,5,0.22020493422389018,0.37252595527385945,-0.1459453966861095,0.5911129979171741
1999,DMF,one_step,5,0.6215279899294359,1.1911529485873469,0.19754336812874013,0.5217868877934944
1999,LPF,one_step,5,0.22534814043953447,0.28942809518099794,-0.04504777763664878,0.7785980151602415
1999,MPF,one_step,5,0.45650680450770126,0.4134866165541669,-0.0937919767048788,1.1040425160844323
1999,NTU,one_step,5,0.1448984601349528,0.2600483859450975,0.09183197270323869,0.557198075305664
1999,SAR,one_step,5,0.2790602790384331,0.28350996624907404,-0.18026698920183912,0.9843050060302582
1999,SCP,one_step,5,0.31795824433840686,0.3420502400562212,-0.2638784335554839,0.9295659148964361
2000,ANC,one_step,5,0.21834815534472768,0.37252595527385945,-0.14348407151255574,0.5861287039293968
2000,DMF,one_step,5,0.6237637835607145,1.1911529485873469,0.1980093791978157,0.523663887413006
2000,LPF,one_step,5,0.2280943505633471,0.28942809518099794,-0.04774676959520381,0.788086417183187
2000,MPF,one_step,5,0.4580667281260893,0.4134866165541669,-0.12136076447866762,1.107815125779488
2000,NTU,one_step,5,0.15885139794332448,0.2600483859450975,0.09065831238856721,0.6108532355084944
2000,SAR,one_step,5,0.273062509169095,0.28350996624907404,-0.16948389331569988,0.9631495949923661
2000,SCP,one_step,5,0.3331855722137264,0.3420502400562212,-0.2786073560687661,0.9740837257093059
2001,ANC,one_step,5,0.2180942054316291,0.37252595527385945,-0.14420779076603685,0.5854470066959466
2001,DMF,one_step,5,0.6297177943847394,1.1911529485873469,0.2100179702037429,0.5286624149581765
2001,LPF,one_step,5,0.22505156951069716,0.28942809518099794,-0.04262638793459268,0.7775733360300008
2001,MPF,one_step,5,0.35382610568671957,0.4134866165541669,-0.22935555347401876,0.8557135624735951
2001,NTU,one_step,5,0.15686058941745012,0.2600483859450975,0.07863035978898994,0.6031977043324821
2001,SAR,one_step,5,0.2713959060991252,0.28350996624907404,-0.16631337826225234,0.957271131204939
2001,SCP,one_step,5,0.2978509501454172,0.3420502400562212,-0.241725685289971,0.8707812925272639
2002,ANC,one_step,5,0.21619642898047314,0.37252595527385945,-0.15643415596616342,0.5803526597805463
2002,DMF,one_step,5,0.6402649864042776,1.1911529485873469,0.22106995639814017,0.5375170226154439
2002,LPF,one_step,5,0.2213509633555329,0.28942809518099794,-0.0484749596579928,0.7647874102101524
2002,MPF,one_step,5,0.4629276045199677,0.4134866165541669,-0.14570470753048986,1.119570950996727
2002,NTU,one_step,5,0.12449343985392003,0.2600483859450975,0.07764027138487506,0.47873183062248886
2002,SAR,one_step,5,0.2707360698777086,0.28350996624907404,-0.16184753049137118,0.9549437483966856
2002,SCP,one_step,5,0.34075684398395156,0.3420502400562212,-0.28917752391977747,0.9962186956160094
2003,ANC,one_step,5,0.21943332356079787,0.37252595527385945,-0.16573918807600618,0.5890417042202689
2003,DMF,one_step,5,0.6311929115176488,1.1911529485873469,0.23773715359341108,0.529900809351322
2003,LPF,one_step,5,0.21429050382524548,0.28942809518099794,-0.05524340072105551,0.7403928899550539
2003,MPF,one_step,5,0.4849479424290347,0.4134866165541669,-0.19299652818325974,1.1728262125395934
2003,NTU,one_step,5,0.15291318784464913,0.2600483859450975,-0.026931785946561138,0.588018215490608
2003,SAR,one_step,5,0.266799377793495,0.28350996624907404,-0.15980217982479714,0.9410581974360006
2003,SCP,one_step,5,0.3498167523648895,0.3420502400562212,-0.2979072111380442,1.0227057648238802
2004,ANC,one_step,5,0.22052032791887372,0.37252595527385945,-0.15066492645566693,0.5919596334079862
2004,DMF,one_step,5,0.6604375271892817,1.1911529485873469,0.21247248436225888,0.5544523295455303
2004,LPF,one_step,5,0.23461866988980162,0.28942809518099794,-0.01570882308537804,0.8106285249988586
2004,MPF,one_step,5,0.4095630310889072,0.4134866165541669,-0.15938545500242798,0.990510973491821
2004,NTU,one_step,5,0.09368319367853688,0.2600483859450975,0.020887424350353512,0.3602529326919786
2004,SAR,one_step,5,0.2665585185564975,0.28350996624907404,-0.15877948075429324,0.9402086356368718
2004,SCP,one_step,5,0.2943048445270176,0.3420502400562212,-0.26940141483784147,0.8604140855993672
2005,ANC,one_step,5,0.2268903430752804,0.37252595527385945,-0.16288930705781599,0.6090591537668396
2005,DMF,one_step,5,0.7048265892014619,1.1911529485873469,0.17562877156335044,0.5917179569906234
2005,LPF,one_step,5,0.2229364038206349,0.28942809518099794,-0.012517312708358697,0.7702652490637388
2005,MPF,one_step,5,0.4288114191005842,0.4134866165541669,-0.41071884822669497,1.0370623907349845
2005,NTU,one_step,5,0.14978617933940258,0.2600483859450975,-0.07292637080737636,0.5759934974986773
2005,SAR,one_step,5,0.26616878807552813,0.28350996624907404,-0.15125503941951765,0.9388339732709394
2005,SCP,one_step,5,0.37143968151796825,0.3420502400562212,-0.23809467891039196,1.0859214174412404
2006,ANC,one_step,5,0.23717477137002857,0.37252595527385945,-0.19776145193792108,0.6366664336064086
2006,DMF,one_step,5,0.7052597688614468,1.1911529485873469,0.1359090139971755,0.5920816211703567
2006,LPF,one_step,5,0.21883711041146406,0.28942809518099794,-0.015390652181703147,0.7561018230611344
2006,MPF,one_step,5,0.45243345680021685,0.4134866165541669,-0.3198861651349397,1.0941912958891329
2006,NTU,one_step,5,0.21487544508167833,0.2600483859450975,-0.009032496266064217,0.8262902471044129
2006,SAR,one_step,5,0.26775362746005754,0.28350996624907404,-0.15641817976764932,0.9444240391352805
2006,SCP,one_step,5,0.22858431726201148,0.3420502400562212,-0.1588478455203387,0.6682770262767251
2007,ANC,one_step,5,0.2505622549776131,0.37252595527385945,-0.2505622549776131,0.672603482872527
2007,DMF,one_step,5,0.6829407454394929,1.1911529485873469,0.14208206165350487,0.5733442932323927
2007,LPF,one_step,5,0.21033954737151267,0.28942809518099794,-0.04798835151502345,0.7267419814236551
2007,MPF,one_step,5,0.408449502643796,0.4134866165541669,-0.24454274208469026,0.9878179517577903
2007,NTU,one_step,5,0.15299478590147103,0.2600483859450975,-0.09103522582893835,0.5883319957762473
2007,SAR,one_step,5,0.2704950003215927,0.28350996624907404,-0.1655597145150433,0.9540934447572569
2007,SCP,one_step,5,0.3616648295608066,0.3420502400562212,-0.24284646717424757,1.0573441769880396
2008,ANC,one_step,5,0.30264712167331054,0.37252595527385945,-0.30264712167331054,0.8124188862245101
2008,DMF,one_step,5,0.6895225682204328,1.1911529485873469,0.093245879607922,0.5788698831986061
2008,LPF,one_step,5,0.22556925913494702,0.28942809518099794,-0.028645259118451304,0.7793620000638988
2008,MPF,one_step,5,0.40785394399448094,0.4134866165541669,-0.3717726258495751,0.986377618200496
2008,NTU,one_step,5,0.1906863645141487,0.2600483859450975,-0.15186768779695176,0.7332726324031374
2008,SAR,one_step,5,0.2869219184351747,0.28350996624907404,-0.19843479209223908,1.012034681641855
2008,SCP,one_step,5,0.3531705976506102,0.3420502400562212,-0.26744895155527076,1.0325108896066297
2009,ANC,one_step,5,0.3004417535494929,0.37252595527385945,-0.3004417535494929,0.8064988473853467
2009,DMF,one_step,5,0.6771521714663504,1.1911529485873469,0.0881023510217661,0.5684846536873557
2009,LPF,one_step,5,0.24091145407118425,0.28942809518099794,-0.07159557885229506,0.832370658144044
2009,MPF,one_step,5,0.39678129842188115,0.4134866165541669,-0.35161928121205505,0.9595988903546595
2009,NTU,one_step,5,0.2224491234334795,0.2600483859450975,-0.20560051901508355,0.8554143592356074
2009,SAR,one_step,5,0.27205362845738784,0.28350996624907404,-0.15194101804069785,0.9595910579678832
2009,SCP,one_step,5,0.2909906437926036,0.3420502400562212,-0.21492408547796565,0.8507248635310848
2010,ANC,one_step,5,0.2693160837365741,0.37252595527385945,-0.2693160837365741,0.7229458241066413
2010,DMF,one_step,5,0.666749072350933,1.1911529485873469,0.11052357477709338,0.5597510153013238
2010,LPF,one_step,5,0.24457672684518297,0.28942809518099794,-0.09721691207611549,0.8450345039662908
2010,MPF,one_step,5,0.41999530565034177,0.4134866165541669,-0.28832780937454033,1.0157409909670492
2010,NTU,one_step,5,0.2337251032343713,0.2600483859450975,-0.22674506271630315,0.8987754428274602
2010,SAR,one_step,5,0.2756679159368486,0.28350996624907404,-0.12125015175772763,0.9723394192593007
2010,SCP,one_step,5,0.31751452130122726,0.3420502400562212,-0.20036921937037971,0.9282686696815031
